{
    "type": "FeatureCollection",
    "features": [
        {
            "type": "Feature",
            "geometry": {
                "type": "Polygon",
                "coordinates": [
                    [
                        [83.1453142301757, 28.747081084832583],
                        [83.14240046047712, 28.74014185743411],
                        [83.14254062588581, 28.73406573017251],
                        [83.14597979501681, 28.730473738109964],
                        [83.14414249735347, 28.726559568739653],
                        [83.14525321112917, 28.720807613679135],
                        [83.15037773795117, 28.71299197212146],
                        [83.14986585146322, 28.7045024938697],
                        [83.15241776276514, 28.701046849373636],
                        [83.14853078649674, 28.694837046618783],
                        [83.14384087855011, 28.693796882335544],
                        [83.14228717004622, 28.689697233227886],
                        [83.14616756077805, 28.681429489464495],
                        [83.13823894683081, 28.67502464195374],
                        [83.134722386105, 28.673644213097983],
                        [83.12739942945699, 28.674016816643157],
                        [83.12261027463326, 28.6766566875167],
                        [83.12005239500968, 28.675349830801057],
                        [83.11834197058012, 28.67063986023647],
                        [83.12489334316366, 28.663939763810266],
                        [83.12307328753879, 28.653991210702458],
                        [83.11897523962097, 28.649617672295026],
                        [83.11502622441537, 28.64257863151757],
                        [83.11596477073746, 28.633906690808487],
                        [83.11467175647735, 28.630769458362394],
                        [83.10873072753904, 28.631720842499732],
                        [83.0971007906647, 28.635192219974005],
                        [83.08419418324561, 28.63078573696708],
                        [83.08076143741935, 28.625540352872626],
                        [83.07467467006202, 28.62372130089931],
                        [83.06714100640421, 28.623401277317985],
                        [83.05740732364725, 28.6200494968632],
                        [83.05088765400478, 28.625765247739533],
                        [83.04270305234473, 28.629905742419805],
                        [83.0354188077121, 28.625656082153807],
                        [83.02464093560042, 28.626386474789424],
                        [83.01900947611146, 28.621660634683245],
                        [83.00986979947152, 28.623477702985824],
                        [83.00572806224535, 28.622639841342203],
                        [82.99792447410594, 28.62350045490617],
                        [82.99368104555909, 28.626785026754366],
                        [82.99025077861491, 28.625778253559954],
                        [82.98281743534599, 28.630721436494845],
                        [82.97685246507066, 28.628885451614806],
                        [82.97198978696099, 28.620477586297767],
                        [82.96695431734912, 28.61536604006304],
                        [82.9572180214239, 28.611431877110206],
                        [82.95688019705072, 28.60801406034549],
                        [82.95269599752012, 28.599164057923478],
                        [82.95452812120773, 28.592981651666584],
                        [82.95926189817398, 28.58771477069896],
                        [82.96217418240659, 28.581820167436035],
                        [82.97252291557734, 28.575167748058806],
                        [82.97937524500122, 28.57499161781988],
                        [82.98559063117621, 28.569829623764743],
                        [82.98546994976104, 28.563997530293918],
                        [82.98256360794946, 28.559969542962595],
                        [82.98008350663129, 28.550370572502505],
                        [82.97369721401691, 28.54226934219032],
                        [82.95994063442579, 28.551742701612838],
                        [82.9555719819327, 28.551341422807276],
                        [82.95140639491613, 28.55585919540321],
                        [82.94294736690102, 28.558105797707224],
                        [82.94050182372203, 28.561244784818797],
                        [82.92830148238785, 28.567054566662677],
                        [82.92034618211412, 28.566971203282833],
                        [82.91612486576875, 28.56437275226128],
                        [82.91564909977824, 28.558846876494005],
                        [82.91355482372602, 28.5555029021349],
                        [82.91470928509261, 28.552669865311277],
                        [82.91173119194931, 28.54277485281923],
                        [82.91339993984572, 28.537735276931166],
                        [82.91155597925936, 28.52928621103278],
                        [82.9139488155158, 28.527527845451107],
                        [82.9016518917433, 28.518969880834412],
                        [82.89501610361782, 28.51556171742772],
                        [82.87751866816564, 28.51474608906811],
                        [82.888276187059, 28.50656268962425],
                        [82.89229040372004, 28.49649635940651],
                        [82.90556130148741, 28.48359255508465],
                        [82.9114656204028, 28.480836021949475],
                        [82.91169551292363, 28.478336254294113],
                        [82.90641084019683, 28.47569291521076],
                        [82.90039977649901, 28.475676013705765],
                        [82.89363263274893, 28.478551397978936],
                        [82.88666461554614, 28.47960207130932],
                        [82.87919118724123, 28.47628338712266],
                        [82.87861163668444, 28.473328022958423],
                        [82.88270509745496, 28.46614780624558],
                        [82.8827496860063, 28.461212507729407],
                        [82.88650514588502, 28.456589675686907],
                        [82.88622970122559, 28.452396180366403],
                        [82.89391900591367, 28.447649543082466],
                        [82.89894388459943, 28.447884285610193],
                        [82.90594816206138, 28.442971277207064],
                        [82.91023596033666, 28.436387195571967],
                        [82.91412791343744, 28.43427307291805],
                        [82.91214099914497, 28.427625152068416],
                        [82.91404057806561, 28.42318058641974],
                        [82.91808613006222, 28.41814629516103],
                        [82.91909016975032, 28.409103950424587],
                        [82.91579997287705, 28.40339092215164],
                        [82.92258897712152, 28.4011957906008],
                        [82.92728107397879, 28.402157708639887],
                        [82.9357868053249, 28.40205747257919],
                        [82.93823748282804, 28.39845152642241],
                        [82.9435068990316, 28.398375176219538],
                        [82.94201754493342, 28.3947024274697],
                        [82.9457847243605, 28.39154414728903],
                        [82.947147812867, 28.3871964424146],
                        [82.95022427047851, 28.384138704546448],
                        [82.94800674240685, 28.378351200998488],
                        [82.95098792617807, 28.373934710833527],
                        [82.95459740984292, 28.372227735520074],
                        [82.95661741574635, 28.36437260800816],
                        [82.9546724482251, 28.360114467678667],
                        [82.96116995587586, 28.359697167217014],
                        [82.96726298879682, 28.35758914015202],
                        [82.97996661820035, 28.359351796683775],
                        [82.9888848498441, 28.353108627358793],
                        [82.99338377791472, 28.351350793211395],
                        [82.9970456407665, 28.34588022450767],
                        [83.00097698396593, 28.336303657857854],
                        [83.00325161498414, 28.333087611089137],
                        [83.0101778594597, 28.33364341547441],
                        [83.01352680702847, 28.332429140216288],
                        [83.01812637982214, 28.32571944775172],
                        [83.02394279679028, 28.325093468261965],
                        [83.03369067623089, 28.321645993154977],
                        [83.03994776100724, 28.322202225510175],
                        [83.04338243936328, 28.324581559535],
                        [83.05115244097448, 28.31893738199979],
                        [83.06109168902422, 28.317699958243793],
                        [83.0687235363847, 28.31128903459309],
                        [83.06866076040482, 28.30339081642489],
                        [83.07597395555241, 28.29740372411328],
                        [83.07901760193951, 28.291283703855154],
                        [83.08469768787481, 28.28936602833464],
                        [83.08963962073197, 28.281095045131778],
                        [83.09309116468812, 28.277476990738094],
                        [83.0967957951689, 28.277275940533787],
                        [83.09737653623748, 28.27371764892096],
                        [83.0953503394688, 28.268901432287542],
                        [83.09413892113986, 28.256977626178127],
                        [83.10095184557682, 28.255594605058455],
                        [83.10562103266908, 28.252191674464168],
                        [83.11141438450626, 28.25193172445909],
                        [83.11853052577939, 28.256487416624555],
                        [83.12588609565819, 28.25663164069573],
                        [83.1276507853157, 28.250723331246576],
                        [83.134981911343, 28.251444503398794],
                        [83.14850949633154, 28.265951636550003],
                        [83.15527674423697, 28.27071530672948],
                        [83.16134561906001, 28.267280837682986],
                        [83.16280206461724, 28.263262913243338],
                        [83.16752609311406, 28.258048960793726],
                        [83.17779089248643, 28.264874433786304],
                        [83.18123315821045, 28.26914078461892],
                        [83.18531234170143, 28.270110383739823],
                        [83.18896407173774, 28.26519607565109],
                        [83.19311773762988, 28.26328281270293],
                        [83.19798604802122, 28.258682244627988],
                        [83.20101672081536, 28.257748001238937],
                        [83.2053575566807, 28.25230487582552],
                        [83.21569737965844, 28.24775563695502],
                        [83.21568189860706, 28.24377606229499],
                        [83.21993869725654, 28.240768401619277],
                        [83.22178101867632, 28.23723925038998],
                        [83.22597499745613, 28.23506801253789],
                        [83.22817165582067, 28.231051288127475],
                        [83.2332008974029, 28.225660731295722],
                        [83.23366341094476, 28.221792090724275],
                        [83.24720800028304, 28.216865746304677],
                        [83.25168801498972, 28.214124564720823],
                        [83.25541367609522, 28.205815754438802],
                        [83.2584433062306, 28.203968719133833],
                        [83.25887931515379, 28.200469793352102],
                        [83.26683959311013, 28.198716888237175],
                        [83.27070020671032, 28.195132461839524],
                        [83.27057397538661, 28.19187863005205],
                        [83.27377281866089, 28.187489703661285],
                        [83.27794581568277, 28.190986012622744],
                        [83.28000137696627, 28.189690599126095],
                        [83.28736639401681, 28.19258526198484],
                        [83.29731867830967, 28.19279002153593],
                        [83.30141588268944, 28.195712318692813],
                        [83.30773955956589, 28.197587558461347],
                        [83.31055606172042, 28.194102730984273],
                        [83.31640491335375, 28.190328414568246],
                        [83.32488170972383, 28.190444971663066],
                        [83.33076225969089, 28.189039003292006],
                        [83.33805194977961, 28.19000846558254],
                        [83.34496463906042, 28.1935926832238],
                        [83.35036126953474, 28.19455236627434],
                        [83.35262840209971, 28.197753111103076],
                        [83.36254855606519, 28.19211902700053],
                        [83.36409421210257, 28.186353137390054],
                        [83.36904810451824, 28.18343410449048],
                        [83.36984741979265, 28.177869934916412],
                        [83.37602329943935, 28.173620791841593],
                        [83.38410628349308, 28.16377143746186],
                        [83.38879796556277, 28.16703215156974],
                        [83.39364613244354, 28.16035552062367],
                        [83.39466733493765, 28.155861445984133],
                        [83.4003068099624, 28.150440213059603],
                        [83.40601902016724, 28.14842560959582],
                        [83.40716567531834, 28.145481894901593],
                        [83.41113235864992, 28.144032588037206],
                        [83.41349747725843, 28.13774382117812],
                        [83.4184129661643, 28.13655781707173],
                        [83.42005084931306, 28.128140670263026],
                        [83.42649084168656, 28.125945531444398],
                        [83.43111522310178, 28.12905332073351],
                        [83.43863967609259, 28.13096363880302],
                        [83.4451296096627, 28.125029529540914],
                        [83.45102916781643, 28.12637537278905],
                        [83.45603389002127, 28.13171959096247],
                        [83.46249474741045, 28.12989966859162],
                        [83.46677944178637, 28.132073162690276],
                        [83.47359102435263, 28.13226868775264],
                        [83.47813614511985, 28.13007739543464],
                        [83.47598647702495, 28.121599944020005],
                        [83.47398579576908, 28.119047394768216],
                        [83.48367067578535, 28.116329543068787],
                        [83.48895227476653, 28.11338714135815],
                        [83.49443241995466, 28.116320023238618],
                        [83.49896567105068, 28.117182702411693],
                        [83.50570203198464, 28.125911077620337],
                        [83.51023346593706, 28.126942616497143],
                        [83.51561339990675, 28.122232940960824],
                        [83.52131861783364, 28.11996986032389],
                        [83.524646029455, 28.120841020070632],
                        [83.53212692406011, 28.116577898729446],
                        [83.5374657684395, 28.119849309963886],
                        [83.54418147375277, 28.120826076042395],
                        [83.55439593660014, 28.11669042389863],
                        [83.55500761411065, 28.10674308637463],
                        [83.56024170875537, 28.10446774958143],
                        [83.5649269664229, 28.100710538711272],
                        [83.56208690913826, 28.094458873709417],
                        [83.56704702736552, 28.089675948134264],
                        [83.5725273678617, 28.089027529525058],
                        [83.57552544425586, 28.087006385721004],
                        [83.5765606082423, 28.081229425001787],
                        [83.58056164750913, 28.077383774347776],
                        [83.57148227247323, 28.07257056924032],
                        [83.56850692596753, 28.06597118444888],
                        [83.56106116777788, 28.063131950876276],
                        [83.56390901240138, 28.05802639536076],
                        [83.56160305403029, 28.04945713659818],
                        [83.55904876286806, 28.043562819333147],
                        [83.56357707891446, 28.04110679959392],
                        [83.56144334786705, 28.03569213232692],
                        [83.564519718529, 28.034039143124602],
                        [83.5738056930514, 28.032461929820197],
                        [83.57782112460443, 28.034010727000037],
                        [83.5841777449515, 28.026000615268888],
                        [83.59046429166439, 28.025265904913756],
                        [83.59103485219362, 28.021533752101448],
                        [83.59669074658883, 28.020235145035922],
                        [83.59870270403802, 28.01509483029735],
                        [83.60480257286025, 28.011990019849055],
                        [83.60488649485858, 28.005921258086243],
                        [83.60299513463094, 28.002206752151228],
                        [83.60320308046313, 27.997223519902516],
                        [83.59328706194893, 27.989386075378654],
                        [83.5838740568253, 27.987018330253],
                        [83.58529738427987, 27.97978269592415],
                        [83.57998634761519, 27.979660561304666],
                        [83.57670133170159, 27.97427412413486],
                        [83.56839222277081, 27.975904284201437],
                        [83.5603397177118, 27.97382572230577],
                        [83.55421511160854, 27.976411830826077],
                        [83.54985756231088, 27.97674960651998],
                        [83.54612835767405, 27.971313603107152],
                        [83.54103460058867, 27.97136439441973],
                        [83.53429093499057, 27.96848998818581],
                        [83.53091646102986, 27.964715277825082],
                        [83.52641484331988, 27.96636037196555],
                        [83.52262552402686, 27.963899411182304],
                        [83.5091705485791, 27.968470350516363],
                        [83.50002979289181, 27.976949815515674],
                        [83.49299896172096, 27.97810404004567],
                        [83.48524229864297, 27.98201662736123],
                        [83.48084316934569, 27.980409517970863],
                        [83.47816425421908, 27.9752576935009],
                        [83.47535320862482, 27.974495719098392],
                        [83.46602561142326, 27.963495133977347],
                        [83.46227622278228, 27.954699686163277],
                        [83.45581462143292, 27.949774032791076],
                        [83.44399597874734, 27.945338626439632],
                        [83.44280474593788, 27.9430528782037],
                        [83.4451318922816, 27.93875761627659],
                        [83.44024811671862, 27.935148369041375],
                        [83.44798808420413, 27.92860751791443],
                        [83.4528529760661, 27.932793963630388],
                        [83.4603850611168, 27.934355625311248],
                        [83.46741104668081, 27.928620815228168],
                        [83.48376103672025, 27.922659171605847],
                        [83.48946421954741, 27.928623093544637],
                        [83.50117593078619, 27.927048355196295],
                        [83.50862110785499, 27.931048170101448],
                        [83.5035666975884, 27.935422758697527],
                        [83.50325231502593, 27.93800489395265],
                        [83.50894556126545, 27.94068980285044],
                        [83.51601142658033, 27.937576568207824],
                        [83.52293416399618, 27.929223680869576],
                        [83.52396962835995, 27.92408097559488],
                        [83.53051259459446, 27.932083415281607],
                        [83.52989118765655, 27.93794274902567],
                        [83.53540300900282, 27.938144192207005],
                        [83.53711151642679, 27.93559601245518],
                        [83.53621947183554, 27.931218332052644],
                        [83.53837693941222, 27.927742118263378],
                        [83.54510576109296, 27.92921071359974],
                        [83.54817849645937, 27.928063429129914],
                        [83.55267649205331, 27.929512991650864],
                        [83.55975137787166, 27.93482193374738],
                        [83.56448613107254, 27.934223311457774],
                        [83.56751060525573, 27.94032218120274],
                        [83.57090903600277, 27.942986054787568],
                        [83.5762924939796, 27.937181851986516],
                        [83.57348478402014, 27.931986278756828],
                        [83.57451049417197, 27.930189082398428],
                        [83.59284614618387, 27.93114021930846],
                        [83.59952840149403, 27.92361975298624],
                        [83.61067206906087, 27.925124978165673],
                        [83.61675289807053, 27.93057257979671],
                        [83.6196446474996, 27.926862460637704],
                        [83.62662919134466, 27.92472926251689],
                        [83.62156578958022, 27.919262240381894],
                        [83.6222762516994, 27.916367263421606],
                        [83.62687735927922, 27.914595184442316],
                        [83.63238618188318, 27.9147273193178],
                        [83.63135872239341, 27.91016484112513],
                        [83.63322498377272, 27.900035162645022],
                        [83.64040110656632, 27.902242510769128],
                        [83.64465355002474, 27.89849029147421],
                        [83.6490661949899, 27.90233701330115],
                        [83.65485966936437, 27.902435156779294],
                        [83.65757651530805, 27.90763341693664],
                        [83.66574799710176, 27.91973751148108],
                        [83.66990972518222, 27.924250855151524],
                        [83.67554334545375, 27.92744765595915],
                        [83.67909263990951, 27.92648361066942],
                        [83.68204719108567, 27.922887357222738],
                        [83.6795929332401, 27.920921058739058],
                        [83.68092932650966, 27.917339090670858],
                        [83.6859362660703, 27.918092789771677],
                        [83.6876043248042, 27.9228458838802],
                        [83.69009022472974, 27.923686284739148],
                        [83.69562809354207, 27.918225178394852],
                        [83.70064391857402, 27.918342183304436],
                        [83.71101138077262, 27.916561693663112],
                        [83.71719879739318, 27.920044475582685],
                        [83.720342651014, 27.918839321846324],
                        [83.72281360420219, 27.91402967055291],
                        [83.72723382596503, 27.910924958596585],
                        [83.73312732890491, 27.90877280759544],
                        [83.73487274231898, 27.904609024454498],
                        [83.74263591837992, 27.900145236770037],
                        [83.74462743495059, 27.9079056913632],
                        [83.75059721735003, 27.907034489808392],
                        [83.75497707528183, 27.903599368121203],
                        [83.75809757396439, 27.90461794902216],
                        [83.75635815073538, 27.909327996878254],
                        [83.76215360544512, 27.909915724752267],
                        [83.77494940637932, 27.903283766343957],
                        [83.78130056546517, 27.89626369470938],
                        [83.78473756348887, 27.889922446848793],
                        [83.78907744523814, 27.884920410101678],
                        [83.79785840010322, 27.88195762289162],
                        [83.80401241333983, 27.87486179080029],
                        [83.8074894139859, 27.87314969517182],
                        [83.81593920399644, 27.874117927670085],
                        [83.8199950325116, 27.877464627185113],
                        [83.8235520200871, 27.876426896946484],
                        [83.83132919775022, 27.871592577143435],
                        [83.83922507789913, 27.868650913260552],
                        [83.84539250728669, 27.86844809179755],
                        [83.84725273152596, 27.873472483335927],
                        [83.84405605354488, 27.87822506264771],
                        [83.84583786504393, 27.881805317344156],
                        [83.85043963011968, 27.881420056740915],
                        [83.85162643210668, 27.874388778561844],
                        [83.86027577821811, 27.874327920540555],
                        [83.86015722705997, 27.881130177291936],
                        [83.86206718439288, 27.882959612204296],
                        [83.87319013776688, 27.885564922579555],
                        [83.87743608157996, 27.88831905292325],
                        [83.88009655390587, 27.887538477485453],
                        [83.8808805541879, 27.88229577639051],
                        [83.88412955428316, 27.88249712157086],
                        [83.89226364642914, 27.886072990269785],
                        [83.89811648511298, 27.883167032315516],
                        [83.91001683034702, 27.880212862463484],
                        [83.91358391706973, 27.877072327522402],
                        [83.91041321311762, 27.874094296202813],
                        [83.91370833394716, 27.87106405896257],
                        [83.92049960773457, 27.871390763020866],
                        [83.9256182375806, 27.868241690399532],
                        [83.93208422839031, 27.87242803995117],
                        [83.93658914843016, 27.87753596324857],
                        [83.94092213761921, 27.877305489781946],
                        [83.94510882291294, 27.871373404701462],
                        [83.9514981969389, 27.86943774280234],
                        [83.95816604781328, 27.87297534233343],
                        [83.96837274056799, 27.87023681361044],
                        [83.97300841059432, 27.87139297091802],
                        [83.97545335699334, 27.867183389684737],
                        [83.98078355367959, 27.865541684554586],
                        [83.98899599629843, 27.866754205714418],
                        [83.9941643798052, 27.866197213187473],
                        [83.99771401607234, 27.86073957510761],
                        [83.9978055356511, 27.85603312619648],
                        [84.00081241329922, 27.854650048810527],
                        [84.00721224994723, 27.854573158584518],
                        [84.0158741570476, 27.85140926888593],
                        [84.0208465630526, 27.851043069101923],
                        [84.02153108771506, 27.854614568840454],
                        [84.01576655770022, 27.85704975735014],
                        [84.017251899268, 27.86127771358299],
                        [84.02268549105011, 27.861091941906903],
                        [84.02733652203224, 27.856605731721785],
                        [84.02711236265256, 27.85364562116387],
                        [84.02235672644524, 27.848421140652814],
                        [84.02220565919941, 27.84348002291154],
                        [84.02015104997223, 27.840815791486374],
                        [84.02490727856053, 27.83520606112685],
                        [84.02650998952635, 27.82961034124597],
                        [84.02461722274224, 27.81820096585147],
                        [84.01496564066362, 27.811654776511098],
                        [84.01225990011929, 27.801179426850155],
                        [84.00500741745047, 27.795595691957033],
                        [84.00032005603653, 27.78869623842889],
                        [83.99908750208785, 27.77465560829301],
                        [83.9940491506707, 27.766433832271677],
                        [83.99223433852525, 27.753559651492544],
                        [83.99422217654823, 27.7514614340309],
                        [83.98579768143695, 27.7480222983869],
                        [83.98124495275836, 27.749201807019087],
                        [83.97664653760384, 27.74751113753441],
                        [83.97094937629996, 27.749752782393035],
                        [83.96462371133923, 27.7470663613571],
                        [83.960391313516, 27.748272248761875],
                        [83.95187348343669, 27.746606764162575],
                        [83.94485602967576, 27.744171934670415],
                        [83.92813520821136, 27.73413526305758],
                        [83.9248710263986, 27.730622778051174],
                        [83.92406102279521, 27.726786735899157],
                        [83.91889634594219, 27.72952059614987],
                        [83.91586177199113, 27.728392960917926],
                        [83.9130147247235, 27.731049052719005],
                        [83.9063693496062, 27.731561402839912],
                        [83.9019017207476, 27.730283509621557],
                        [83.8984004684778, 27.731849125400533],
                        [83.88864530256727, 27.73017643458028],
                        [83.88733993748139, 27.73219698294579],
                        [83.87557067160182, 27.73327445070063],
                        [83.8689775246466, 27.73464691033777],
                        [83.85978175662558, 27.734419036365722],
                        [83.85159455809614, 27.733235014503656],
                        [83.8451932512153, 27.73503525172455],
                        [83.8417842219137, 27.73110098988113],
                        [83.84402775324367, 27.727035516552924],
                        [83.8446380847212, 27.715685050156548],
                        [83.84874361850613, 27.711580922424663],
                        [83.8461660662021, 27.709461758962263],
                        [83.83870659535539, 27.710856642284533],
                        [83.83349210431732, 27.713961842687652],
                        [83.82517577430335, 27.714071139514708],
                        [83.82095096743838, 27.710649819704138],
                        [83.81559069074342, 27.71346310719848],
                        [83.81081424772188, 27.71427789697999],
                        [83.8013231881945, 27.72128830348143],
                        [83.79222395320431, 27.721836737696005],
                        [83.78651303520643, 27.72466639126835],
                        [83.78221472670468, 27.725018480326792],
                        [83.76291274329539, 27.721604611646157],
                        [83.7592275964121, 27.722293180033443],
                        [83.75625865993116, 27.72014232865635],
                        [83.7510263421158, 27.720952047008808],
                        [83.74509023360253, 27.719102372234662],
                        [83.73931339705092, 27.715005589625154],
                        [83.73220630027937, 27.71414593141396],
                        [83.729378205212, 27.709539927726347],
                        [83.72314984029671, 27.709996913546465],
                        [83.71512549586512, 27.71524894000571],
                        [83.69428831894325, 27.716253650337354],
                        [83.69152770066918, 27.71873619649844],
                        [83.68186657290748, 27.720889290170504],
                        [83.68267726829723, 27.71815661028333],
                        [83.68986122682911, 27.706463026638385],
                        [83.6896572290587, 27.698148337345398],
                        [83.7008256823623, 27.68827477612309],
                        [83.70435139771396, 27.682064140832598],
                        [83.6992600655954, 27.676213963167275],
                        [83.69873969589074, 27.669940459615606],
                        [83.69612536634412, 27.663059975235228],
                        [83.70578809640013, 27.65887294057029],
                        [83.71579061073489, 27.66339050075969],
                        [83.72034212672992, 27.669863925053274],
                        [83.72507213352442, 27.672427455532368],
                        [83.73315367995524, 27.669248367736333],
                        [83.74064442274663, 27.669661947009384],
                        [83.74467512945608, 27.66679501809929],
                        [83.75817625515502, 27.66739229950851],
                        [83.75986618710425, 27.66254201286419],
                        [83.76304891404509, 27.661200496314876],
                        [83.76821180763463, 27.666538469822267],
                        [83.7753556121423, 27.66617573987983],
                        [83.78399182142424, 27.666893434928376],
                        [83.79960251874199, 27.66548192976771],
                        [83.80614169799145, 27.662837833086552],
                        [83.81173802473836, 27.662337840562458],
                        [83.80987722679347, 27.655133335395078],
                        [83.81236381394139, 27.652918823686935],
                        [83.80984586413788, 27.64837350670334],
                        [83.80683465240033, 27.647771450899018],
                        [83.80959340818468, 27.635198813125474],
                        [83.80248066193802, 27.63231664963103],
                        [83.80092605257137, 27.629397013259073],
                        [83.8048522736129, 27.62332874585042],
                        [83.80503979865985, 27.620783915877446],
                        [83.79867476727985, 27.620971111756244],
                        [83.79712883225247, 27.618633673085625],
                        [83.79984909040773, 27.612491456425982],
                        [83.79418446225257, 27.609694431914512],
                        [83.79044880258084, 27.605034105210326],
                        [83.80101688224643, 27.596123822817788],
                        [83.8061014387754, 27.59688683339331],
                        [83.80985562855969, 27.593577563720086],
                        [83.80806583834632, 27.588672165235874],
                        [83.81394054420285, 27.5892554543265],
                        [83.82001642161845, 27.59246744806131],
                        [83.82360938971536, 27.592020794302442],
                        [83.83100880896343, 27.587289584450016],
                        [83.83606660395888, 27.58572524213353],
                        [83.84092374692653, 27.57413136089092],
                        [83.83942049213415, 27.571893538712157],
                        [83.83151479184072, 27.565645540340412],
                        [83.83253577142587, 27.55976008458593],
                        [83.83719581292716, 27.551503087782127],
                        [83.8367005458734, 27.546204681479804],
                        [83.84175550050534, 27.54922267594303],
                        [83.84150277185861, 27.556214668280678],
                        [83.84691878267311, 27.560334007358257],
                        [83.85057700916694, 27.558977436449762],
                        [83.85377893491832, 27.550625737392632],
                        [83.85831211408068, 27.545752309310924],
                        [83.8696006264197, 27.54181933914929],
                        [83.87546685721559, 27.534812122634168],
                        [83.87871066169687, 27.532355582099],
                        [83.88197232892136, 27.527198221556016],
                        [83.88262631846183, 27.523302081897295],
                        [83.87819996614098, 27.52032453032417],
                        [83.87556469625734, 27.51058161462684],
                        [83.88072637840047, 27.507673269509482],
                        [83.88676962161503, 27.508463479885727],
                        [83.89176494655885, 27.505780173978124],
                        [83.897135341344, 27.500211133148568],
                        [83.8902448499857, 27.498748281915088],
                        [83.88625469410621, 27.4955320705098],
                        [83.88354010677352, 27.496120976234696],
                        [83.88018387391381, 27.492476438227044],
                        [83.87464135496165, 27.48964666893935],
                        [83.87795338111978, 27.484911270931413],
                        [83.8850078331203, 27.480952985484087],
                        [83.88646074184082, 27.47258994716454],
                        [83.883621038461, 27.463977363209192],
                        [83.88968590246766, 27.461640292620938],
                        [83.88699307647941, 27.455067653699462],
                        [83.88763059657906, 27.446496370064168],
                        [83.88898260085631, 27.443478474024964],
                        [83.89544104216846, 27.437745590244823],
                        [83.9086588669334, 27.439909665190466],
                        [83.91646658897935, 27.44254317471896],
                        [83.93110744231704, 27.449557148979643],
                        [83.93489978805697, 27.45082703130072],
                        [83.93923912702779, 27.455100215663787],
                        [83.94448615741432, 27.46577040309536],
                        [83.94353869324694, 27.473504757013036],
                        [83.9384311432988, 27.4883559687377],
                        [83.94103043870588, 27.49383095583783],
                        [83.9576673481518, 27.500344255731125],
                        [83.96641325639742, 27.506188243178155],
                        [83.9686099580254, 27.50969058815388],
                        [83.96927780591217, 27.51603328004363],
                        [83.96476682784117, 27.523182441127382],
                        [83.95641948701497, 27.527054213313708],
                        [83.95081655770132, 27.526438617688477],
                        [83.94754424249584, 27.52008588700351],
                        [83.94181177853615, 27.51571087709698],
                        [83.93526938127327, 27.513467414078065],
                        [83.92999078044625, 27.51302037154192],
                        [83.92552846596459, 27.51470802506232],
                        [83.92189244606058, 27.518045418325045],
                        [83.92200873275605, 27.524888868338383],
                        [83.91993772926922, 27.526365577230973],
                        [83.91865601995569, 27.53300746038102],
                        [83.91988519665132, 27.54110831469433],
                        [83.92433447326353, 27.544565198762395],
                        [83.932228283049, 27.545302568255327],
                        [83.93930209356004, 27.54206128346285],
                        [83.94784736996483, 27.54010403140438],
                        [83.95477619215212, 27.54353151921706],
                        [83.95764040323998, 27.548374442054214],
                        [83.96907996351894, 27.550514116556414],
                        [83.97453269384177, 27.549556350338523],
                        [83.98129269265209, 27.54519378659174],
                        [83.99189606826846, 27.543400989470314],
                        [83.99781174203922, 27.545375467223344],
                        [84.00798579079095, 27.54394250617095],
                        [84.01424716484034, 27.539803976535072],
                        [84.02526687902167, 27.537074520355777],
                        [84.03637168172067, 27.538692050244208],
                        [84.04167065912971, 27.545272230951458],
                        [84.04303630505467, 27.550777195116773],
                        [84.04562702120064, 27.554057066453964],
                        [84.05238969722062, 27.556486956055405],
                        [84.06431027628402, 27.55132179535661],
                        [84.06690211124365, 27.551737985965875],
                        [84.07075392495875, 27.557358792123367],
                        [84.07454525315521, 27.559491285602057],
                        [84.08335311908318, 27.5576090320549],
                        [84.09015258580379, 27.554644530926765],
                        [84.10056827877519, 27.553829644105544],
                        [84.107186254282, 27.55169244088368],
                        [84.1145966752934, 27.553270479712534],
                        [84.11928330392568, 27.556330591326862],
                        [84.11968311414617, 27.55996514635598],
                        [84.12553002803477, 27.566045318252787],
                        [84.1260781632035, 27.5712929187686],
                        [84.12900041464646, 27.57678653387471],
                        [84.13515112990774, 27.584512999760115],
                        [84.14154238093394, 27.588800404346316],
                        [84.14965938034655, 27.597327392675876],
                        [84.15967636107864, 27.60355036826129],
                        [84.16786388381372, 27.61038176014582],
                        [84.17450110435063, 27.617674897886747],
                        [84.19071167011005, 27.628402505990625],
                        [84.19486258356416, 27.6301092309852],
                        [84.20579677515435, 27.638340104357763],
                        [84.21805841535807, 27.643528897401616],
                        [84.2304812724928, 27.64607186689384],
                        [84.24093751727277, 27.651778271848183],
                        [84.25064474188162, 27.65410978109394],
                        [84.25609276762584, 27.650977212909446],
                        [84.27011129481923, 27.662491340706875],
                        [84.27553036647357, 27.663505023731595],
                        [84.29225460695042, 27.66829011285449],
                        [84.29688850815522, 27.67048011571035],
                        [84.3205333939703, 27.68436656225145],
                        [84.32369983086734, 27.688294073497456],
                        [84.32394896744528, 27.692187789708424],
                        [84.32981710027214, 27.696490123880103],
                        [84.33724768780061, 27.69889990135971],
                        [84.34300135952448, 27.7019880918561],
                        [84.34855578486247, 27.70310914390498],
                        [84.35456171360036, 27.701121918532458],
                        [84.36249971015137, 27.69552398776819],
                        [84.36380351895913, 27.690272543547557],
                        [84.36956124223862, 27.684691136951635],
                        [84.37799887765405, 27.681245708865422],
                        [84.40808206934716, 27.696380899051455],
                        [84.42783760510875, 27.703683313907014],
                        [84.43054957690006, 27.705811479845245],
                        [84.43063141512363, 27.713119199895843],
                        [84.42732266016543, 27.722619104869896],
                        [84.4256243481759, 27.73055267759551],
                        [84.42192493337804, 27.741258467620668],
                        [84.42745492467989, 27.7423876440723],
                        [84.43294840657353, 27.74114540702769],
                        [84.43849935941181, 27.744011364845246],
                        [84.4477349228675, 27.75714677197213],
                        [84.44974155616107, 27.758983577609143],
                        [84.45698402096211, 27.7594652143487],
                        [84.46463307118262, 27.753129096329378],
                        [84.46850889492812, 27.751809716056787],
                        [84.4718647780865, 27.75402063415623],
                        [84.47044282636844, 27.76085274713106],
                        [84.46725112256435, 27.76712450651978],
                        [84.45989501904789, 27.774107259022752],
                        [84.4482841007941, 27.778366749871232],
                        [84.43921936902241, 27.778400411123773],
                        [84.43400959545129, 27.782852552037486],
                        [84.4298670496997, 27.790617785439377],
                        [84.43053472537952, 27.80199814804011],
                        [84.43209336890638, 27.812283748470236],
                        [84.43522289230583, 27.815197975404317],
                        [84.44098889236892, 27.817406495827214],
                        [84.44568508593335, 27.82309499784207],
                        [84.45401778342544, 27.820362754608897],
                        [84.46481037825856, 27.818860316004614],
                        [84.4652879586499, 27.824038921101092],
                        [84.47422446650504, 27.823552798892116],
                        [84.4804152465276, 27.821532392809058],
                        [84.4884577543681, 27.820809278393867],
                        [84.49267697333227, 27.819343540226406],
                        [84.49587520490935, 27.820787338758958],
                        [84.50285923768617, 27.819629494204946],
                        [84.5125872187212, 27.8154197829975],
                        [84.51790492182118, 27.816697255291846],
                        [84.52038386170548, 27.821825271929836],
                        [84.52064900308828, 27.8313858537263],
                        [84.52491826853657, 27.833339311109974],
                        [84.54099350528612, 27.83332007666376],
                        [84.54557018038315, 27.83168673565767],
                        [84.55505845891997, 27.835739278220796],
                        [84.55663150664991, 27.8383839403206],
                        [84.5580993733469, 27.847468085730366],
                        [84.556865408576, 27.853614262798633],
                        [84.5586699544665, 27.857889157070893],
                        [84.56731103454473, 27.85886014993976],
                        [84.57687640107017, 27.864176580368362],
                        [84.57682989395805, 27.870854916040123],
                        [84.58041984301359, 27.87431885067232],
                        [84.58984835187728, 27.879664212376877],
                        [84.59592324139955, 27.87622680970522],
                        [84.60156874428392, 27.876035357063923],
                        [84.60478189743672, 27.872176820049578],
                        [84.61295880037716, 27.87261904025661],
                        [84.61411395268607, 27.875871766859518],
                        [84.61975991962626, 27.880458009725885],
                        [84.62474027447506, 27.87957823512516],
                        [84.62725830340744, 27.877145994430442],
                        [84.62837665855034, 27.87098619172449],
                        [84.63369049694249, 27.868825286808775],
                        [84.63361481099378, 27.863234975094787],
                        [84.63585226774397, 27.860016426378532],
                        [84.64619800660442, 27.86055042540282],
                        [84.64975489352915, 27.858259564120814],
                        [84.64676392130174, 27.855058678341006],
                        [84.64901498588111, 27.85262499627722],
                        [84.6547171071297, 27.85236117628115],
                        [84.6605980847933, 27.84893764420554],
                        [84.66386876320372, 27.8405178918408],
                        [84.66117380663178, 27.828661350451046],
                        [84.66733591872837, 27.82300714723617],
                        [84.6679158746504, 27.81846500279436],
                        [84.67674775661911, 27.815791325976637],
                        [84.6849422210908, 27.810266270698726],
                        [84.69296804693285, 27.809382482879],
                        [84.70701586209303, 27.806707705650936],
                        [84.70784359048189, 27.802489035098933],
                        [84.71370929161034, 27.800410318876402],
                        [84.71910394897783, 27.803407764198486],
                        [84.72184088480994, 27.80109445422202],
                        [84.72715882699264, 27.799961082119097],
                        [84.73175105806733, 27.795611861634008],
                        [84.73663115505802, 27.798742223617324],
                        [84.7384563062173, 27.803858419690787],
                        [84.75039550659284, 27.80511613099176],
                        [84.75614147396337, 27.80893600757951],
                        [84.75653006541022, 27.81402362037998],
                        [84.76452628421269, 27.81848503982435],
                        [84.76931972040147, 27.815060739893095],
                        [84.7691662678437, 27.810826866345074],
                        [84.77472845365608, 27.808462983991745],
                        [84.78181867144328, 27.81570120233875],
                        [84.77730390122152, 27.818456566909123],
                        [84.77360058591927, 27.82412443454062],
                        [84.77299911780307, 27.829398014131325],
                        [84.77584067860546, 27.835268284423233],
                        [84.77024058415401, 27.83947337566636],
                        [84.76744299157437, 27.843714636283202],
                        [84.76792157370483, 27.851653368367714],
                        [84.76523276270689, 27.853710138897693],
                        [84.76361559374246, 27.860015857650446],
                        [84.75922731675489, 27.859315910468542],
                        [84.75411549645122, 27.865284226302624],
                        [84.75497560691949, 27.86942174394508],
                        [84.75242170304276, 27.8750375099318],
                        [84.74580190687286, 27.880456537870803],
                        [84.74872089297263, 27.886423863269417],
                        [84.73656197175494, 27.891161734132076],
                        [84.73750916033593, 27.89697066582667],
                        [84.73310871401758, 27.907378907043924],
                        [84.7349817343867, 27.915366721147063],
                        [84.73299174187183, 27.92750378376795],
                        [84.73432186877645, 27.93385660967026],
                        [84.73943118620346, 27.936976476256138],
                        [84.73969494761883, 27.94362369586573],
                        [84.74194740792333, 27.949064494091903],
                        [84.74545141997478, 27.953025321292436],
                        [84.74642775744778, 27.96052141332549],
                        [84.7543835352883, 27.962301011041347],
                        [84.76059379439332, 27.967146615883344],
                        [84.7690329830334, 27.967221563147383],
                        [84.77460353008183, 27.971316599920527],
                        [84.77134424121913, 27.97591244401],
                        [84.7771668637287, 27.97778831063239],
                        [84.77870932982016, 27.98149531595554],
                        [84.78394872103686, 27.983222998201253],
                        [84.78766629150176, 27.98900885191703],
                        [84.78795093371724, 27.99521586124142],
                        [84.7906481991725, 27.998162516292226],
                        [84.79678894708364, 27.998068440634473],
                        [84.79729847741339, 28.002293318041062],
                        [84.80373459933912, 28.000351725614404],
                        [84.8112116129139, 28.00286843756258],
                        [84.81316596785861, 28.00925495872827],
                        [84.81003778711546, 28.013808057551216],
                        [84.80996138881436, 28.01828896704285],
                        [84.81299002246125, 28.022386086162555],
                        [84.81249877065446, 28.031446950439033],
                        [84.80935049777713, 28.034583364278255],
                        [84.80938311042341, 28.037913128101945],
                        [84.8120125914572, 28.042881100051588],
                        [84.8183839467657, 28.04797118587127],
                        [84.81836844085244, 28.054245245773547],
                        [84.82052973429097, 28.056298910208323],
                        [84.82080755254293, 28.06307430484335],
                        [84.82427888930133, 28.06663604251597],
                        [84.83139356032866, 28.084435871317893],
                        [84.83169197534652, 28.08949198396148],
                        [84.83689930147371, 28.09441906489042],
                        [84.83703201404566, 28.104067073052853],
                        [84.84234097914937, 28.110640133403976],
                        [84.84425928305986, 28.116636000571184],
                        [84.84947973564599, 28.118462736060724],
                        [84.85457471864778, 28.122584325706836],
                        [84.85892456996986, 28.11999657028489],
                        [84.86290294586898, 28.121501189908273],
                        [84.8692504364257, 28.120394021866847],
                        [84.87136577807324, 28.117587685411184],
                        [84.88087792879392, 28.112692349097447],
                        [84.8852640008561, 28.105435888779752],
                        [84.89233180410143, 28.099894570263174],
                        [84.89996920663928, 28.10653366455963],
                        [84.91617875803234, 28.102674660354733],
                        [84.92116140262668, 28.105795026768167],
                        [84.92065006526713, 28.115932355274843],
                        [84.92869927041326, 28.126244188033724],
                        [84.93532132025862, 28.126551085690256],
                        [84.94081356292808, 28.124893702114452],
                        [84.94235884588763, 28.122500819813702],
                        [84.94830250352952, 28.124826336262178],
                        [84.95171325237429, 28.124139455009324],
                        [84.95704616554846, 28.12714783766245],
                        [84.95836609706926, 28.133707894341388],
                        [84.95690542520401, 28.139087260068653],
                        [84.95408195837773, 28.143420321839553],
                        [84.95780543024553, 28.147786616830185],
                        [84.95712679228949, 28.15547285093484],
                        [84.96080726892458, 28.15987770369729],
                        [84.96179206777887, 28.168883284114855],
                        [84.96525987927683, 28.173625665827252],
                        [84.96395840783227, 28.177397615811607],
                        [84.96785834423248, 28.18520497866418],
                        [84.97323485780666, 28.189051598578953],
                        [84.97101461046175, 28.193845379744932],
                        [84.9705121906392, 28.199039777029146],
                        [84.96196322039451, 28.212671778584454],
                        [84.96903038506424, 28.22219822713873],
                        [84.97694417114127, 28.226646960978087],
                        [84.98244195737803, 28.234433289720563],
                        [84.9843256221811, 28.23541010979135],
                        [84.98948464877485, 28.242810530559538],
                        [84.99901215793876, 28.244397112250276],
                        [85.00257285498797, 28.24800297295177],
                        [85.00065832849597, 28.252294178251315],
                        [85.00578857414543, 28.2555433479487],
                        [85.0095856893984, 28.25572064690102],
                        [85.02128521913221, 28.260237939727574],
                        [85.02682426881638, 28.261446300596184],
                        [85.03111869798056, 28.27282634785352],
                        [85.03170747942158, 28.279187972159704],
                        [85.03787506832074, 28.291814625924307],
                        [85.03696448672785, 28.295419660082256],
                        [85.03260991908627, 28.302130042966812],
                        [85.03997763299644, 28.310355364215724],
                        [85.0420174506078, 28.317678114448842],
                        [85.04653954392032, 28.325791584913564],
                        [85.05287517530296, 28.32693846427482],
                        [85.06593788943164, 28.337491298501817],
                        [85.06725280141103, 28.339209041093273],
                        [85.08043133773626, 28.34580736043565],
                        [85.0882502848384, 28.346295639069353],
                        [85.09503729114131, 28.344666715049417],
                        [85.10783741922509, 28.34652814279487],
                        [85.11289726100036, 28.35713439892912],
                        [85.114482230705, 28.365928131595787],
                        [85.11622117842414, 28.369121623370454],
                        [85.12077077426146, 28.37128369480212],
                        [85.12213007903624, 28.374726157547293],
                        [85.1210401162745, 28.379616697229228],
                        [85.12244751624253, 28.387010866008268],
                        [85.12630897639133, 28.390949202198946],
                        [85.12476092741645, 28.39684283128078],
                        [85.11989292982351, 28.400668151668164],
                        [85.11639727337628, 28.406207777947458],
                        [85.1157997078068, 28.409925744826182],
                        [85.11735649551701, 28.415741870437085],
                        [85.11406296921804, 28.42547774700922],
                        [85.11255818496225, 28.433288327338925],
                        [85.11418237499495, 28.44314415293111],
                        [85.10747972800907, 28.44504180244313],
                        [85.10180034019898, 28.44871749799577],
                        [85.09939117096793, 28.45682609845476],
                        [85.10418608548422, 28.4600198927652],
                        [85.11250584979433, 28.471323453091703],
                        [85.11287051104699, 28.478717103013253],
                        [85.11656439929436, 28.481233689518927],
                        [85.11772372365265, 28.485013742864997],
                        [85.12437340087635, 28.487780919997054],
                        [85.13383481197725, 28.48555259860529],
                        [85.14549300173739, 28.485768406475977],
                        [85.15277373795895, 28.49050485477852],
                        [85.15656295617539, 28.497251185748297],
                        [85.15673261102351, 28.508943506564645],
                        [85.1619927750818, 28.51495530445606],
                        [85.16297093093385, 28.518973396131532],
                        [85.16598428960408, 28.521268740005347],
                        [85.16491663283372, 28.526254021583387],
                        [85.16600592111418, 28.53204870247167],
                        [85.16881420253146, 28.533427689650605],
                        [85.17817547291237, 28.532545933461474],
                        [85.18534400496691, 28.5330520126197],
                        [85.18629765708774, 28.540146949587143],
                        [85.18866018032611, 28.544549717575553],
                        [85.18825252637107, 28.553862618082228],
                        [85.1846889855173, 28.5602300428908],
                        [85.19143932549034, 28.56898180589186],
                        [85.18428933168096, 28.575022009556918],
                        [85.18124614504832, 28.57921482702942],
                        [85.18243402175082, 28.583174489423037],
                        [85.18109147404805, 28.587724679181438],
                        [85.1751111119068, 28.592127926252132],
                        [85.17354563957122, 28.597410795728496],
                        [85.1784877584442, 28.59893555698193],
                        [85.18308631145797, 28.602633301560022],
                        [85.1891808722396, 28.605458278309527],
                        [85.18959092093824, 28.60918107246434],
                        [85.19309125942824, 28.61221354712088],
                        [85.19475910040734, 28.617792946159483],
                        [85.197213392076, 28.62080071676575],
                        [85.19789804378821, 28.626668447462546],
                        [85.1907495920779, 28.63082775778715],
                        [85.1846939324828, 28.63222752612652],
                        [85.18836862407942, 28.640796251368318],
                        [85.18105489454959, 28.644424231843914],
                        [85.17618503505216, 28.6448726690694],
                        [85.16343234811573, 28.64276538707552],
                        [85.15897205540892, 28.643372067205032],
                        [85.154247754645, 28.64871781240318],
                        [85.14502293711851, 28.656479010109383],
                        [85.14554532986224, 28.66095436369204],
                        [85.13968775762734, 28.6656347122643],
                        [85.13432180240763, 28.66774605323649],
                        [85.13247149923934, 28.67560912023569],
                        [85.11526005435812, 28.686511706468266],
                        [85.11028429106952, 28.6833247216285],
                        [85.10176459020562, 28.681758902052458],
                        [85.0939084734206, 28.678060100518955],
                        [85.08868894083339, 28.671603470010933],
                        [85.08030450192223, 28.67150820768979],
                        [85.07261570370021, 28.677686888642352],
                        [85.06837691469855, 28.67959939146362],
                        [85.06165998229457, 28.680430511259537],
                        [85.0584746143703, 28.682393090877202],
                        [85.05359112451904, 28.680376250890717],
                        [85.05446251355401, 28.677353540173257],
                        [85.05114700486197, 28.66961280953181],
                        [85.04130640436316, 28.668644477421847],
                        [85.04022072591547, 28.65796292617363],
                        [85.03182512841684, 28.656621778097392],
                        [85.02613489781245, 28.65063084663021],
                        [85.02288774549476, 28.64890269702839],
                        [85.01700680606083, 28.639416455203882],
                        [85.00880070584637, 28.637052840374334],
                        [85.00032071041802, 28.623163764766403],
                        [84.98871530355069, 28.612870122206914],
                        [84.98572210196802, 28.60618773918896],
                        [84.98786113236723, 28.60319679722535],
                        [84.99269216025509, 28.60095764562495],
                        [84.98758774526635, 28.59411705237408],
                        [84.9807222479437, 28.59028240733702],
                        [84.97516406055372, 28.589936716739896],
                        [84.97173265376922, 28.58670626328831],
                        [84.96465834827937, 28.586756699709127],
                        [84.94889497338589, 28.580294575677602],
                        [84.94522833336015, 28.594639899322573],
                        [84.93868349774856, 28.59566438071767],
                        [84.93213885297985, 28.593756004022776],
                        [84.91859376214228, 28.59497641129233],
                        [84.91761456107129, 28.59302944495964],
                        [84.91027801522321, 28.588583034905447],
                        [84.89942124399043, 28.590169079531748],
                        [84.89001978894042, 28.588503193094773],
                        [84.88594640015707, 28.582626344992835],
                        [84.87939827934491, 28.58246593316981],
                        [84.87387980637868, 28.58073755821341],
                        [84.86875282969966, 28.58238794565452],
                        [84.86515716703578, 28.580367067246527],
                        [84.8571627241035, 28.572411901538842],
                        [84.85677924917347, 28.570738234712646],
                        [84.78137711938649, 28.609098402637624],
                        [84.76744926528686, 28.610520223872594],
                        [84.76369565812584, 28.612691212784615],
                        [84.75519721417604, 28.61353505324612],
                        [84.74676717572127, 28.6182807917173],
                        [84.73708694240793, 28.61673664194916],
                        [84.73080764594398, 28.620170160262383],
                        [84.72507109266394, 28.620595773935754],
                        [84.71989429036314, 28.62898354914837],
                        [84.71367553537485, 28.63294839621663],
                        [84.70068742907523, 28.63443966478322],
                        [84.69466863006663, 28.636410758387466],
                        [84.69797743202865, 28.639518031406354],
                        [84.70142190429269, 28.648273295665362],
                        [84.69727496013795, 28.65392527461227],
                        [84.70070162031915, 28.659951034440624],
                        [84.70102086065837, 28.664104663460822],
                        [84.7049184460687, 28.67065794633913],
                        [84.69632257334717, 28.67176719915966],
                        [84.68809583471624, 28.67879560834169],
                        [84.67593064698218, 28.67901256863853],
                        [84.66822983348365, 28.683375291093384],
                        [84.66847294543396, 28.69103266107157],
                        [84.66139585133547, 28.698739589967616],
                        [84.65051529207533, 28.702381386822452],
                        [84.6506286380648, 28.71439779586208],
                        [84.64761688637516, 28.71866898114629],
                        [84.64435292157673, 28.719920811783663],
                        [84.64379708301266, 28.724541132021177],
                        [84.63978766703823, 28.72813117424965],
                        [84.62929753791128, 28.732644710300516],
                        [84.62622342889496, 28.736451062710845],
                        [84.61765002976327, 28.735804725902593],
                        [84.61523958439206, 28.736657169397585],
                        [84.60565744153838, 28.733404552757204],
                        [84.59225585682886, 28.73657028731961],
                        [84.58669314696296, 28.734553001620945],
                        [84.57156266348866, 28.7351479411203],
                        [84.56723429435675, 28.741466792609017],
                        [84.55713440514928, 28.746934060857722],
                        [84.55659692582051, 28.752138328900458],
                        [84.55140665768693, 28.750510576264045],
                        [84.54425166198958, 28.745630837536197],
                        [84.53964656250206, 28.744085962326572],
                        [84.53358528634489, 28.745346245099825],
                        [84.52883003900287, 28.742928572886907],
                        [84.52375926666262, 28.743652233321416],
                        [84.5146088251757, 28.74854419527907],
                        [84.51005375805416, 28.745249918395167],
                        [84.50215996452626, 28.74423044103166],
                        [84.49733662670795, 28.740643436353754],
                        [84.49420352990356, 28.73572576837834],
                        [84.4894333656731, 28.735373783026276],
                        [84.48639323712045, 28.739915505157455],
                        [84.48356890033139, 28.741198340721898],
                        [84.48018803870305, 28.747115745762798],
                        [84.47550823288418, 28.746928557966246],
                        [84.46823574539046, 28.751016001118813],
                        [84.4610641429589, 28.751112933535662],
                        [84.45748854646295, 28.757547475092128],
                        [84.45179290498699, 28.76474934797392],
                        [84.44148729724496, 28.767260382720274],
                        [84.4364739877115, 28.769322798424625],
                        [84.43967659174822, 28.776425079964753],
                        [84.44582057220764, 28.78248900564252],
                        [84.44383181272867, 28.78661703286586],
                        [84.44524810581859, 28.79314764936384],
                        [84.43873823088738, 28.796015778261243],
                        [84.43194077557969, 28.801422482856655],
                        [84.42987593188606, 28.812807660861107],
                        [84.43519398682409, 28.820528170285588],
                        [84.42506018103029, 28.825329374688348],
                        [84.41821177681847, 28.83161074837798],
                        [84.40928953670135, 28.828800230629227],
                        [84.40050687421012, 28.8302139539265],
                        [84.39978361371472, 28.838037164954823],
                        [84.40677902618836, 28.841972986508026],
                        [84.40891439717382, 28.84621207262722],
                        [84.40848791851529, 28.853623826067633],
                        [84.40445632664392, 28.85402622247423],
                        [84.39711884013114, 28.85852818709035],
                        [84.38879946257069, 28.861193991793467],
                        [84.38229813929887, 28.861666027367917],
                        [84.3746372996675, 28.86431784349425],
                        [84.36946481852338, 28.860930252836393],
                        [84.36556288839611, 28.861701116910833],
                        [84.36037750922517, 28.859454735909086],
                        [84.35652782022737, 28.86035827578356],
                        [84.34737800166332, 28.868336268759766],
                        [84.3444482526386, 28.872075004182175],
                        [84.34059051405669, 28.872414158476158],
                        [84.3350025995335, 28.86853229323757],
                        [84.33259651258781, 28.864396506563995],
                        [84.32350214825502, 28.862652325405293],
                        [84.32072610654907, 28.86741653080952],
                        [84.31550275806725, 28.869772666113093],
                        [84.31130358728167, 28.869103405903353],
                        [84.29887763165642, 28.87205967784473],
                        [84.2872917048717, 28.877162768818344],
                        [84.28606428760263, 28.880977774750484],
                        [84.27852176772188, 28.885496297751757],
                        [84.27390611321954, 28.88667648773332],
                        [84.27217565804936, 28.892466305729116],
                        [84.26592338834597, 28.897606293461443],
                        [84.25814004357532, 28.895525790525735],
                        [84.25443708698099, 28.89046619207726],
                        [84.24516177506442, 28.890420228404746],
                        [84.2295488350975, 28.892277173170523],
                        [84.22579111843345, 28.893966393096417],
                        [84.22460451832096, 28.897347689217025],
                        [84.22534778342616, 28.90351619969721],
                        [84.2207867146571, 28.912089215799032],
                        [84.22036250682139, 28.91561351146953],
                        [84.2230064790621, 28.92070965257686],
                        [84.22245905681366, 28.92339727166752],
                        [84.22496949331706, 28.928105569987363],
                        [84.22591447466871, 28.940407336634046],
                        [84.23041821706045, 28.950327628423413],
                        [84.23063297346289, 28.957394800486437],
                        [84.23518602425146, 28.964199565030636],
                        [84.23549457768769, 28.96850086363806],
                        [84.24168826612892, 28.97610108481784],
                        [84.23888859652078, 28.981168136286296],
                        [84.23858447518981, 28.988664758121953],
                        [84.24095095494562, 28.992242783260437],
                        [84.239379679664, 28.997364101201274],
                        [84.2436972443154, 29.009071012868993],
                        [84.24774782923781, 29.0126394040677],
                        [84.24774729540198, 29.037238133710698],
                        [84.2437804266319, 29.04273263497258],
                        [84.23989754114622, 29.044885770650065],
                        [84.23639613207732, 29.044330723781865],
                        [84.22938554729546, 29.049703115158877],
                        [84.22072726832035, 29.053526853781143],
                        [84.20890329762393, 29.053642993113606],
                        [84.19632427617015, 29.046542375169317],
                        [84.189565535086, 29.04691988255982],
                        [84.18832951798586, 29.057157570827354],
                        [84.18860397554842, 29.064700448188198],
                        [84.18657476972122, 29.06748870171022],
                        [84.18624660186762, 29.074413644523446],
                        [84.18775694467533, 29.077758853172643],
                        [84.18601761195197, 29.080722571401697],
                        [84.19063268775793, 29.08468003487107],
                        [84.19569774271996, 29.092972511489336],
                        [84.1950950238605, 29.096571338456613],
                        [84.20159423621334, 29.103757677481003],
                        [84.19979374718108, 29.112677499412833],
                        [84.20047241690362, 29.124391371552928],
                        [84.18509358269867, 29.12668544434013],
                        [84.17616833029389, 29.129656671271555],
                        [84.17380344438811, 29.133936329061928],
                        [84.17268954884085, 29.14101573990703],
                        [84.17388713287954, 29.144206460218193],
                        [84.17327674308127, 29.14977921265548],
                        [84.16779179332627, 29.156906227734826],
                        [84.16582351943937, 29.16410386817804],
                        [84.16914168239818, 29.17210833109222],
                        [84.16679973280836, 29.174025000898286],
                        [84.162169072033, 29.185229568669303],
                        [84.166700210122, 29.190289375090973],
                        [84.16372506675424, 29.194055993354308],
                        [84.16842401307616, 29.199850066142886],
                        [84.1724822842621, 29.200715990726923],
                        [84.18109455249542, 29.207820355941617],
                        [84.18820423389334, 29.205743564071142],
                        [84.19632066142333, 29.212733490630395],
                        [84.1996160888604, 29.21390645833114],
                        [84.19748762641473, 29.22071693911642],
                        [84.19885288032305, 29.23095085516897],
                        [84.20282713414677, 29.236596154518736],
                        [84.20090471039707, 29.240040477777075],
                        [84.19252104864931, 29.244154109798938],
                        [84.18333654988521, 29.24178715276883],
                        [84.1792402068066, 29.237730526582574],
                        [84.16762976467311, 29.240995412533767],
                        [84.15366985048999, 29.241401405823865],
                        [84.14146458191294, 29.236188896011818],
                        [84.12872507045697, 29.24281801726766],
                        [84.11960912219574, 29.245245696406176],
                        [84.11622215178262, 29.24414520081925],
                        [84.11227818946377, 29.248655599206476],
                        [84.1118203732367, 29.25394036876382],
                        [84.11473431794151, 29.258050376762736],
                        [84.1129873142241, 29.26299755469627],
                        [84.11770923756416, 29.26458249411358],
                        [84.1215461811924, 29.270307893062565],
                        [84.11643497879224, 29.279393580971703],
                        [84.10850135684147, 29.28504631015493],
                        [84.10215451589622, 29.28696672717456],
                        [84.10014055965765, 29.29015357932615],
                        [84.09009392000863, 29.294091723797745],
                        [84.08567708638863, 29.29453983561562],
                        [84.0808255751812, 29.288669474393426],
                        [84.06999337712968, 29.285110509548996],
                        [84.06362359711548, 29.28953313721131],
                        [84.05609438091687, 29.290555255331054],
                        [84.05279120985433, 29.294680416610376],
                        [84.05274537862121, 29.297504938968512],
                        [84.04375146779384, 29.30077368293228],
                        [84.02934929709184, 29.292553526880084],
                        [84.02652695015541, 29.285763942514954],
                        [84.0242154925731, 29.28867425118581],
                        [84.0156335789999, 29.288958276958134],
                        [84.01064451361464, 29.29426585738494],
                        [84.00422139745488, 29.295875403222528],
                        [83.99968254288056, 29.29492936967556],
                        [83.98972798204129, 29.298405299992293],
                        [83.98766452864363, 29.30046013950426],
                        [83.99913953819686, 29.306280481869752],
                        [84.00098622010479, 29.309382102140592],
                        [83.99907836364832, 29.31470783108813],
                        [83.9921224995485, 29.320107842032662],
                        [83.98831556138175, 29.320856459683643],
                        [83.98471185758824, 29.323917117847532],
                        [83.97573859487022, 29.32861666067105],
                        [83.96475696607546, 29.331009820495137],
                        [83.96098430089805, 29.330489929607463],
                        [83.95560899840702, 29.326100869423634],
                        [83.94837842211926, 29.317034772145213],
                        [83.94096187894873, 29.316332463616902],
                        [83.93350843964902, 29.319708028981907],
                        [83.9273720474049, 29.318446105347697],
                        [83.91969092123743, 29.3232486615589],
                        [83.90988405681867, 29.32342510665894],
                        [83.90466402705192, 29.32571105954388],
                        [83.90068979935006, 29.323517883713425],
                        [83.89792033912926, 29.318794522933324],
                        [83.88728993691983, 29.320101101527353],
                        [83.88002838122227, 29.316095350359873],
                        [83.87040432689147, 29.312339537166],
                        [83.8640185774403, 29.311823479143552],
                        [83.85596622129513, 29.309369822136645],
                        [83.85404989657614, 29.301608005511216],
                        [83.8489995970754, 29.29798425593898],
                        [83.8444912500344, 29.298883660686815],
                        [83.83886540312002, 29.298114514723096],
                        [83.83491719058134, 29.300863946317847],
                        [83.83004378457255, 29.29810362025217],
                        [83.82302101034612, 29.30276382515086],
                        [83.81264499404467, 29.302023346419816],
                        [83.81175801948253, 29.297668546043244],
                        [83.8078531130994, 29.29463807395335],
                        [83.81080117133736, 29.290793976633957],
                        [83.80774675389004, 29.285842819469877],
                        [83.80242255060877, 29.282248437977877],
                        [83.7972439492946, 29.281798582243702],
                        [83.79375410060581, 29.273435732219134],
                        [83.79894140975745, 29.26411398805634],
                        [83.80169815586191, 29.25563656406306],
                        [83.79697841453198, 29.252927049009138],
                        [83.7970935876845, 29.249990258327387],
                        [83.78127272299045, 29.244362079813836],
                        [83.77657597493064, 29.247724381133956],
                        [83.77081441069348, 29.246273232260446],
                        [83.76748210339599, 29.24079955667255],
                        [83.76128833278706, 29.240044211710416],
                        [83.75663434687974, 29.24252390710157],
                        [83.74938754511041, 29.24405796011952],
                        [83.74627510560775, 29.243391158563327],
                        [83.74052665338019, 29.245428375825856],
                        [83.73839671968143, 29.24411365005476],
                        [83.73049852254512, 29.24488070017445],
                        [83.72173859253505, 29.241535552037647],
                        [83.71116252224209, 29.24455160237539],
                        [83.70621472376556, 29.237173576174737],
                        [83.7007681399019, 29.234639594656965],
                        [83.6965791337475, 29.226306481824928],
                        [83.68875107384463, 29.217227190345664],
                        [83.6841244119243, 29.213081621713822],
                        [83.67491577342057, 29.20769540472984],
                        [83.66783749113999, 29.207195273556298],
                        [83.66000105995923, 29.20388226315144],
                        [83.65578856594642, 29.203941377195143],
                        [83.65765692848888, 29.198476035881583],
                        [83.65801523809823, 29.187437308144183],
                        [83.66346444726223, 29.18404270927223],
                        [83.65728526430154, 29.176093590641784],
                        [83.6623589525842, 29.173444522956483],
                        [83.66563924588937, 29.168791073616664],
                        [83.66203110809896, 29.165142593798134],
                        [83.6632061435081, 29.155687253118824],
                        [83.67266531334316, 29.152433364260467],
                        [83.67636030897228, 29.14724158504637],
                        [83.67483265215452, 29.137020221650246],
                        [83.67959232888727, 29.130495264248747],
                        [83.67873868845506, 29.12503344979204],
                        [83.67644771128175, 29.123800838957127],
                        [83.66747731066309, 29.123320987438074],
                        [83.66246114634433, 29.124736338825098],
                        [83.65156595537624, 29.119492326484465],
                        [83.65046835419882, 29.114719314744754],
                        [83.65244343414855, 29.10919741966961],
                        [83.64980411966656, 29.104459959615316],
                        [83.64609210723029, 29.10410122146129],
                        [83.63621274946517, 29.10733663785342],
                        [83.6286735119207, 29.106492663430007],
                        [83.62051344827634, 29.097785138341305],
                        [83.61631743911009, 29.098438572385867],
                        [83.61488272095691, 29.094297368094647],
                        [83.62331115565536, 29.088256185977958],
                        [83.63095378247893, 29.080081560299277],
                        [83.62941941953974, 29.071559506053436],
                        [83.63119171111298, 29.066442066190724],
                        [83.63091397074484, 29.062427681747018],
                        [83.62648509554333, 29.062427390189484],
                        [83.62030069668418, 29.060469377268884],
                        [83.61807317264793, 29.055125895510837],
                        [83.61889263292694, 29.045750895490187],
                        [83.61250285580148, 29.036081472073473],
                        [83.61521875510125, 29.026486526643737],
                        [83.61401355957388, 29.022340312195606],
                        [83.61639368903512, 29.01850121033377],
                        [83.61208373566546, 29.015045342357272],
                        [83.6168669056532, 29.006159898794927],
                        [83.61433446015731, 28.99789988974032],
                        [83.61492205787073, 28.9876774501313],
                        [83.60895683359912, 28.980201233663085],
                        [83.60416621767428, 28.9803060509113],
                        [83.5984219476588, 28.985741402252486],
                        [83.59196839562497, 28.983630057338384],
                        [83.58651427772001, 28.97583535253615],
                        [83.58701021555783, 28.971273401473997],
                        [83.58534730683805, 28.967684074368417],
                        [83.58154843931517, 28.964930054230166],
                        [83.58250968951435, 28.96126829692657],
                        [83.5788482028524, 28.95507183109164],
                        [83.57478230988076, 28.953879782261772],
                        [83.57205909156946, 28.948684598560316],
                        [83.5668719154482, 28.943325357381656],
                        [83.56148092046516, 28.945267265623865],
                        [83.55712288383208, 28.94243836548617],
                        [83.55776376171555, 28.93783064480232],
                        [83.55639837075934, 28.93369777734286],
                        [83.54938041704713, 28.926871890541385],
                        [83.54610795467538, 28.921815922264095],
                        [83.5397689264431, 28.914921387673743],
                        [83.53272042715184, 28.909564024674918],
                        [83.52850959031477, 28.90862372066222],
                        [83.52717473365409, 28.903438094283697],
                        [83.51511456907767, 28.88992939043128],
                        [83.50674634870485, 28.88529482521195],
                        [83.49938524060578, 28.87719230936231],
                        [83.50572454772227, 28.86581112267074],
                        [83.50622818745485, 28.857656056836113],
                        [83.50194879907404, 28.851680812767157],
                        [83.50172006115912, 28.846123304886063],
                        [83.49785257000201, 28.842583358985742],
                        [83.49245422260695, 28.846294307669996],
                        [83.48153543852847, 28.844650645705062],
                        [83.48054392768171, 28.836056906195008],
                        [83.48318339284131, 28.833594785984364],
                        [83.48261897712314, 28.829494354071507],
                        [83.47959062536142, 28.824156126487978],
                        [83.47998744380851, 28.817128197258914],
                        [83.4850146384585, 28.812188697059828],
                        [83.48795942114384, 28.800808638173393],
                        [83.4868121268186, 28.7905108328976],
                        [83.48334375237789, 28.78281192146398],
                        [83.47010037455044, 28.7817296854883],
                        [83.46106925171821, 28.78004257091199],
                        [83.4586550309676, 28.776200322814084],
                        [83.45375414907015, 28.772194487310067],
                        [83.4459885776159, 28.7688783552596],
                        [83.44149698101637, 28.769599781035605],
                        [83.4268873961758, 28.76628116708796],
                        [83.41032687178506, 28.76059511357637],
                        [83.40016830245746, 28.76070831782297],
                        [83.38839978165898, 28.763028669445724],
                        [83.383247673088, 28.75642725536777],
                        [83.37754636786984, 28.753949018691184],
                        [83.37423119450264, 28.744472710093362],
                        [83.3639449909539, 28.736712009484723],
                        [83.36190269330122, 28.73410815300238],
                        [83.3561448551625, 28.73362291991658],
                        [83.35060193319343, 28.7358477538486],
                        [83.34581502296425, 28.73556514151231],
                        [83.33116519814354, 28.738141925177953],
                        [83.32462484008751, 28.737689800949674],
                        [83.31995850237111, 28.736085062835016],
                        [83.31232885991773, 28.735308826318796],
                        [83.30813548134579, 28.732564637146897],
                        [83.29842136951157, 28.73187617403007],
                        [83.28190278812998, 28.725635612538415],
                        [83.27682617250318, 28.721906749980665],
                        [83.27044259534146, 28.72513210345341],
                        [83.25930020376389, 28.72616789733039],
                        [83.2478885977202, 28.730334525015756],
                        [83.23930960345074, 28.734845601381366],
                        [83.237101057426, 28.73953638768848],
                        [83.2291794363764, 28.742812087607085],
                        [83.22239815478164, 28.740142977659623],
                        [83.21809364974443, 28.73512830752013],
                        [83.20983489277644, 28.731901849766807],
                        [83.20628479632931, 28.732544298541164],
                        [83.18612654786259, 28.7435770966067],
                        [83.16690180200361, 28.745066161018208],
                        [83.15397093321064, 28.747751401714673],
                        [83.1453142301757, 28.747081084832583]
                    ]
                ]
            },
            "properties": {
                "fid": 4,
                "id": "gandaki",
                "label": "गण्डकी प्रदेश"
            }
        },
        {
            "type": "Feature",
            "geometry": {
                "type": "Polygon",
                "coordinates": [
                    [
                        [81.28522078391332, 28.673235341825766],
                        [81.29093029407983, 28.67463991463707],
                        [81.29407289073393, 28.673302144265257],
                        [81.30067298397157, 28.673720820509153],
                        [81.30147698332968, 28.67110888616541],
                        [81.30846552230555, 28.671666178928724],
                        [81.31826509959127, 28.669608628060196],
                        [81.32100532478692, 28.66754929400758],
                        [81.3216604332917, 28.663466805649275],
                        [81.31646141336965, 28.655001267825465],
                        [81.3101244080306, 28.65105004688472],
                        [81.3107815121006, 28.647084859626982],
                        [81.31464416976233, 28.64381615264261],
                        [81.3168311274054, 28.6363281250131],
                        [81.32423251830032, 28.635076591716814],
                        [81.32754911675477, 28.632241962104533],
                        [81.33690645773852, 28.62927505118297],
                        [81.34648680083967, 28.624522434458978],
                        [81.3566650626438, 28.62330718591727],
                        [81.36241108203335, 28.6239913262469],
                        [81.36625852411055, 28.622374715325417],
                        [81.37041116782744, 28.61762146152872],
                        [81.37380516266018, 28.61657216696486],
                        [81.37923324940247, 28.612250515707917],
                        [81.3878098630249, 28.610601973514584],
                        [81.39425528070687, 28.608034236118275],
                        [81.40072223490702, 28.606864745827444],
                        [81.40026186105722, 28.603254323142536],
                        [81.40978226387931, 28.595569287743995],
                        [81.41670626172044, 28.595500827042443],
                        [81.42026786918521, 28.590296669687255],
                        [81.42482555647963, 28.58706778050456],
                        [81.42164858722404, 28.581453693486893],
                        [81.42421986582883, 28.577698512609174],
                        [81.43004032603918, 28.577677969378858],
                        [81.43174969803593, 28.575274464822943],
                        [81.43454480116301, 28.562043537016336],
                        [81.44218364546359, 28.558046073968647],
                        [81.44524904603776, 28.55423490492749],
                        [81.45306589553842, 28.552210262199885],
                        [81.45961590781188, 28.554180232342897],
                        [81.46628270670952, 28.553173917895926],
                        [81.46899142436637, 28.54837296031706],
                        [81.47222023310026, 28.548519678181318],
                        [81.47412365227515, 28.541957310067424],
                        [81.47866077567969, 28.53896583656891],
                        [81.48602258648918, 28.539086301757223],
                        [81.49154370880771, 28.53215876704015],
                        [81.49724334793184, 28.533500595708773],
                        [81.50098745805245, 28.530348814103025],
                        [81.51139389437694, 28.524706290098635],
                        [81.51161880848738, 28.520764344862272],
                        [81.51610189093523, 28.513505825227416],
                        [81.53042152330052, 28.50910574153428],
                        [81.53928748067331, 28.500051636856107],
                        [81.53892493951969, 28.494530515960793],
                        [81.54234759030496, 28.49507188827426],
                        [81.55292687244915, 28.493303510387204],
                        [81.5572305094504, 28.49493048183055],
                        [81.56776868361482, 28.48552243180823],
                        [81.57268899784162, 28.48303610402182],
                        [81.5749122808164, 28.478196767826937],
                        [81.58258256543569, 28.473988387776807],
                        [81.58729257758222, 28.4689486053917],
                        [81.59229321197057, 28.468951798293286],
                        [81.60013838299645, 28.462718044307124],
                        [81.60273723686792, 28.458122503709284],
                        [81.60801760318243, 28.453458506519937],
                        [81.6117014612675, 28.45442565544515],
                        [81.62147860273123, 28.445700469657854],
                        [81.62617448856084, 28.444415653088274],
                        [81.63148684917421, 28.436292286899135],
                        [81.64379992550377, 28.42946233761824],
                        [81.64827200115809, 28.422698021487015],
                        [81.65617550505681, 28.418441586041133],
                        [81.65873377926067, 28.415171673575358],
                        [81.66659147342854, 28.414634831105236],
                        [81.66967551634158, 28.41328193547913],
                        [81.6741902661935, 28.417559479467037],
                        [81.6832783965163, 28.411238188653666],
                        [81.68819599363053, 28.410464453256314],
                        [81.69173465998682, 28.405797056032046],
                        [81.69202248317299, 28.402975695677192],
                        [81.70020898780842, 28.39655402448994],
                        [81.70187762590848, 28.393673688733013],
                        [81.70823237044546, 28.39115700872933],
                        [81.71606643047566, 28.384377553494357],
                        [81.72167008208719, 28.382301885478846],
                        [81.72431664892558, 28.383061601466565],
                        [81.72945440396211, 28.378727634706337],
                        [81.7419193954071, 28.37562165715758],
                        [81.75213572287731, 28.37429779644577],
                        [81.75872853310307, 28.36990510441956],
                        [81.76659383916267, 28.37009794652904],
                        [81.76523823341199, 28.365302681509487],
                        [81.75995256102581, 28.35904724585282],
                        [81.75769079003932, 28.352898903546432],
                        [81.75499026271773, 28.350380472396765],
                        [81.75153972512892, 28.343642980639373],
                        [81.75102527249082, 28.330856961714236],
                        [81.74623312801448, 28.326274316122614],
                        [81.7434046398126, 28.31897819725363],
                        [81.74497246810353, 28.313207937330066],
                        [81.75368426746073, 28.307418714579725],
                        [81.76111179297642, 28.309152971723663],
                        [81.7673302892411, 28.30071477161479],
                        [81.78016602573994, 28.29514877487288],
                        [81.78512759696501, 28.29555124412805],
                        [81.78791925871779, 28.293326611411963],
                        [81.79212309202015, 28.28123971809703],
                        [81.791324073168, 28.277869453426575],
                        [81.79318907765006, 28.273944589834223],
                        [81.79799174608198, 28.27358725266379],
                        [81.80573429057267, 28.282439235985336],
                        [81.8090531479797, 28.28280087414431],
                        [81.81441343220969, 28.278728634955876],
                        [81.8219719445737, 28.27675679665399],
                        [81.82613025467857, 28.276937026258476],
                        [81.82994046747878, 28.27461960430592],
                        [81.84371965462348, 28.27173562389286],
                        [81.85019626136693, 28.26569239528084],
                        [81.85377480885478, 28.26039799331227],
                        [81.8613849382156, 28.25503752984654],
                        [81.86474915794265, 28.24878315088283],
                        [81.86364086938981, 28.238340655439632],
                        [81.87184485969496, 28.23969402122174],
                        [81.87656491970189, 28.239115640442648],
                        [81.88278325088423, 28.24347020316248],
                        [81.88697430401233, 28.2402893037634],
                        [81.88852046893527, 28.236823143412217],
                        [81.89606244844028, 28.23339456373525],
                        [81.9091929443701, 28.232202482449743],
                        [81.91302173389776, 28.228953271230374],
                        [81.91876799572981, 28.2267919881838],
                        [81.92752471017998, 28.232519273095015],
                        [81.93823839692318, 28.231952163861042],
                        [81.94476416129268, 28.23765529476262],
                        [81.95169347447263, 28.241162571763002],
                        [81.95313835647629, 28.247317839636178],
                        [81.9475307942578, 28.25468177217362],
                        [81.94023575416882, 28.25966127559122],
                        [81.938373117296, 28.263930982653086],
                        [81.9322495960175, 28.269405144146432],
                        [81.93652377961229, 28.27921161758692],
                        [81.94364743320854, 28.28309686052496],
                        [81.95381384473663, 28.281124497955247],
                        [81.95984625194407, 28.275627462463916],
                        [81.96162517694356, 28.266435830807136],
                        [81.96630724615048, 28.26214366562049],
                        [81.96670381864924, 28.258583310785447],
                        [81.97026945530459, 28.25548777004251],
                        [81.97943551198092, 28.259875497088117],
                        [81.9839557357833, 28.25865867157026],
                        [81.98414528855749, 28.250870013530673],
                        [81.97854531408935, 28.249789033544438],
                        [81.97397136888382, 28.24287804069986],
                        [81.9688433549323, 28.24399955347593],
                        [81.96318815603335, 28.241966347132287],
                        [81.96461744827899, 28.235824743461414],
                        [81.96994499130491, 28.22814177303915],
                        [81.97270840841712, 28.222435022198557],
                        [81.97835304439992, 28.221106661610985],
                        [81.98329079540613, 28.222142823321107],
                        [81.99263249906751, 28.22057741172991],
                        [81.99958240692695, 28.21518712796941],
                        [82.00220387843464, 28.210980988495983],
                        [82.00908797720665, 28.20587492870722],
                        [82.01380642984299, 28.204366946593375],
                        [82.0168952603278, 28.200991736533933],
                        [82.023434368256, 28.20152503015928],
                        [82.02637828521004, 28.204814645403932],
                        [82.02682903447835, 28.208409384403733],
                        [82.03082595566669, 28.214050612065535],
                        [82.03641874741862, 28.214858867212968],
                        [82.04025363669463, 28.22347206925212],
                        [82.04233091800657, 28.230388464834512],
                        [82.04578299192751, 28.23163896217965],
                        [82.05201191925477, 28.24097788259753],
                        [82.05419604044046, 28.242064126036016],
                        [82.0617034902772, 28.240609677949248],
                        [82.06854413117759, 28.23700791822802],
                        [82.06942584813135, 28.23915535894731],
                        [82.07773699463081, 28.24497338086559],
                        [82.08116609265802, 28.248535353169103],
                        [82.09133664471013, 28.249122257114102],
                        [82.0935879267661, 28.254669467741568],
                        [82.10061689923408, 28.25894648884614],
                        [82.10822925857413, 28.258233037741544],
                        [82.1115223196289, 28.25449317745964],
                        [82.11770535080467, 28.251492165665372],
                        [82.12672664476132, 28.254194983692717],
                        [82.1331405846027, 28.2511529790218],
                        [82.13421916589844, 28.24895588374933],
                        [82.14276021890676, 28.241059292246064],
                        [82.14370228922797, 28.2370743577817],
                        [82.14827176149903, 28.239023494491335],
                        [82.15215769077099, 28.238081698298213],
                        [82.15387340371542, 28.241171252782284],
                        [82.16071759419876, 28.241722363150824],
                        [82.16830751783563, 28.251321654306384],
                        [82.17571074917657, 28.248948165742206],
                        [82.18229309588587, 28.249726063756032],
                        [82.19326266229496, 28.247099648558084],
                        [82.19838679638764, 28.24293579042744],
                        [82.21223429182551, 28.246896689301483],
                        [82.21679287777796, 28.24948645554516],
                        [82.22272554300585, 28.24793568179326],
                        [82.23306560577355, 28.23991144024204],
                        [82.2435634754725, 28.237885401691955],
                        [82.24788280022877, 28.239524376744253],
                        [82.25658524250471, 28.239947651221588],
                        [82.2578827519797, 28.24345247398036],
                        [82.26423395631592, 28.243515746651727],
                        [82.27336772739744, 28.24671308550345],
                        [82.2753732999905, 28.24843358187922],
                        [82.28140148927496, 28.24820800146425],
                        [82.28716107276608, 28.245650006759305],
                        [82.2920240206898, 28.246768099566623],
                        [82.3012411433605, 28.24378431780602],
                        [82.30105829481424, 28.23689919545306],
                        [82.30249949791146, 28.232301762090163],
                        [82.3098975115662, 28.231640055486874],
                        [82.31284151988227, 28.223132501639693],
                        [82.31979573765653, 28.224854381525656],
                        [82.32740845325799, 28.225236331608862],
                        [82.33745537986776, 28.223478262793535],
                        [82.34596930013203, 28.216316229305573],
                        [82.34626230881956, 28.210340029299243],
                        [82.3493009576395, 28.207152115906865],
                        [82.35394060013378, 28.20615214953254],
                        [82.35926427139744, 28.198646412148477],
                        [82.36297499342983, 28.19671689235165],
                        [82.36703007424053, 28.18978971059224],
                        [82.37857055141149, 28.184548918991993],
                        [82.3869832190674, 28.18848818073342],
                        [82.39239278679442, 28.189283624452578],
                        [82.39658796102474, 28.18311437437343],
                        [82.39374822244845, 28.176159594015683],
                        [82.39470780887459, 28.171241306541063],
                        [82.39847023016982, 28.171694693655315],
                        [82.4008872364437, 28.177313842042707],
                        [82.3991232366317, 28.180110933741144],
                        [82.40310730886657, 28.184304108197157],
                        [82.40053125409379, 28.192534569287155],
                        [82.40295499969588, 28.202130352015388],
                        [82.4022558387399, 28.20581887954511],
                        [82.40698822988827, 28.22102111988697],
                        [82.4147593655873, 28.224635715247683],
                        [82.41953143660565, 28.229932362172207],
                        [82.42480542647066, 28.229214317610086],
                        [82.42821049466873, 28.231071322318492],
                        [82.42729508299551, 28.239697643871743],
                        [82.43573773185881, 28.24428072359121],
                        [82.43637014696753, 28.24775460299348],
                        [82.42449737132348, 28.251172180304142],
                        [82.4183278412253, 28.253839408395333],
                        [82.41318922311748, 28.2538114601406],
                        [82.41014230372798, 28.258203138902672],
                        [82.40342607237328, 28.26222654894425],
                        [82.39539513141453, 28.27703176491282],
                        [82.39514205791869, 28.282883349524436],
                        [82.39123791586957, 28.285255575527092],
                        [82.386259295728, 28.290814682093902],
                        [82.38317181685038, 28.291982780223414],
                        [82.38050230261892, 28.2986956896648],
                        [82.37618015155779, 28.304599647094143],
                        [82.37734219484614, 28.310673794651965],
                        [82.37500890473017, 28.316282372963077],
                        [82.36834919184625, 28.318932096362705],
                        [82.36381955074592, 28.319083453634132],
                        [82.36704007188004, 28.324841598928664],
                        [82.3672486999132, 28.32989001342009],
                        [82.3642294229429, 28.32976910558275],
                        [82.36307368733382, 28.340786203242242],
                        [82.36587406322046, 28.34389814780357],
                        [82.3791998041002, 28.351697251084275],
                        [82.3782095969458, 28.3600171621227],
                        [82.38270965301713, 28.364634117525046],
                        [82.38347314824772, 28.372769319937742],
                        [82.37504251630601, 28.37727578488988],
                        [82.3634727489105, 28.388264421732824],
                        [82.36272234415331, 28.395357009379175],
                        [82.36546615224711, 28.4024957696588],
                        [82.3609266614276, 28.408092441150735],
                        [82.35626396803097, 28.408662257925478],
                        [82.3528261323694, 28.411416829151616],
                        [82.35379281258297, 28.414856153730174],
                        [82.35125234971818, 28.417874651792964],
                        [82.3510687627864, 28.42386753729397],
                        [82.36542034171201, 28.42616947237412],
                        [82.36911128247996, 28.42602416456247],
                        [82.37679815576621, 28.431248166500435],
                        [82.37685146864611, 28.43584445656987],
                        [82.37353294088037, 28.445975313491502],
                        [82.37370874548483, 28.448254691884735],
                        [82.38344878490535, 28.455985374773597],
                        [82.39129637183542, 28.45806848537743],
                        [82.39649782910476, 28.46193487865737],
                        [82.3965010276287, 28.46887150905616],
                        [82.40030042211448, 28.46976578960906],
                        [82.4055256933794, 28.47814217130328],
                        [82.40522425577332, 28.484393882001736],
                        [82.41157089914293, 28.49261007877596],
                        [82.41163627659064, 28.496425575434316],
                        [82.40740002650331, 28.503662723795888],
                        [82.41176122670943, 28.512910036620966],
                        [82.41569003530513, 28.51668171292433],
                        [82.41662457546683, 28.524406454204122],
                        [82.41838913475227, 28.528495479557726],
                        [82.43004694489511, 28.524507142179324],
                        [82.43762233618759, 28.525674583355144],
                        [82.44416206812339, 28.522837503099797],
                        [82.44768996193807, 28.523050285474362],
                        [82.45972031172039, 28.520936594681924],
                        [82.46353234539063, 28.521612900735573],
                        [82.46646462586577, 28.525474402373842],
                        [82.48092243683598, 28.53127451997729],
                        [82.484451631845, 28.5353794451218],
                        [82.49090195902761, 28.538042546805954],
                        [82.4939560655894, 28.54386893387787],
                        [82.49172868307923, 28.54839608321568],
                        [82.49207074796765, 28.55255640817568],
                        [82.49967784578402, 28.55393890363015],
                        [82.50891089842469, 28.551171607309346],
                        [82.51666478595007, 28.554529350676606],
                        [82.52007959057164, 28.553714038096935],
                        [82.52622836301705, 28.558131911434494],
                        [82.52893918242911, 28.55818163402436],
                        [82.53015078692852, 28.563790763846843],
                        [82.53545843381558, 28.570899124660322],
                        [82.54408035222502, 28.572967813538387],
                        [82.5470291333635, 28.576696327841113],
                        [82.55384005615893, 28.58157348098708],
                        [82.56674376002452, 28.577733837343423],
                        [82.57500373188134, 28.579566729804075],
                        [82.57687796428617, 28.583605823722337],
                        [82.58087579378126, 28.587155120214604],
                        [82.58037633826778, 28.59815041482886],
                        [82.5785798172624, 28.6021285226466],
                        [82.58049223877173, 28.612368548348023],
                        [82.57763227129387, 28.614481373634572],
                        [82.57471246560401, 28.61195612418751],
                        [82.56791224369391, 28.60954536948871],
                        [82.56112215339357, 28.61001478835782],
                        [82.55331366979021, 28.61541498803485],
                        [82.54577688471018, 28.618291362682115],
                        [82.54922959179895, 28.62550325118859],
                        [82.54395834867553, 28.626522641141573],
                        [82.54320277806421, 28.62248162632556],
                        [82.53996518751505, 28.620682930538223],
                        [82.53383596392575, 28.623463271958695],
                        [82.5280256662283, 28.62461826652615],
                        [82.51829379765773, 28.62449638330601],
                        [82.50836851869698, 28.627662571044667],
                        [82.50596365574243, 28.630994603062167],
                        [82.48569690493161, 28.640571485175283],
                        [82.49074595843437, 28.651071844329458],
                        [82.48981567873568, 28.659242579044143],
                        [82.4941936498248, 28.66244909901573],
                        [82.49837084812619, 28.66166698290732],
                        [82.50067817194734, 28.664381142488406],
                        [82.51271857390805, 28.659443525322605],
                        [82.51715031562263, 28.661134185640837],
                        [82.52142858424875, 28.659308854057088],
                        [82.52499518330521, 28.655019364508107],
                        [82.52774744168907, 28.654706496170913],
                        [82.53866473389479, 28.647112982645208],
                        [82.5535987573722, 28.64481928963777],
                        [82.56057496820645, 28.646490490837863],
                        [82.56429231529367, 28.651025316296654],
                        [82.57471957186945, 28.658601338160285],
                        [82.57869979448549, 28.66453022740011],
                        [82.58658867712222, 28.663830096461464],
                        [82.59233220194926, 28.66762289647712],
                        [82.59535967155725, 28.66744683186854],
                        [82.59972727417485, 28.670322820680884],
                        [82.60090511797495, 28.676661880432754],
                        [82.59965430218658, 28.682391646873707],
                        [82.60215720156367, 28.686283639381095],
                        [82.61457928387277, 28.68878640700473],
                        [82.61581137879423, 28.691399685126807],
                        [82.6123233923502, 28.695796166615896],
                        [82.61526966764194, 28.70949738854153],
                        [82.61309346927226, 28.712353155270044],
                        [82.60563236894038, 28.71482300438345],
                        [82.60156585344325, 28.734454012311662],
                        [82.60130004093897, 28.74283286125753],
                        [82.59548268564825, 28.743778500131135],
                        [82.58993776112044, 28.739915710659027],
                        [82.58153525043934, 28.741151783213116],
                        [82.57484341982864, 28.74047918207433],
                        [82.56531270352704, 28.74735921935875],
                        [82.56690548721004, 28.753883329562736],
                        [82.56359540740405, 28.75862540651314],
                        [82.56396878249107, 28.765707198047576],
                        [82.57157309615064, 28.773803941201205],
                        [82.57703355531129, 28.776446403573498],
                        [82.5813353911806, 28.780657643168674],
                        [82.58618565508596, 28.781531760305658],
                        [82.5894390022529, 28.78598664879434],
                        [82.59154398561137, 28.791548168154137],
                        [82.59611710827015, 28.791943200324756],
                        [82.6052476304117, 28.801179486621255],
                        [82.61464267646323, 28.807264692187275],
                        [82.61894469839596, 28.808249353114114],
                        [82.61997362865793, 28.811156038847642],
                        [82.6135660746335, 28.826509153246395],
                        [82.61756105666011, 28.82849440538339],
                        [82.62593784080245, 28.839135863893674],
                        [82.62461499715441, 28.84675964049205],
                        [82.62980803937172, 28.853339987250916],
                        [82.63664713976368, 28.85516417213353],
                        [82.63785931936988, 28.859951375214322],
                        [82.6440735868472, 28.867150492372907],
                        [82.64847670096292, 28.869150311449822],
                        [82.655961735669, 28.866608721604482],
                        [82.65835029072674, 28.860041800824167],
                        [82.6654409504209, 28.85378310953032],
                        [82.67352944100878, 28.85250284958808],
                        [82.6783624302535, 28.85474496599848],
                        [82.68532660906153, 28.861322652174394],
                        [82.69555971892741, 28.86465875052201],
                        [82.70456781975224, 28.854582002187414],
                        [82.71199987318536, 28.851477337663813],
                        [82.72361702157448, 28.849704364888552],
                        [82.72905901089997, 28.847671634560314],
                        [82.73599850241251, 28.84793758924117],
                        [82.74166927713023, 28.84578693628882],
                        [82.74929741916826, 28.83042509152013],
                        [82.75297353630447, 28.827709584283546],
                        [82.76002718388825, 28.816052202411825],
                        [82.76735425349202, 28.809715646797475],
                        [82.77092061441344, 28.814473700996025],
                        [82.77816284735577, 28.819542406424915],
                        [82.78136263745755, 28.824062226004145],
                        [82.79324154943038, 28.819840483125926],
                        [82.79923653424063, 28.82062250231702],
                        [82.81700448114215, 28.831265855189038],
                        [82.83266875765965, 28.83015950874418],
                        [82.83661720005206, 28.831325899616335],
                        [82.8426872235297, 28.8264766254693],
                        [82.84699125573668, 28.82693527393837],
                        [82.85447613941727, 28.832159970420403],
                        [82.8638606878455, 28.83185132917673],
                        [82.86811738134381, 28.83404125471897],
                        [82.87304833344591, 28.831114099443468],
                        [82.87945604258458, 28.83037114179109],
                        [82.88388338561072, 28.82695452386056],
                        [82.89224326075708, 28.826657991065442],
                        [82.89799081930803, 28.82541256862693],
                        [82.90476020521604, 28.83228435313502],
                        [82.91019243243626, 28.830990679391423],
                        [82.91745512984782, 28.83136944388577],
                        [82.92590974862819, 28.82751892775165],
                        [82.94953779771872, 28.82767115149646],
                        [82.9507692738651, 28.823643103868747],
                        [82.95978037822415, 28.819869089404516],
                        [82.96563920194251, 28.82034726050652],
                        [82.96993910709071, 28.811522013083625],
                        [82.97363471413297, 28.8092493408613],
                        [82.97560524964284, 28.803543895679752],
                        [82.9813057245267, 28.800564382248485],
                        [82.98678313196801, 28.80250941273467],
                        [82.9906133189347, 28.801647112947716],
                        [82.99726468761108, 28.803841826622513],
                        [83.00559902227971, 28.799457482979886],
                        [83.01221570025128, 28.79890601062606],
                        [83.02005402418715, 28.792207247061498],
                        [83.03179660307072, 28.793214585612205],
                        [83.03597292322308, 28.792714384022457],
                        [83.04550357125359, 28.786488603165385],
                        [83.05785185343686, 28.78574067461287],
                        [83.06515384228953, 28.783774781061013],
                        [83.06897233493765, 28.780214541124817],
                        [83.07554522369867, 28.785111755944172],
                        [83.07915102940859, 28.786104095580324],
                        [83.08037095978024, 28.781273870124004],
                        [83.09124105069306, 28.772026700613086],
                        [83.09503212550358, 28.76765116109722],
                        [83.09809273340794, 28.766568557889695],
                        [83.10222499307447, 28.759991225781224],
                        [83.10242497025311, 28.753561382185],
                        [83.11244025309989, 28.7467271016309],
                        [83.11491930154358, 28.743145406780148],
                        [83.121311329972, 28.74544516972618],
                        [83.1275703495738, 28.745880413789017],
                        [83.13225373791335, 28.74797685599223],
                        [83.1414161582954, 28.746307464338074],
                        [83.1453142301757, 28.747081084832583],
                        [83.15397093321064, 28.747751401714673],
                        [83.16690180200361, 28.745066161018208],
                        [83.18612654786259, 28.7435770966067],
                        [83.20628479632931, 28.732544298541164],
                        [83.20983489277644, 28.731901849766807],
                        [83.21809364974443, 28.73512830752013],
                        [83.22239815478164, 28.740142977659623],
                        [83.2291794363764, 28.742812087607085],
                        [83.237101057426, 28.73953638768848],
                        [83.23930960345074, 28.734845601381366],
                        [83.2478885977202, 28.730334525015756],
                        [83.25930020376389, 28.72616789733039],
                        [83.27044259534146, 28.72513210345341],
                        [83.27682617250318, 28.721906749980665],
                        [83.28190278812998, 28.725635612538415],
                        [83.29842136951157, 28.73187617403007],
                        [83.30813548134579, 28.732564637146897],
                        [83.31232885991773, 28.735308826318796],
                        [83.31995850237111, 28.736085062835016],
                        [83.32462484008751, 28.737689800949674],
                        [83.33116519814354, 28.738141925177953],
                        [83.34581502296425, 28.73556514151231],
                        [83.35060193319343, 28.7358477538486],
                        [83.3561448551625, 28.73362291991658],
                        [83.36190269330122, 28.73410815300238],
                        [83.3639449909539, 28.736712009484723],
                        [83.37423119450264, 28.744472710093362],
                        [83.37754636786984, 28.753949018691184],
                        [83.383247673088, 28.75642725536777],
                        [83.38839978165898, 28.763028669445724],
                        [83.40016830245746, 28.76070831782297],
                        [83.41032687178506, 28.76059511357637],
                        [83.4268873961758, 28.76628116708796],
                        [83.44149698101637, 28.769599781035605],
                        [83.4459885776159, 28.7688783552596],
                        [83.45375414907015, 28.772194487310067],
                        [83.4586550309676, 28.776200322814084],
                        [83.46106925171821, 28.78004257091199],
                        [83.47010037455044, 28.7817296854883],
                        [83.48334375237789, 28.78281192146398],
                        [83.4868121268186, 28.7905108328976],
                        [83.48795942114384, 28.800808638173393],
                        [83.4850146384585, 28.812188697059828],
                        [83.47998744380851, 28.817128197258914],
                        [83.47959062536142, 28.824156126487978],
                        [83.48261897712314, 28.829494354071507],
                        [83.48318339284131, 28.833594785984364],
                        [83.48054392768171, 28.836056906195008],
                        [83.48153543852847, 28.844650645705062],
                        [83.49245422260695, 28.846294307669996],
                        [83.49785257000201, 28.842583358985742],
                        [83.50172006115912, 28.846123304886063],
                        [83.50194879907404, 28.851680812767157],
                        [83.50622818745485, 28.857656056836113],
                        [83.50572454772227, 28.86581112267074],
                        [83.49938524060578, 28.87719230936231],
                        [83.50674634870485, 28.88529482521195],
                        [83.51511456907767, 28.88992939043128],
                        [83.52717473365409, 28.903438094283697],
                        [83.52850959031477, 28.90862372066222],
                        [83.53272042715184, 28.909564024674918],
                        [83.5397689264431, 28.914921387673743],
                        [83.54610795467538, 28.921815922264095],
                        [83.54938041704713, 28.926871890541385],
                        [83.55639837075934, 28.93369777734286],
                        [83.55776376171555, 28.93783064480232],
                        [83.55712288383208, 28.94243836548617],
                        [83.56148092046516, 28.945267265623865],
                        [83.5668719154482, 28.943325357381656],
                        [83.57205909156946, 28.948684598560316],
                        [83.57478230988076, 28.953879782261772],
                        [83.5788482028524, 28.95507183109164],
                        [83.58250968951435, 28.96126829692657],
                        [83.58154843931517, 28.964930054230166],
                        [83.58534730683805, 28.967684074368417],
                        [83.58701021555783, 28.971273401473997],
                        [83.58651427772001, 28.97583535253615],
                        [83.59196839562497, 28.983630057338384],
                        [83.5984219476588, 28.985741402252486],
                        [83.60416621767428, 28.9803060509113],
                        [83.60895683359912, 28.980201233663085],
                        [83.61492205787073, 28.9876774501313],
                        [83.61433446015731, 28.99789988974032],
                        [83.6168669056532, 29.006159898794927],
                        [83.61208373566546, 29.015045342357272],
                        [83.61639368903512, 29.01850121033377],
                        [83.61401355957388, 29.022340312195606],
                        [83.61521875510125, 29.026486526643737],
                        [83.61250285580148, 29.036081472073473],
                        [83.61889263292694, 29.045750895490187],
                        [83.61807317264793, 29.055125895510837],
                        [83.62030069668418, 29.060469377268884],
                        [83.62648509554333, 29.062427390189484],
                        [83.63091397074484, 29.062427681747018],
                        [83.63119171111298, 29.066442066190724],
                        [83.62941941953974, 29.071559506053436],
                        [83.63095378247893, 29.080081560299277],
                        [83.62331115565536, 29.088256185977958],
                        [83.61488272095691, 29.094297368094647],
                        [83.61631743911009, 29.098438572385867],
                        [83.62051344827634, 29.097785138341305],
                        [83.6286735119207, 29.106492663430007],
                        [83.63621274946517, 29.10733663785342],
                        [83.64609210723029, 29.10410122146129],
                        [83.64980411966656, 29.104459959615316],
                        [83.65244343414855, 29.10919741966961],
                        [83.65046835419882, 29.114719314744754],
                        [83.65156595537624, 29.119492326484465],
                        [83.66246114634433, 29.124736338825098],
                        [83.66747731066309, 29.123320987438074],
                        [83.67644771128175, 29.123800838957127],
                        [83.67873868845506, 29.12503344979204],
                        [83.67959232888727, 29.130495264248747],
                        [83.67483265215452, 29.137020221650246],
                        [83.67636030897228, 29.14724158504637],
                        [83.67266531334316, 29.152433364260467],
                        [83.6632061435081, 29.155687253118824],
                        [83.66203110809896, 29.165142593798134],
                        [83.66563924588937, 29.168791073616664],
                        [83.6623589525842, 29.173444522956483],
                        [83.65728526430154, 29.176093590641784],
                        [83.64905354191443, 29.168335046147988],
                        [83.64385677214028, 29.167008458899137],
                        [83.643719814277, 29.162945455680113],
                        [83.63328175872262, 29.15843745130188],
                        [83.62950329016671, 29.160522573098348],
                        [83.62657970555284, 29.165477131598085],
                        [83.62270667057345, 29.16828818501488],
                        [83.61462126400217, 29.171326211262695],
                        [83.61430667194318, 29.174778889255894],
                        [83.61071022604804, 29.18046874403816],
                        [83.60738903873772, 29.18103426314721],
                        [83.60431070565932, 29.178076923618125],
                        [83.59604482795586, 29.17492126837461],
                        [83.58849704592457, 29.17448324856601],
                        [83.57844381668642, 29.178780753170898],
                        [83.57596141008783, 29.187385232489106],
                        [83.56985442260118, 29.190451663265605],
                        [83.56934267213624, 29.196725453021312],
                        [83.57216036410613, 29.199175209897067],
                        [83.57196275896472, 29.20250177521645],
                        [83.56310357113392, 29.206052992732857],
                        [83.55540278339612, 29.20399068228049],
                        [83.55229009838042, 29.200111739403724],
                        [83.54030661216447, 29.202315593796925],
                        [83.53594979594591, 29.203809634788026],
                        [83.52998573335253, 29.209601817729748],
                        [83.5303622276154, 29.213356665733738],
                        [83.52014778224783, 29.21713034008363],
                        [83.51745705695824, 29.22141552666139],
                        [83.51807542655038, 29.22664424160836],
                        [83.51637974395302, 29.2313818404654],
                        [83.52136898592255, 29.23533824420247],
                        [83.52228940471333, 29.23922140002079],
                        [83.51768231285297, 29.240562764966484],
                        [83.51942698232656, 29.245046629663975],
                        [83.5168262366435, 29.246719995367222],
                        [83.5140490884067, 29.25384698126369],
                        [83.50337231103452, 29.25858530991411],
                        [83.49109670984494, 29.26526561966597],
                        [83.4934876007176, 29.272892204614255],
                        [83.48751378384745, 29.27597776156571],
                        [83.4876913052389, 29.279720669065114],
                        [83.47869412306201, 29.28100990501449],
                        [83.47060024772281, 29.273796002259246],
                        [83.4667389596632, 29.273728759268604],
                        [83.46243904077532, 29.276779283520916],
                        [83.46207740869558, 29.28246437804033],
                        [83.4598858790111, 29.28613231622125],
                        [83.45498135199342, 29.28637634072443],
                        [83.45563641886093, 29.29087681087307],
                        [83.45103774314515, 29.293185835691883],
                        [83.45146973016837, 29.29702223850358],
                        [83.44359411584759, 29.299766420384156],
                        [83.44366126938081, 29.30689470134308],
                        [83.43809616620928, 29.30909315877589],
                        [83.43991596269974, 29.31298951528746],
                        [83.43929115272176, 29.316889271117454],
                        [83.44323702891458, 29.32111031985617],
                        [83.4464535505033, 29.32907269832731],
                        [83.44270918664486, 29.334928597141076],
                        [83.44480759935122, 29.340387001769898],
                        [83.44032942508194, 29.347814243491367],
                        [83.43681278482873, 29.350456567709994],
                        [83.4285896031106, 29.34977424828237],
                        [83.42240698674222, 29.356611579972437],
                        [83.41720088801223, 29.35624609193207],
                        [83.41504124810008, 29.35901330146026],
                        [83.4167592041472, 29.364865225321925],
                        [83.41309271799526, 29.367098022944184],
                        [83.41538215791353, 29.376022359966626],
                        [83.41179380362178, 29.380330653946686],
                        [83.42098805644184, 29.383280654357748],
                        [83.42350445070183, 29.386902860078624],
                        [83.4212122868035, 29.39166588282044],
                        [83.42036440676851, 29.39742983626742],
                        [83.4260137177502, 29.402610636355377],
                        [83.42005995813031, 29.405799182523896],
                        [83.41607828453805, 29.41009228334638],
                        [83.41460033374163, 29.420242883787807],
                        [83.4045727756821, 29.422381899296347],
                        [83.39670786360067, 29.42144654709319],
                        [83.38003308463328, 29.42353989699248],
                        [83.37647392079896, 29.42755628116013],
                        [83.3713316623369, 29.428511047100837],
                        [83.37063094720006, 29.43433849765823],
                        [83.36445080722471, 29.4393233739911],
                        [83.3629456907736, 29.445704072311653],
                        [83.36612216958123, 29.45001616134674],
                        [83.36186489776074, 29.4517935523532],
                        [83.35349554035194, 29.45154337890431],
                        [83.35157633901817, 29.458648253407617],
                        [83.34226689220776, 29.465797940869333],
                        [83.34397517382126, 29.46809350680534],
                        [83.34201267497436, 29.47478973027199],
                        [83.34758077746412, 29.478532035310202],
                        [83.3478282377276, 29.484722654057784],
                        [83.34533548233082, 29.489208072582386],
                        [83.34522770411026, 29.49424423044459],
                        [83.33199307044127, 29.499959487200623],
                        [83.32922793412989, 29.503543236771502],
                        [83.32023938535784, 29.50454643634638],
                        [83.31573365711311, 29.508878838573306],
                        [83.3114642300526, 29.50629219662636],
                        [83.30961673857253, 29.502944352112838],
                        [83.30231292460104, 29.49971465905975],
                        [83.29327799424064, 29.50429758948371],
                        [83.29193502210119, 29.50276120928811],
                        [83.2819938345372, 29.498686240432605],
                        [83.27469098689414, 29.503026909209552],
                        [83.27291390508195, 29.50653811737688],
                        [83.26835159205903, 29.50933709790441],
                        [83.26655668841536, 29.51338719381115],
                        [83.26889147642416, 29.517320240709623],
                        [83.26868315598806, 29.52208279695917],
                        [83.26517005636218, 29.525737713884638],
                        [83.26374822425173, 29.53292283805148],
                        [83.2594143392921, 29.537678264735913],
                        [83.25599771193144, 29.539123014043035],
                        [83.25411935180995, 29.544597976317334],
                        [83.25870502927552, 29.551108383131876],
                        [83.25552993900038, 29.555132522070306],
                        [83.25616867879192, 29.557434505832493],
                        [83.26374376319363, 29.55493923469167],
                        [83.26702403056478, 29.55666481329239],
                        [83.27399106654589, 29.554467816801612],
                        [83.2792597143402, 29.557906895480425],
                        [83.28190555159856, 29.557463353090675],
                        [83.2839086651184, 29.562835638101127],
                        [83.2778212420153, 29.568906227371595],
                        [83.26969099076351, 29.56808804772312],
                        [83.26182526549435, 29.573225569995877],
                        [83.26074657080326, 29.5775840234089],
                        [83.24644916105825, 29.5766803779285],
                        [83.23191911526024, 29.577819601419154],
                        [83.23092107491033, 29.580263358710347],
                        [83.214395323994, 29.589236074566973],
                        [83.21628785805545, 29.593207923271837],
                        [83.21791731736667, 29.605455999628706],
                        [83.20298893523585, 29.607379083146647],
                        [83.19920772529656, 29.606183446637825],
                        [83.19672289781705, 29.611096700790597],
                        [83.18620582147737, 29.605599166977083],
                        [83.18868727114659, 29.600789778086924],
                        [83.18832126637183, 29.597426834395403],
                        [83.18249700520185, 29.594052929505],
                        [83.17526252838647, 29.59224210705488],
                        [83.16845194781949, 29.595600936558387],
                        [83.16383554156366, 29.594311107626016],
                        [83.15883470697749, 29.598082302758545],
                        [83.15975710301358, 29.602980300748673],
                        [83.1634108538464, 29.609030109362834],
                        [83.1650804879459, 29.61565145921551],
                        [83.16178938111386, 29.618339594058497],
                        [83.14957230519148, 29.623817078408145],
                        [83.14547457886559, 29.622509634467832],
                        [83.14193338857231, 29.624798677395926],
                        [83.1356065498442, 29.622445732062776],
                        [83.13128698400149, 29.617868214368283],
                        [83.12017515111194, 29.628513048630246],
                        [83.11673944820559, 29.624732533098864],
                        [83.11639954354793, 29.616387239839316],
                        [83.1084736143054, 29.61683494713242],
                        [83.10531201360043, 29.618349631146636],
                        [83.10114079004151, 29.61436537189336],
                        [83.08957467621225, 29.611485205594835],
                        [83.09138311033763, 29.605834072216076],
                        [83.08615495026893, 29.602685593604562],
                        [83.08190707600336, 29.606395869545622],
                        [83.069250542383, 29.609884906583485],
                        [83.06619427846205, 29.618522181686004],
                        [83.06557083644874, 29.625834492395832],
                        [83.06201178870111, 29.627417537828794],
                        [83.05449464052785, 29.62669204900449],
                        [83.05013754598882, 29.629798253269758],
                        [83.0432642752901, 29.63079761444455],
                        [83.04150917948665, 29.637880678340757],
                        [83.03733138293127, 29.64949297074192],
                        [83.03337088787217, 29.654169035262758],
                        [83.0238095229298, 29.650262433960485],
                        [83.02094628069946, 29.650633792092197],
                        [83.02102381713416, 29.657425536870154],
                        [83.01394559466956, 29.660453956196843],
                        [83.01367460225262, 29.664904163092455],
                        [83.008107765773, 29.672458809394854],
                        [83.0004314153679, 29.66453429987862],
                        [82.99155558923685, 29.663323522099073],
                        [82.98624465102435, 29.66813442770585],
                        [82.97542657963366, 29.66737463942494],
                        [82.96492780209378, 29.662441683472153],
                        [82.9570595050731, 29.662224328534194],
                        [82.94754942243962, 29.6685207188515],
                        [82.94672537529569, 29.673191896298125],
                        [82.94084178582077, 29.674078721026977],
                        [82.94747198370624, 29.687244475600107],
                        [82.94833615093158, 29.691536589842617],
                        [82.94291476112684, 29.694808887788028],
                        [82.9343451699254, 29.70442035807187],
                        [82.9266559239388, 29.7005827190335],
                        [82.91945348235707, 29.705988977299448],
                        [82.91485672732988, 29.706355119793816],
                        [82.90829762135579, 29.700374011269183],
                        [82.89803091490431, 29.702605204987854],
                        [82.88778362518202, 29.699637257120383],
                        [82.88608799866567, 29.692703500933305],
                        [82.87712273717844, 29.692045921286304],
                        [82.8682045746855, 29.686221073488518],
                        [82.86057977464927, 29.684520612142475],
                        [82.84946622633173, 29.68771282769357],
                        [82.84650583564749, 29.689944761495436],
                        [82.8385342002256, 29.691740281402147],
                        [82.8349112998483, 29.689651544127894],
                        [82.82634509079918, 29.68983533088633],
                        [82.8185120307791, 29.696152807024458],
                        [82.81485852386415, 29.705547499924435],
                        [82.82018693962245, 29.710730538590248],
                        [82.82111595271424, 29.716083929502858],
                        [82.81778724264115, 29.721083661645643],
                        [82.80588673603202, 29.721389571862268],
                        [82.79752367880964, 29.71898866471353],
                        [82.79275668298045, 29.72006392700376],
                        [82.78197104378482, 29.72556055930552],
                        [82.77881610869342, 29.725080429753138],
                        [82.77413513481734, 29.72759018577721],
                        [82.76282392088252, 29.73112955335019],
                        [82.76614997486232, 29.733740674928434],
                        [82.76662998170698, 29.742401000277464],
                        [82.76135241251731, 29.74744644757893],
                        [82.76183742032457, 29.749879978308215],
                        [82.75696471283977, 29.762044518163012],
                        [82.75209924367053, 29.765519180219048],
                        [82.74784374802533, 29.766220986348436],
                        [82.74463712052385, 29.769433698722793],
                        [82.73917469631692, 29.7686532492644],
                        [82.73415146876373, 29.77057186698856],
                        [82.72770394204471, 29.76916814735834],
                        [82.72391424446035, 29.77047346655205],
                        [82.71871229633716, 29.76609529379989],
                        [82.71567091417798, 29.768440652693297],
                        [82.7108163192791, 29.768864725535916],
                        [82.70714527340176, 29.765091895249775],
                        [82.69761545958458, 29.7616110085969],
                        [82.69315151770134, 29.76113392066685],
                        [82.68973100147151, 29.763432028146454],
                        [82.68908489018465, 29.77007196177498],
                        [82.68639162915561, 29.773416857885206],
                        [82.69602120301924, 29.78174385589153],
                        [82.69400672579732, 29.791117138060276],
                        [82.70092164291987, 29.794737344949652],
                        [82.70594594158054, 29.79240057822731],
                        [82.71291588567415, 29.794335944269758],
                        [82.71986781524146, 29.800172445122243],
                        [82.72880727119897, 29.80365294785884],
                        [82.73032202158143, 29.80874187168944],
                        [82.7372226485955, 29.814446197189216],
                        [82.73276575716982, 29.817515778144944],
                        [82.7269597870962, 29.830382674662616],
                        [82.72689396092618, 29.834576782167556],
                        [82.7243892443254, 29.83746191174156],
                        [82.71930359637436, 29.838959816498946],
                        [82.71522661379038, 29.837860230497228],
                        [82.71048074451485, 29.838767946692947],
                        [82.7037905902267, 29.84523367667743],
                        [82.70043838833453, 29.853058018821933],
                        [82.69709236345372, 29.85528925827673],
                        [82.68634721183965, 29.85203445667205],
                        [82.68403525889572, 29.846883027675876],
                        [82.67594869110273, 29.84324792814871],
                        [82.67266024885693, 29.844092236111365],
                        [82.66222221006771, 29.842498409503783],
                        [82.65756987823637, 29.840962730546273],
                        [82.65563807233758, 29.83828870020796],
                        [82.64827633323792, 29.838125601009992],
                        [82.6461993463438, 29.836079134837824],
                        [82.63909055330913, 29.83382754667462],
                        [82.61981029232254, 29.838088224564586],
                        [82.6188289094792, 29.841968222960404],
                        [82.62169765956281, 29.84726864739097],
                        [82.63182578091117, 29.84992018193774],
                        [82.6309692777727, 29.85581086840009],
                        [82.6330811183926, 29.858660822977935],
                        [82.64040977900902, 29.862868042835412],
                        [82.64239011028025, 29.870080274852974],
                        [82.63760454384379, 29.874803009212737],
                        [82.63056463657306, 29.877648383931422],
                        [82.62037881589023, 29.878992350110746],
                        [82.60849720804268, 29.88442215822046],
                        [82.6022785912387, 29.88899757108966],
                        [82.60154611470985, 29.892758209219895],
                        [82.59573987746604, 29.90046789744506],
                        [82.59570526173488, 29.90327976003814],
                        [82.58994243607722, 29.90891258200531],
                        [82.58466247055856, 29.921236909694894],
                        [82.57978725975639, 29.92142350362933],
                        [82.57675261122046, 29.92457285004241],
                        [82.571602769072, 29.926914363207104],
                        [82.56655966000388, 29.932405083471426],
                        [82.56528325518595, 29.939391161191654],
                        [82.56334975550239, 29.943192587596958],
                        [82.56464113890588, 29.946352624980545],
                        [82.56262022912593, 29.949374997880764],
                        [82.56297899882637, 29.955152087913074],
                        [82.55102428284681, 29.960230552390378],
                        [82.54902012133229, 29.963277736172035],
                        [82.54404265568384, 29.964406741396367],
                        [82.52917762272942, 29.970925776063652],
                        [82.52298091129069, 29.96172091674977],
                        [82.51494669066075, 29.952952987131777],
                        [82.50823094348203, 29.948926073234595],
                        [82.49914018720867, 29.945963336136717],
                        [82.4946331441881, 29.95082731035318],
                        [82.48828365292502, 29.953230925407016],
                        [82.48581947704648, 29.957054154524844],
                        [82.48101334535491, 29.959009334370247],
                        [82.47375746449343, 29.965202080739108],
                        [82.47701013024475, 29.96894521745045],
                        [82.47604785489344, 29.973581331536682],
                        [82.4616275011236, 29.98069912969298],
                        [82.4539725787986, 29.97934288975387],
                        [82.44677532274622, 29.982069647543387],
                        [82.44372186061686, 29.985467845259407],
                        [82.43203664219749, 29.98894658957415],
                        [82.42357879072097, 29.995745072606063],
                        [82.42063533728204, 30.004136678129857],
                        [82.41444822110167, 30.008535483815514],
                        [82.40855854407309, 30.01091916990234],
                        [82.4064938050759, 30.015126805856664],
                        [82.40089524085488, 30.0160479464895],
                        [82.39779728397869, 30.02255997555322],
                        [82.39276499773666, 30.02453471314658],
                        [82.38720890708359, 30.02041232722258],
                        [82.38115478475933, 30.02734070883607],
                        [82.37579522852958, 30.02630766142357],
                        [82.37752704941174, 30.02035393409678],
                        [82.37560907432099, 30.016720682230925],
                        [82.36289638509764, 30.01036939563978],
                        [82.36178264817974, 30.017279418865396],
                        [82.35959118195588, 30.02123738825301],
                        [82.35464583352983, 30.025656648173417],
                        [82.34969346947906, 30.02471978514262],
                        [82.34416868742136, 30.029845907916965],
                        [82.34350776340682, 30.03675574887851],
                        [82.33765479301643, 30.04101669867737],
                        [82.33401136356495, 30.046842783499596],
                        [82.32062283695855, 30.049442834740127],
                        [82.31847962908995, 30.043418179042426],
                        [82.31098364643199, 30.03783490010671],
                        [82.30500116449379, 30.037371165196504],
                        [82.28937406726892, 30.04326024921348],
                        [82.28513075923642, 30.047176192111603],
                        [82.28533321006542, 30.05131024536839],
                        [82.28280952769727, 30.055827221071997],
                        [82.28287925753703, 30.059475378845114],
                        [82.27855428657664, 30.062708635462933],
                        [82.2658387981652, 30.06199500748489],
                        [82.25863079056037, 30.065027488040887],
                        [82.24922170682574, 30.074401902850635],
                        [82.24395609972605, 30.075335859983333],
                        [82.23318482626738, 30.06926714066044],
                        [82.23131948376185, 30.064884710620955],
                        [82.21882369546486, 30.068305074574177],
                        [82.21107336741184, 30.066080915588124],
                        [82.20664076228401, 30.067395850830504],
                        [82.19936415046398, 30.06674980000229],
                        [82.18798403183351, 30.069640606943494],
                        [82.18220006408237, 30.067189435359744],
                        [82.17179709700979, 30.06515140704572],
                        [82.16611141135684, 30.076004489880027],
                        [82.16581590526337, 30.081482783962134],
                        [82.16839227454635, 30.085898157347714],
                        [82.17698784604634, 30.088870509512113],
                        [82.18150769485356, 30.09658116591393],
                        [82.17895134977813, 30.10014929099688],
                        [82.18107500459084, 30.105885535420963],
                        [82.18476959530616, 30.110326611335093],
                        [82.17915373085403, 30.11713826217918],
                        [82.17164000543902, 30.117530235323343],
                        [82.17071117119119, 30.12191362239266],
                        [82.17673221264594, 30.122180063738092],
                        [82.1779902520108, 30.12713699209645],
                        [82.18176640475356, 30.131009060615245],
                        [82.18685127624907, 30.133696510343245],
                        [82.19717435949711, 30.13666532631053],
                        [82.19795055809362, 30.143252468139416],
                        [82.20021771410686, 30.144796857500967],
                        [82.2053793223801, 30.153810839953422],
                        [82.19208802619511, 30.160005492453624],
                        [82.18230873568253, 30.16060591129085],
                        [82.1817083287492, 30.16624487307823],
                        [82.18529714314091, 30.16960873642326],
                        [82.18624294109348, 30.176253001157306],
                        [82.18410045345988, 30.18099021016202],
                        [82.18687034985514, 30.1857709907878],
                        [82.18432778700803, 30.190768857126717],
                        [82.17877851825162, 30.192383933806134],
                        [82.16246126418484, 30.18926185331893],
                        [82.15863554170745, 30.189216800430575],
                        [82.15295908294371, 30.191858026804987],
                        [82.15207409636413, 30.194114239159],
                        [82.14174007642099, 30.197474642188084],
                        [82.13960858537679, 30.20232165388862],
                        [82.13251728248424, 30.206909175705],
                        [82.13100646197768, 30.214542560589543],
                        [82.13328826527608, 30.217995833290935],
                        [82.12638911241463, 30.226243952435418],
                        [82.11262666175607, 30.224758069541092],
                        [82.10927160025412, 30.225932159189085],
                        [82.10589776198304, 30.231702376968496],
                        [82.10025576866198, 30.23580696812044],
                        [82.0982818464491, 30.239246926397602],
                        [82.10513772874013, 30.24477994743219],
                        [82.10453755224505, 30.248368475499777],
                        [82.1069724047444, 30.254533931954843],
                        [82.11700302452557, 30.25752711433324],
                        [82.11818808559646, 30.26192809295637],
                        [82.11532231078913, 30.264144591751364],
                        [82.11709440145249, 30.269214953216895],
                        [82.11354958303582, 30.275113093968343],
                        [82.11011379626748, 30.275669989363475],
                        [82.11627517564645, 30.28601398371068],
                        [82.11782673358414, 30.29113127528792],
                        [82.11604205246267, 30.293712879998726],
                        [82.12534198325791, 30.30175863845829],
                        [82.12528873347972, 30.30522981064904],
                        [82.1227047426188, 30.310032943846878],
                        [82.11990395014752, 30.318870131612176],
                        [82.12089844197313, 30.321743687970727],
                        [82.11856853667456, 30.326765616299202],
                        [82.11384658008127, 30.328973086451473],
                        [82.11021988460499, 30.33869661487293],
                        [82.111189529586, 30.343460306605564],
                        [82.10481934835256, 30.349479204344444],
                        [82.09911471634241, 30.34857564079202],
                        [82.09141515651217, 30.351531245136666],
                        [82.08951640089393, 30.35546653225879],
                        [82.08522729428876, 30.359090187428407],
                        [82.08157159735354, 30.35979256667233],
                        [82.07330469743923, 30.35861586411658],
                        [82.06581154942711, 30.355276378321218],
                        [82.06434627789429, 30.350895206213092],
                        [82.06522216865422, 30.347196380252285],
                        [82.05952531930107, 30.344622162595382],
                        [82.05647483159268, 30.340028174502066],
                        [82.05590041696358, 30.333515403804125],
                        [82.04127434939245, 30.340813182290617],
                        [82.03852822647441, 30.340947753039917],
                        [82.03040003992481, 30.337552637198918],
                        [82.02263214189884, 30.342257014150732],
                        [82.021119496957, 30.34437747832325],
                        [82.01128001496045, 30.34255506449878],
                        [82.01255154226612, 30.332457723860585],
                        [82.0118146955694, 30.329883517454682],
                        [82.00393756991568, 30.32804982144125],
                        [81.99802697152816, 30.32060099659383],
                        [81.99365223051808, 30.322170158676144],
                        [81.98725594946261, 30.32098942258733],
                        [81.986583951454, 30.325468865087725],
                        [81.98227484532545, 30.32929231460685],
                        [81.97388991160557, 30.330665308811934],
                        [81.96910586783244, 30.337750631536643],
                        [81.95686517954954, 30.34096195637922],
                        [81.96240591910417, 30.347003595872447],
                        [81.95985602272648, 30.353161038611955],
                        [81.95538619433009, 30.353523062171174],
                        [81.94921893952306, 30.35886771510278],
                        [81.94599085853913, 30.35709370891736],
                        [81.94451171453869, 30.349499840131212],
                        [81.93898995473667, 30.34739039412463],
                        [81.92330227815339, 30.348875581321057],
                        [81.9189313380516, 30.351048809645288],
                        [81.91604126017158, 30.349885127066102],
                        [81.90943953540321, 30.353593677066083],
                        [81.90417976942534, 30.353192636013894],
                        [81.89198280666672, 30.35737868312195],
                        [81.88830393458721, 30.360788869144496],
                        [81.88204879959795, 30.360716219297203],
                        [81.87842520389276, 30.365485589856224],
                        [81.87863393006582, 30.36839794307348],
                        [81.86765189573883, 30.37722163365061],
                        [81.86198930289451, 30.37721173783764],
                        [81.85376764722234, 30.37927516902418],
                        [81.84536135313466, 30.373894677371872],
                        [81.84007559364545, 30.376483977910475],
                        [81.83148337589235, 30.374843005534448],
                        [81.82565055210473, 30.375062646728924],
                        [81.82008008022478, 30.377745373278366],
                        [81.814802439534, 30.38377510011149],
                        [81.80869546546792, 30.387184624015763],
                        [81.80417410949225, 30.386204400191165],
                        [81.7906240527938, 30.388907754955742],
                        [81.78277658243884, 30.385348849296324],
                        [81.77394119940617, 30.384271631597016],
                        [81.76208299408289, 30.389007445909545],
                        [81.75101352975756, 30.388694935976858],
                        [81.74458708228995, 30.39302118180377],
                        [81.73909652129672, 30.393361380162055],
                        [81.73733827999972, 30.39575506588964],
                        [81.7315836518967, 30.398205061995633],
                        [81.7292471476134, 30.402115219822758],
                        [81.72914046106997, 30.409118431379913],
                        [81.72415716043277, 30.411773544505717],
                        [81.71425603018554, 30.41171527820531],
                        [81.70648756129586, 30.41702584808951],
                        [81.69925038435323, 30.41968542646091],
                        [81.69510169507161, 30.42353250131532],
                        [81.68913991931872, 30.425411111437096],
                        [81.67221478097481, 30.42752234843459],
                        [81.6676293638814, 30.430121409875056],
                        [81.6553371765589, 30.43394324182348],
                        [81.6464545410952, 30.439686568451897],
                        [81.63945105908905, 30.440381898317316],
                        [81.63437686116339, 30.44479765574787],
                        [81.62004217291295, 30.447198467260574],
                        [81.61724365714448, 30.44220052385459],
                        [81.61889447184605, 30.43363617133489],
                        [81.62190152676231, 30.425590913595414],
                        [81.61671215113195, 30.420814038960987],
                        [81.61170928282095, 30.414240899967883],
                        [81.60669995656839, 30.41209690303074],
                        [81.60228290411615, 30.4140027828289],
                        [81.59364726307159, 30.41519704293384],
                        [81.58736627005851, 30.41768821602592],
                        [81.58134779742376, 30.4236758732508],
                        [81.56457974953001, 30.429737241691747],
                        [81.56082830137532, 30.42805515780286],
                        [81.55845915491737, 30.423559236407062],
                        [81.55765554112782, 30.41587220182166],
                        [81.55944620171518, 30.407709375191473],
                        [81.55188366603305, 30.40554040653737],
                        [81.55052524948296, 30.401202421941566],
                        [81.55058460489057, 30.39218996316301],
                        [81.54959764059734, 30.384580230328208],
                        [81.55080109631874, 30.378255845949877],
                        [81.55553296297492, 30.373943947887717],
                        [81.55103360266544, 30.369856081520886],
                        [81.54641900990073, 30.372108175091984],
                        [81.53764530752873, 30.370953781944777],
                        [81.53318403534506, 30.371677960271327],
                        [81.51221872185073, 30.379441170007805],
                        [81.49654727151871, 30.382318544287536],
                        [81.49253041253097, 30.38105947981894],
                        [81.48772381023284, 30.38194357615881],
                        [81.47563353318505, 30.38903829197587],
                        [81.47131349826202, 30.39913289807844],
                        [81.46536203261212, 30.404350505767987],
                        [81.45529444079804, 30.406821750437953],
                        [81.45190044413913, 30.411538066756506],
                        [81.43912976489764, 30.41844004086164],
                        [81.43580201755312, 30.413006881741524],
                        [81.42756967413398, 30.42183886320006],
                        [81.42580319259392, 30.4205997058452],
                        [81.41372618431444, 30.42023256431451],
                        [81.40819699320699, 30.42118814365541],
                        [81.40593923954357, 30.41814152532686],
                        [81.40648037190267, 30.413879623608565],
                        [81.40285394281614, 30.410304847423276],
                        [81.40476003509464, 30.40480495761916],
                        [81.40061029683922, 30.39835175826019],
                        [81.40133506296483, 30.395528097987924],
                        [81.40661427117905, 30.395486991355337],
                        [81.41181527725101, 30.39352662724163],
                        [81.42057216113125, 30.38530509514118],
                        [81.42910540031399, 30.382929567661655],
                        [81.42250425607298, 30.3762189198039],
                        [81.41999183891049, 30.370500737335217],
                        [81.4120501616568, 30.371847681847232],
                        [81.40224761001954, 30.370281438086767],
                        [81.39729829080242, 30.37054015498738],
                        [81.3955797156191, 30.36731574717543],
                        [81.39953440462506, 30.36476192098704],
                        [81.39948768126929, 30.35726756724412],
                        [81.40570132833382, 30.353648998413142],
                        [81.40243659909683, 30.343552781066364],
                        [81.40571985607644, 30.339074877024842],
                        [81.40560654933388, 30.336339510053246],
                        [81.39897310679942, 30.328998483309956],
                        [81.39649125108683, 30.323110503172458],
                        [81.40526811119459, 30.31603792466987],
                        [81.41461287517562, 30.316344654786732],
                        [81.4231635984463, 30.305026974280448],
                        [81.41682252319279, 30.302523556174833],
                        [81.41020658224802, 30.29494848947675],
                        [81.40192619830195, 30.29321047112449],
                        [81.40341994210847, 30.28604966942844],
                        [81.4017217585887, 30.281785485870007],
                        [81.41512992377768, 30.284050902452687],
                        [81.41648909620127, 30.281585967008663],
                        [81.41502586068275, 30.275056813778768],
                        [81.41055923379128, 30.26823489379519],
                        [81.40863594133718, 30.261515374834026],
                        [81.39991406916398, 30.255743795213398],
                        [81.39514200122468, 30.251321956105194],
                        [81.39631208576701, 30.241687944948893],
                        [81.39016933886538, 30.233611807197004],
                        [81.39372866144632, 30.226997421099234],
                        [81.39685320802752, 30.218293474974857],
                        [81.39512758556447, 30.21425251865898],
                        [81.39633195991725, 30.208923914081133],
                        [81.39145750971493, 30.205544225978333],
                        [81.3740552151372, 30.19622160581156],
                        [81.37086231869787, 30.19104554855471],
                        [81.37013144271343, 30.186523214937612],
                        [81.35891925088467, 30.18275859733969],
                        [81.35711573116808, 30.18043366491675],
                        [81.35052356343355, 30.177970490876106],
                        [81.34116913167661, 30.166679796490893],
                        [81.33398830669202, 30.160333481625358],
                        [81.33201827689575, 30.153148193510727],
                        [81.31665285945833, 30.151896091969167],
                        [81.30941601879498, 30.15671059720374],
                        [81.30929858508324, 30.160671408695062],
                        [81.29068971322131, 30.157605994378013],
                        [81.2874024021758, 30.155069061948105],
                        [81.27412243420552, 30.15449755260701],
                        [81.26471559248121, 30.152060710665353],
                        [81.25798128848818, 30.15122156903477],
                        [81.2561451937124, 30.146464054988055],
                        [81.2570463096531, 30.143681267467194],
                        [81.26437062832335, 30.13607496454439],
                        [81.27226940370244, 30.133250843470773],
                        [81.27403173239458, 30.12942647944007],
                        [81.2785803814408, 30.124642120637603],
                        [81.28241607205997, 30.12293108669605],
                        [81.28453790150749, 30.116435416747546],
                        [81.2903406178677, 30.11216440230996],
                        [81.28816314731672, 30.106706574131493],
                        [81.28509610177865, 30.10505774798832],
                        [81.28847063347352, 30.098498414716936],
                        [81.28909386995062, 30.09470103173625],
                        [81.28703646278323, 30.0882279889097],
                        [81.28885168141926, 30.083223736648147],
                        [81.28585524929017, 30.078369713721877],
                        [81.28762636830535, 30.075634495823923],
                        [81.2873642654661, 30.069732611552936],
                        [81.27962552918062, 30.06596685655071],
                        [81.27840086109474, 30.060594721611945],
                        [81.2744928067975, 30.05897450582774],
                        [81.27409169415974, 30.054552417002846],
                        [81.27132513605189, 30.05140048683478],
                        [81.27184999918457, 30.045187891893534],
                        [81.28154744105329, 30.04322552757778],
                        [81.28454988490327, 30.037467675890607],
                        [81.29092974084966, 30.034907319835703],
                        [81.30015949770907, 30.033253606894718],
                        [81.30611790518343, 30.0310520860951],
                        [81.30979830275102, 30.032795975147287],
                        [81.31496853680106, 30.032253661842002],
                        [81.31833850946173, 30.02563477043957],
                        [81.33165726441167, 30.02405017244151],
                        [81.34634265185537, 30.018707448099015],
                        [81.35693165985612, 30.010476062455606],
                        [81.36243060816463, 30.00949573227333],
                        [81.36798344076566, 30.01086512060912],
                        [81.3754963757485, 30.00912751657806],
                        [81.3764974144137, 30.006388788778583],
                        [81.38183153991625, 30.00713804346923],
                        [81.38380746016172, 30.01351297241911],
                        [81.39011540231682, 30.01680543960227],
                        [81.40470708812659, 30.01958294996069],
                        [81.41252221927424, 30.0185504711728],
                        [81.4185934863069, 30.013005455320187],
                        [81.43013612435112, 30.007510076248746],
                        [81.4335292692782, 30.008164313345954],
                        [81.44015250598244, 30.006867968454255],
                        [81.44441611794717, 30.002933649027298],
                        [81.45439469176357, 30.002353784953208],
                        [81.46303531850639, 29.995478368257768],
                        [81.46056676016295, 29.986805836934195],
                        [81.46344858659839, 29.981664550140565],
                        [81.46993388183745, 29.975035328097967],
                        [81.46817794756463, 29.97114191916236],
                        [81.46857140993353, 29.963620758376276],
                        [81.46397202773798, 29.95785404677337],
                        [81.46084727547269, 29.957625961358993],
                        [81.45264371614076, 29.951090957334493],
                        [81.45275699086697, 29.948959160478562],
                        [81.4584864478242, 29.942558656675867],
                        [81.45466637293038, 29.934679967829382],
                        [81.46010497115228, 29.929593024195324],
                        [81.46038979639877, 29.923538347593194],
                        [81.46255605144808, 29.920664086908978],
                        [81.45994265866909, 29.917522281817867],
                        [81.46155083011345, 29.913242582231415],
                        [81.45787394261845, 29.907616683402573],
                        [81.45666924342684, 29.90046871306028],
                        [81.46438075512067, 29.893303184073318],
                        [81.47057259479571, 29.889755919218043],
                        [81.47873805515388, 29.89185796379156],
                        [81.48281775120509, 29.89150930510075],
                        [81.4926186107683, 29.887092922812254],
                        [81.49472565061757, 29.889480354735166],
                        [81.50370222921099, 29.89270105607803],
                        [81.51168397640333, 29.900844155643703],
                        [81.51660917859671, 29.90389918941766],
                        [81.51197682445981, 29.916595242508105],
                        [81.51638729504171, 29.92235432667242],
                        [81.52820113702657, 29.92402396493269],
                        [81.53480041338617, 29.927506857698972],
                        [81.54212635118807, 29.927019071230067],
                        [81.55014550286738, 29.923469583583774],
                        [81.55560168333918, 29.92706894907752],
                        [81.55946317128422, 29.926046725932633],
                        [81.56319983375255, 29.929889855724813],
                        [81.5700999422247, 29.933392251294112],
                        [81.57752866105963, 29.93384487821148],
                        [81.58059857077593, 29.936084525138863],
                        [81.58671079516877, 29.935890568852543],
                        [81.59115453592298, 29.93052751222699],
                        [81.59634112089329, 29.93127101748293],
                        [81.60251310609638, 29.93008596828265],
                        [81.6050460259466, 29.932417786873224],
                        [81.60587819565797, 29.93716616470691],
                        [81.61277675653686, 29.943160826390226],
                        [81.6173277102017, 29.938978285504238],
                        [81.62649983593263, 29.93829673271048],
                        [81.63432446203906, 29.940753803486565],
                        [81.63684022732352, 29.944693219853992],
                        [81.6461719445215, 29.947902365974834],
                        [81.65155197431872, 29.94356578875822],
                        [81.65722138565769, 29.943330144411785],
                        [81.66524190555411, 29.94022698976423],
                        [81.67059534855491, 29.940610344727205],
                        [81.6752980800713, 29.94364925173697],
                        [81.68724076794274, 29.949203467041986],
                        [81.69672484016105, 29.942594914337185],
                        [81.69888080824067, 29.938609444214194],
                        [81.69736365424464, 29.93142272215691],
                        [81.7097661102146, 29.926272762927177],
                        [81.71066390532513, 29.914237468289663],
                        [81.71609131594366, 29.909295824555628],
                        [81.72680316262203, 29.91221214422174],
                        [81.73121170973873, 29.91073753411847],
                        [81.73382615887255, 29.907691734306198],
                        [81.74248947630265, 29.90723721568177],
                        [81.75087097692872, 29.908991923608376],
                        [81.75388720086414, 29.908334155518247],
                        [81.76167555208444, 29.912315206860963],
                        [81.76924687925037, 29.909454336386666],
                        [81.77522065056071, 29.911126704986625],
                        [81.78545632243265, 29.910287996879926],
                        [81.79910030145152, 29.901612948406044],
                        [81.79841774519964, 29.89644767412282],
                        [81.79368446476387, 29.896090575146296],
                        [81.79622485226298, 29.890364586763564],
                        [81.79589955291766, 29.882244781880786],
                        [81.79659838156985, 29.86678199179741],
                        [81.79146172275075, 29.85324193752904],
                        [81.79409126066955, 29.848771644333695],
                        [81.7890646830243, 29.843237652669398],
                        [81.78066197817807, 29.83920747056491],
                        [81.78305420421002, 29.836367271932453],
                        [81.78266615480985, 29.82217384611229],
                        [81.77907705009935, 29.814312281648338],
                        [81.7802415929876, 29.806988797214252],
                        [81.77353880985827, 29.798078534430207],
                        [81.76440268114374, 29.801751618654627],
                        [81.75810338092282, 29.797346940562054],
                        [81.75119563115427, 29.797950282194087],
                        [81.7466029520965, 29.794554783492323],
                        [81.73967588131721, 29.79242844481528],
                        [81.74011988217782, 29.789252560984693],
                        [81.73711013396681, 29.784584705655583],
                        [81.73536848774489, 29.775360544820163],
                        [81.73006408512731, 29.769144550132832],
                        [81.73261324374145, 29.758859051061982],
                        [81.72789092321688, 29.750693184465295],
                        [81.72636319974578, 29.743950980913482],
                        [81.72818587090609, 29.741520798083222],
                        [81.72598589356143, 29.736512172294972],
                        [81.72637609320745, 29.73309524904121],
                        [81.7229816251576, 29.72958621539711],
                        [81.71979132186912, 29.729127711991822],
                        [81.7148829706283, 29.723885506724347],
                        [81.71250909716152, 29.717973088026874],
                        [81.7124556786034, 29.71408263961456],
                        [81.70846406491805, 29.70281982343327],
                        [81.70857541260752, 29.700193821945543],
                        [81.703967989544, 29.693275964891676],
                        [81.70239769382353, 29.687291439451137],
                        [81.69722147445431, 29.680328954300762],
                        [81.69899054714406, 29.670300543692075],
                        [81.69961332305864, 29.661115162449793],
                        [81.70182216905862, 29.656581181760146],
                        [81.70159040059099, 29.649321857746326],
                        [81.70348266723757, 29.644618074285546],
                        [81.70273547479276, 29.63712695238835],
                        [81.70939365357903, 29.632273752793882],
                        [81.71032214039677, 29.626253267440518],
                        [81.71568100895847, 29.62079541753152],
                        [81.72031181794985, 29.620477139344604],
                        [81.72020752889415, 29.616699678143522],
                        [81.72783032943897, 29.61491676828262],
                        [81.73843047934739, 29.606151928510428],
                        [81.75035886976032, 29.604846723492408],
                        [81.75541796778163, 29.60592100943892],
                        [81.77014993869626, 29.606420488610986],
                        [81.77365440903641, 29.605750540155164],
                        [81.77780533033909, 29.599690478998454],
                        [81.7837848697579, 29.597219359894535],
                        [81.78957402505553, 29.596600876870095],
                        [81.78976094529703, 29.589621219963703],
                        [81.79430349252554, 29.58401162227734],
                        [81.79849282052693, 29.575968184842395],
                        [81.79774778553261, 29.573344981125395],
                        [81.79889839782747, 29.55915313680674],
                        [81.79745116848756, 29.552083963161436],
                        [81.79346329597854, 29.54775918421767],
                        [81.79002483492523, 29.537652328318188],
                        [81.7928881896566, 29.531175412786194],
                        [81.79081157751817, 29.529045018601398],
                        [81.78560974158808, 29.528329322963977],
                        [81.78227857803081, 29.52468142731709],
                        [81.78096502763081, 29.520372122689555],
                        [81.7771248935464, 29.51562407339511],
                        [81.78035647234793, 29.511222656205728],
                        [81.77957650205771, 29.508694255975477],
                        [81.7747844849243, 29.50797569163518],
                        [81.76907980297081, 29.5093079846137],
                        [81.76237375234898, 29.50529333638713],
                        [81.76740152154773, 29.50329758350142],
                        [81.77147052099657, 29.503578554182543],
                        [81.77994372049888, 29.501104470897634],
                        [81.78281799171627, 29.502276215155167],
                        [81.78793114823037, 29.499970191545412],
                        [81.78764554685876, 29.497461421602157],
                        [81.79529980309327, 29.488050848966164],
                        [81.79904242065305, 29.481137735426678],
                        [81.8035046033261, 29.475566695018042],
                        [81.80810371408135, 29.456276437526498],
                        [81.80304801364315, 29.447309636719655],
                        [81.80531629192392, 29.439288668735188],
                        [81.80168725425763, 29.43115443681267],
                        [81.79891742218645, 29.429093713894318],
                        [81.79867104863014, 29.420900725359246],
                        [81.79663044812743, 29.414527414116133],
                        [81.79771612245902, 29.40732791408426],
                        [81.79438779116623, 29.399353921354056],
                        [81.79033884681816, 29.39596992829149],
                        [81.78922800477892, 29.3889639403211],
                        [81.7842206860366, 29.389158099888636],
                        [81.7766843021719, 29.391322476304417],
                        [81.76679198519132, 29.390375984783347],
                        [81.76640906293937, 29.38567754225995],
                        [81.76180254773115, 29.386759499967287],
                        [81.75806114400059, 29.38226511500176],
                        [81.75642218114538, 29.375613711394934],
                        [81.74956329044554, 29.36649696235355],
                        [81.74904956665314, 29.362182670052274],
                        [81.75242428998726, 29.35232694909479],
                        [81.74723448211935, 29.346597533289444],
                        [81.74575906529304, 29.33958410254528],
                        [81.73954095889624, 29.3339052302415],
                        [81.72981557833234, 29.335156473929093],
                        [81.72232502942195, 29.332386749436047],
                        [81.71160365351666, 29.330621823045234],
                        [81.70307444545266, 29.330538395524876],
                        [81.69381974616947, 29.32538761786129],
                        [81.69080237364562, 29.320515341624333],
                        [81.68225905276476, 29.319934460472],
                        [81.67818539540568, 29.32140782691063],
                        [81.66992810878118, 29.31683451096895],
                        [81.66424496655556, 29.319276389216288],
                        [81.65611838352274, 29.3196233657954],
                        [81.65414443569674, 29.32127968325885],
                        [81.64825374423785, 29.321125613517708],
                        [81.6463175903211, 29.32347867959303],
                        [81.64644392594494, 29.32800288374985],
                        [81.64183125124148, 29.334386097957633],
                        [81.64387492986711, 29.34335591700338],
                        [81.6439739000778, 29.35427946203856],
                        [81.63861028494257, 29.356267638066726],
                        [81.63815087609525, 29.361464583928555],
                        [81.63461474333992, 29.364346076737803],
                        [81.62744050580032, 29.366080812552354],
                        [81.62634748719128, 29.368402455440336],
                        [81.61739029746464, 29.37058256231696],
                        [81.61138437654662, 29.370145579425934],
                        [81.60913104845415, 29.36742655090058],
                        [81.59978304933519, 29.365567404102112],
                        [81.59281768205943, 29.36602938682672],
                        [81.58112906101353, 29.36445680517622],
                        [81.573056673449, 29.3607022276024],
                        [81.5731745105188, 29.355076129025072],
                        [81.57035524652507, 29.349665718563113],
                        [81.56633562134276, 29.349087278414533],
                        [81.56073390123908, 29.351668832103663],
                        [81.55641216101054, 29.35614185354597],
                        [81.55026893706021, 29.349477076013976],
                        [81.5504769787591, 29.345679933114667],
                        [81.54806699025016, 29.33925668497942],
                        [81.54034023955667, 29.33222123155931],
                        [81.5357856339918, 29.33107564987122],
                        [81.52879399681831, 29.326030583344544],
                        [81.52376738685014, 29.315056285516462],
                        [81.51797499437735, 29.314898406331004],
                        [81.51617397585736, 29.312342931143633],
                        [81.51096449478878, 29.312665202476186],
                        [81.50784863664049, 29.314542545406542],
                        [81.50370435099686, 29.30316029914494],
                        [81.49988416934947, 29.297246733544892],
                        [81.49064999261866, 29.29055678896525],
                        [81.48374895181816, 29.279540343630973],
                        [81.47273523246643, 29.27479994341452],
                        [81.46811848079996, 29.27186577694766],
                        [81.47779480217612, 29.263936590114582],
                        [81.48694487474081, 29.26332383803697],
                        [81.49109377545483, 29.26161918032687],
                        [81.49464062321032, 29.25709471389345],
                        [81.49313035650299, 29.252196400025422],
                        [81.49510034782487, 29.24478368040152],
                        [81.49811648329887, 29.23877903226574],
                        [81.49471012042008, 29.23624953293148],
                        [81.48644907338786, 29.225407300609042],
                        [81.48557439889628, 29.210746153760038],
                        [81.48215503958058, 29.201205557120304],
                        [81.48458636353661, 29.19269494669369],
                        [81.48991131073943, 29.18655359326229],
                        [81.49008594465334, 29.181249651457954],
                        [81.48667776011156, 29.1758416689763],
                        [81.4884239782897, 29.17129905431738],
                        [81.49513879424754, 29.168797569458484],
                        [81.49525219099837, 29.15990058603072],
                        [81.49897864471598, 29.15167815348282],
                        [81.51213354227737, 29.151299185609915],
                        [81.51821635613736, 29.1535495617811],
                        [81.52455531998746, 29.152678981966552],
                        [81.53321481172526, 29.146506991036837],
                        [81.53291851710993, 29.14087338590671],
                        [81.53432525921478, 29.137628582523213],
                        [81.53972739652808, 29.134223350294132],
                        [81.55230090771718, 29.128505684138574],
                        [81.56186356078348, 29.127410295787616],
                        [81.56087880235312, 29.124890266231652],
                        [81.5534570734161, 29.121086390335872],
                        [81.54767634297689, 29.11538502603698],
                        [81.53570345469447, 29.106356322004213],
                        [81.52457975223346, 29.104735566315444],
                        [81.51719573327291, 29.095964591050606],
                        [81.5146637145576, 29.095385609329817],
                        [81.50978965398699, 29.090664854797645],
                        [81.49938807261148, 29.090703955275256],
                        [81.48300351151791, 29.083074123054654],
                        [81.47171118124918, 29.079505045840172],
                        [81.46869556705376, 29.07746288151959],
                        [81.46770654888444, 29.068698182466036],
                        [81.46453322489366, 29.06562104914846],
                        [81.45918516104011, 29.064631128448294],
                        [81.45320369091388, 29.059702316069615],
                        [81.44402336539562, 29.053725868474668],
                        [81.44285427348284, 29.046890237496527],
                        [81.43860442766997, 29.039302195452578],
                        [81.43235007086986, 29.037120873029],
                        [81.42990660632326, 29.02941843076944],
                        [81.42542039762246, 29.022931534087938],
                        [81.41889179867736, 29.022439988935623],
                        [81.41526957644693, 29.01708924673955],
                        [81.41601830252868, 29.00923673771635],
                        [81.41891912135739, 29.004246929592682],
                        [81.41719086147188, 29.00056412268418],
                        [81.41071082916397, 28.995930337094723],
                        [81.41444583766743, 28.994915046283833],
                        [81.42042522273726, 28.98723353082199],
                        [81.42142134173513, 28.983454206655836],
                        [81.42461451741536, 28.98070563227725],
                        [81.42520388920859, 28.976465159244892],
                        [81.42249154040633, 28.97122666999096],
                        [81.42459041639134, 28.96569558770349],
                        [81.42831049854628, 28.964154407469213],
                        [81.43086537774782, 28.958434536985912],
                        [81.43703406877931, 28.956623540820882],
                        [81.44148077789322, 28.959922796365024],
                        [81.4447083491441, 28.9557772880635],
                        [81.44485941328334, 28.947612985971073],
                        [81.4437742928946, 28.941679333595584],
                        [81.45011815339001, 28.93958061755463],
                        [81.45490889770113, 28.934813812522776],
                        [81.45579240813171, 28.931034551492786],
                        [81.46641712380662, 28.928837153179344],
                        [81.47081588645027, 28.922584481498482],
                        [81.47343538104164, 28.916870298047627],
                        [81.48062785544934, 28.908974380566978],
                        [81.48274129315205, 28.903367866974307],
                        [81.49154463404741, 28.89414359596213],
                        [81.49763274855728, 28.890290849999957],
                        [81.50288911500472, 28.88918852644228],
                        [81.5082628032026, 28.89010239061337],
                        [81.51001923887063, 28.883822247335424],
                        [81.51644937157212, 28.8729359711161],
                        [81.52177700772222, 28.87015436622381],
                        [81.52793655254726, 28.859264086397264],
                        [81.53160323091504, 28.856326159786473],
                        [81.53772483140227, 28.842638325397164],
                        [81.53794392009506, 28.836050438745588],
                        [81.54359094451114, 28.830131065824606],
                        [81.5489936055742, 28.818525529055318],
                        [81.55156211264274, 28.816090040430232],
                        [81.55677623604902, 28.79750083436067],
                        [81.56607595792462, 28.791281226880074],
                        [81.57463399832194, 28.78331577061607],
                        [81.5791990483053, 28.780686265717893],
                        [81.58153121534062, 28.774603549196932],
                        [81.58052640263567, 28.771848977066274],
                        [81.58191214856114, 28.765037126719818],
                        [81.58119029042317, 28.75916153526982],
                        [81.57814527129841, 28.755459210307567],
                        [81.57224526127484, 28.75545050381062],
                        [81.56477862018454, 28.753785428758828],
                        [81.55384298727226, 28.750049935011347],
                        [81.54096683296387, 28.748347037345802],
                        [81.52999975061317, 28.749006324829875],
                        [81.52223263507621, 28.748199665529896],
                        [81.52091556416414, 28.751674200718703],
                        [81.52858308363042, 28.755138799677095],
                        [81.53493736328834, 28.761030905791575],
                        [81.52841040049631, 28.773709640560398],
                        [81.52495014645267, 28.775778213958127],
                        [81.51957855492925, 28.776322338896833],
                        [81.51535774491354, 28.780376466925052],
                        [81.51578192456957, 28.78800189186409],
                        [81.5185281572883, 28.796001815355122],
                        [81.52310940573504, 28.799670226422304],
                        [81.52207266635793, 28.803491170181918],
                        [81.51783136867927, 28.806958916034343],
                        [81.51248095150525, 28.808116296415744],
                        [81.50795601566784, 28.811018589691763],
                        [81.50421818241098, 28.816166935873667],
                        [81.49812423408066, 28.821204259549273],
                        [81.49561404888408, 28.82623050903913],
                        [81.49384147901843, 28.833164716975602],
                        [81.49070590006959, 28.837017816385714],
                        [81.49083507121244, 28.840378568779336],
                        [81.48788062547993, 28.84234284569557],
                        [81.48215015146872, 28.84266117456159],
                        [81.47235273114622, 28.849869495445958],
                        [81.46560055827977, 28.851593804882437],
                        [81.46269222671079, 28.85387542703587],
                        [81.46716596096309, 28.862590119346056],
                        [81.46577808954014, 28.869427779197977],
                        [81.46211467441084, 28.875084453876156],
                        [81.46277234983874, 28.881215831509145],
                        [81.46683706099564, 28.887337633332923],
                        [81.46647541940315, 28.891009162838323],
                        [81.46323979641761, 28.894577723929128],
                        [81.45741939103345, 28.89523602000358],
                        [81.44011046797709, 28.900576784317934],
                        [81.43539116310141, 28.904612031520628],
                        [81.43460090411357, 28.907666675186285],
                        [81.43071419144407, 28.910715526417853],
                        [81.42609797572666, 28.909105985719354],
                        [81.41952372286056, 28.910464393548864],
                        [81.41345042629526, 28.913914239299],
                        [81.40316873075798, 28.908919435347226],
                        [81.3957451821816, 28.908803843335264],
                        [81.38892477499377, 28.903222454874346],
                        [81.38686924508349, 28.899537955311562],
                        [81.38342098277163, 28.89855962342397],
                        [81.37599420828067, 28.893640227246355],
                        [81.36939671047101, 28.891423028872033],
                        [81.35741737322341, 28.889786016497755],
                        [81.34895602411423, 28.889954821202103],
                        [81.34222283291798, 28.89262273088923],
                        [81.33881443118086, 28.895636092325073],
                        [81.33689385470169, 28.900608229463533],
                        [81.33702356631088, 28.90525723679597],
                        [81.33411447290123, 28.908248981060026],
                        [81.32407947079348, 28.908023051869737],
                        [81.32107364783849, 28.914098446571813],
                        [81.31559640885497, 28.9203555403447],
                        [81.30915353902701, 28.92029158265338],
                        [81.30307415437355, 28.92530890822901],
                        [81.29812964345213, 28.925229660618136],
                        [81.29158133200819, 28.92263624844308],
                        [81.28645309140892, 28.922825410450383],
                        [81.28159714032465, 28.918691727605562],
                        [81.27566711776588, 28.91619325422209],
                        [81.27170988983352, 28.90664552340182],
                        [81.26735554571908, 28.903155412733085],
                        [81.26277412325156, 28.902282368015232],
                        [81.25571054649517, 28.90813635277786],
                        [81.25160582108181, 28.913650596567354],
                        [81.24382185776967, 28.915095168879258],
                        [81.24017076930123, 28.912929320046445],
                        [81.23651870465143, 28.9059110477902],
                        [81.21795523301573, 28.90618826740218],
                        [81.20974119879361, 28.907902246109053],
                        [81.2040935923503, 28.9080282203544],
                        [81.19408350129531, 28.9162203859784],
                        [81.18357164509658, 28.91503060222661],
                        [81.16866906681814, 28.921375434899378],
                        [81.16033739808437, 28.92815544160966],
                        [81.15530336434055, 28.93362049032723],
                        [81.14671958156718, 28.93816438934428],
                        [81.14157334035792, 28.94567505836122],
                        [81.13459476854905, 28.94708983202149],
                        [81.13128754782501, 28.9497888492147],
                        [81.12721692172198, 28.956569225629426],
                        [81.1206157183934, 28.96254883006192],
                        [81.11240616031436, 28.965711862518408],
                        [81.10625749404285, 28.96601012534964],
                        [81.10097375471776, 28.963794447704196],
                        [81.09648760894068, 28.96428727905468],
                        [81.08890008468067, 28.967759728321475],
                        [81.08074626433181, 28.967609193871947],
                        [81.07297534752018, 28.969925873219772],
                        [81.06426253055521, 28.970352153687674],
                        [81.05687130355756, 28.973209100013587],
                        [81.05217849735455, 28.97735496394033],
                        [81.04804786351673, 28.977945290203312],
                        [81.04239764150975, 28.970511968323777],
                        [81.0291510682781, 28.963772791396693],
                        [81.02434842143265, 28.956092627969866],
                        [81.01880299800801, 28.95214123373947],
                        [81.00748238931061, 28.95746164843468],
                        [80.99851478510686, 28.954856332085356],
                        [80.99241092731984, 28.94789008594666],
                        [80.98222755655728, 28.941401302617965],
                        [80.98093365619229, 28.93870316117987],
                        [80.98618038583682, 28.934580115079957],
                        [80.99709936363803, 28.929128331743716],
                        [81.00610965479903, 28.92785375839383],
                        [81.01320807916477, 28.92318810066229],
                        [81.02147901452811, 28.91938143985572],
                        [81.02581918442644, 28.91151904213324],
                        [81.03027213571086, 28.90804180028278],
                        [81.03388743482516, 28.898446803689083],
                        [81.04042721121394, 28.888645552508553],
                        [81.047335226135, 28.883921771445177],
                        [81.05140423089303, 28.876832359877604],
                        [81.05752239001013, 28.87353406170924],
                        [81.06117051100708, 28.87387757797676],
                        [81.06661839644984, 28.87720015581291],
                        [81.0706998965417, 28.87758605003038],
                        [81.07380888984947, 28.875075888142433],
                        [81.07187049208628, 28.866425664412233],
                        [81.07458435816028, 28.863696829454323],
                        [81.0890508991432, 28.862806045449187],
                        [81.09254666512709, 28.85597291516625],
                        [81.10167379559974, 28.845185477000314],
                        [81.11223383874268, 28.849709199777664],
                        [81.12540070045313, 28.85129248094508],
                        [81.12744231121474, 28.85768372825096],
                        [81.12686881758393, 28.861740281865934],
                        [81.12895672383556, 28.8651627413835],
                        [81.1351356501633, 28.87113470861499],
                        [81.14048307300357, 28.87315728031702],
                        [81.14488738776926, 28.87088323820134],
                        [81.14496814954252, 28.862383029481954],
                        [81.14907813424851, 28.852639989674213],
                        [81.15758975329028, 28.843823360455424],
                        [81.15255235303593, 28.830927801878538],
                        [81.15630669461027, 28.828543511022765],
                        [81.16616348677248, 28.835078351345857],
                        [81.17401423056425, 28.834926284033514],
                        [81.17799012082305, 28.82804297669962],
                        [81.18168048389063, 28.82499487161804],
                        [81.19550991441324, 28.821196911883064],
                        [81.20096798736667, 28.81736065495272],
                        [81.20495319221936, 28.817458450084622],
                        [81.20748388762033, 28.82227541270176],
                        [81.20503388698987, 28.827104494396195],
                        [81.19509288862902, 28.832982250861296],
                        [81.19826054445804, 28.842222186627765],
                        [81.19989878460692, 28.851471100669336],
                        [81.19855492516612, 28.85743534186608],
                        [81.20012668298335, 28.862601196816108],
                        [81.20452350786424, 28.86330069077806],
                        [81.207729560182, 28.86036088230132],
                        [81.20574687253594, 28.850808116817696],
                        [81.21064887077038, 28.84489692009492],
                        [81.22421106600275, 28.83881354431829],
                        [81.22626010116029, 28.835139788071075],
                        [81.23032826524003, 28.83332819859158],
                        [81.23363675813124, 28.829401857921656],
                        [81.22951663151412, 28.82595743324169],
                        [81.22931279556128, 28.818147904806647],
                        [81.23090637554722, 28.815514921718822],
                        [81.2407400904773, 28.812348474430717],
                        [81.24215468232221, 28.81031786902547],
                        [81.23896580889023, 28.802987505271073],
                        [81.22911046237286, 28.799573312562078],
                        [81.2260002440085, 28.796973011314154],
                        [81.22765637046021, 28.79114782395874],
                        [81.23287781609065, 28.785769831643083],
                        [81.24558433980422, 28.78191917370089],
                        [81.24890510612579, 28.776514719900227],
                        [81.25062341612505, 28.770467990741956],
                        [81.24690607839622, 28.76159570031428],
                        [81.25093277480471, 28.754750639450734],
                        [81.25944400998198, 28.75008743748403],
                        [81.26046556144183, 28.74269963583892],
                        [81.25626764741718, 28.734825558064315],
                        [81.25600683118581, 28.729905885211128],
                        [81.26732243235033, 28.728963626630634],
                        [81.27216292625052, 28.7272980968624],
                        [81.27315071068716, 28.717665690367834],
                        [81.26691657380383, 28.70619329274048],
                        [81.2676639690044, 28.702769556915587],
                        [81.27153964276499, 28.701997118213253],
                        [81.2802393076953, 28.696317012586693],
                        [81.28428612286626, 28.68255652943962],
                        [81.28522078391332, 28.673235341825766]
                    ]
                ]
            },
            "properties": {
                "fid": 6,
                "id": "karnali",
                "label": "कर्णाली प्रदेश"
            }
        },
        {
            "type": "Feature",
            "geometry": {
                "type": "Polygon",
                "coordinates": [
                    [
                        [86.90397838198669, 26.488276987319693],
                        [86.92974194775395, 26.489603082385983],
                        [86.9283073486722, 26.49685748995282],
                        [86.9313891823068, 26.514580443186343],
                        [86.93250442676288, 26.516745150154954],
                        [86.94446280597916, 26.517079773143028],
                        [86.94664612408724, 26.52095072609747],
                        [86.95921925678516, 26.520329818258194],
                        [86.96115086803646, 26.523769491203954],
                        [86.9749792190759, 26.52003337653103],
                        [86.9792232438278, 26.525120447990748],
                        [86.99069986253136, 26.523124515235587],
                        [87.00418380837151, 26.52841204735822],
                        [87.01516848991464, 26.53209642593316],
                        [87.01998756176484, 26.540111378786836],
                        [87.04220905158115, 26.568318954707028],
                        [87.04452545344942, 26.587267162812335],
                        [87.07166540334833, 26.58577122066067],
                        [87.07291349230346, 26.5773195401248],
                        [87.07198735898986, 26.56072252637959],
                        [87.07255364113885, 26.541958352307006],
                        [87.07582694518214, 26.53731925194164],
                        [87.07866291890787, 26.527611895413607],
                        [87.08173560765167, 26.512529009317255],
                        [87.08747871397861, 26.47147267301403],
                        [87.09139423828012, 26.450341075037866],
                        [87.11810303774377, 26.43027779408135],
                        [87.13892237003924, 26.414934059853902],
                        [87.14815515945313, 26.410000778337096],
                        [87.16236451549292, 26.40405023758531],
                        [87.17217738626258, 26.403339288101314],
                        [87.18893035660182, 26.40552058968503],
                        [87.18580750416535, 26.41425796410545],
                        [87.21121967753291, 26.413135020496238],
                        [87.21095367133388, 26.40935096913225],
                        [87.22058467302107, 26.403841431982812],
                        [87.22866234583579, 26.413703911799992],
                        [87.24650846006104, 26.41432199444337],
                        [87.24968915491928, 26.409561650878345],
                        [87.25614141092166, 26.411141194137734],
                        [87.2660542561409, 26.40539118315518],
                        [87.26543086112663, 26.390292977571463],
                        [87.2643270467097, 26.38559892646809],
                        [87.26576349744282, 26.373884090330492],
                        [87.2722912444525, 26.372623879480507],
                        [87.28244586713673, 26.372680933505745],
                        [87.28933545283618, 26.373732342489443],
                        [87.30120752146473, 26.366278889911467],
                        [87.31221773272894, 26.371484014814918],
                        [87.3132519976248, 26.367611618217047],
                        [87.32176968828942, 26.36020210100224],
                        [87.33683449827556, 26.351481564800107],
                        [87.34085756157414, 26.347762022114164],
                        [87.34762310105603, 26.351615999117296],
                        [87.35819114778043, 26.361065686976705],
                        [87.35323422829212, 26.372137953377774],
                        [87.35626597612979, 26.38820687013631],
                        [87.36856131563198, 26.4080771888208],
                        [87.37596831949628, 26.40703791362299],
                        [87.38839887899347, 26.419070975330396],
                        [87.41901533932943, 26.422721531910355],
                        [87.4276460434878, 26.42242746508453],
                        [87.44291133028803, 26.433075136258534],
                        [87.44450750186311, 26.432948302435534],
                        [87.45914717427301, 26.43837441366307],
                        [87.4664803689978, 26.4403906238314],
                        [87.47927596087558, 26.437854765537296],
                        [87.4908798699437, 26.436377917991262],
                        [87.51626321386532, 26.430935792066514],
                        [87.51639140477182, 26.43003268441625],
                        [87.53410712046936, 26.42160686249554],
                        [87.54741415844987, 26.41853943395246],
                        [87.55270826507584, 26.40573988612488],
                        [87.57347092889064, 26.396063041047903],
                        [87.58732702563422, 26.392872384319034],
                        [87.58825375852173, 26.388355415038735],
                        [87.58700899727076, 26.382136740549246],
                        [87.60401101850725, 26.38087903800447],
                        [87.60707167979575, 26.381175255826385],
                        [87.611997777577, 26.39017844509658],
                        [87.6273410262469, 26.39383991318699],
                        [87.65171420045068, 26.393518890699553],
                        [87.65014099680386, 26.405885420191456],
                        [87.67820321200921, 26.41582626871625],
                        [87.67755322409177, 26.43539156912823],
                        [87.69193098879342, 26.435647688365517],
                        [87.69833926771781, 26.42821944679753],
                        [87.71101633954964, 26.427367193285857],
                        [87.71580990879643, 26.421916315190654],
                        [87.71819440230158, 26.422391693420767],
                        [87.72373778049209, 26.415603069515793],
                        [87.72272841689477, 26.412577623616297],
                        [87.73352288404983, 26.40779067445177],
                        [87.73897626924258, 26.41759667938214],
                        [87.74732274850179, 26.41786699903236],
                        [87.75368177621641, 26.408180077019207],
                        [87.7645088921253, 26.410311469438742],
                        [87.76802076306433, 26.415293167381616],
                        [87.76716405282754, 26.41837794860257],
                        [87.77570312498392, 26.42446520772902],
                        [87.77112066635742, 26.426584064882576],
                        [87.77352212358338, 26.43133688687446],
                        [87.77434336408236, 26.440771588849067],
                        [87.77654604311566, 26.44777515204565],
                        [87.78254605467642, 26.454367695359927],
                        [87.78548127579377, 26.46364176237116],
                        [87.78880640568795, 26.469255715227348],
                        [87.7922224106076, 26.46888249808971],
                        [87.80482331897198, 26.46467809558827],
                        [87.81704680912459, 26.459089243443636],
                        [87.82503450070386, 26.452199361385865],
                        [87.82954915152176, 26.45024611398791],
                        [87.82807063660513, 26.44015226828055],
                        [87.84853395744776, 26.436498527033837],
                        [87.85084258190389, 26.445303249532394],
                        [87.86125721862182, 26.448928007815255],
                        [87.85805633477699, 26.456319310082556],
                        [87.85786276059879, 26.463344952000035],
                        [87.86161070221559, 26.463913597079237],
                        [87.86336906853542, 26.467982717274875],
                        [87.88544415026671, 26.476505770943394],
                        [87.8879748374157, 26.486730000151372],
                        [87.89991407414972, 26.4774803950966],
                        [87.90950304331446, 26.457806207923497],
                        [87.89857241062873, 26.448790779751853],
                        [87.92270359501704, 26.446913018595243],
                        [87.92568908350964, 26.44158647025995],
                        [87.92313256065987, 26.437836933216076],
                        [87.91794959694884, 26.43544004249444],
                        [87.91626548617445, 26.43071447984845],
                        [87.9259003769411, 26.427718918251188],
                        [87.9270807014611, 26.417913660467697],
                        [87.93133345494806, 26.418373387561157],
                        [87.95438535424671, 26.405104461528207],
                        [87.96565246111669, 26.397192040544017],
                        [87.99150280208734, 26.39258354795967],
                        [87.99179304024787, 26.37258908478565],
                        [87.99545740403298, 26.366166580697005],
                        [87.99968741352144, 26.366513942191684],
                        [88.00399508939691, 26.36468311840542],
                        [88.00753477951632, 26.361106554265014],
                        [88.02974464539199, 26.364899646286467],
                        [88.03075447349082, 26.366711134570554],
                        [88.02707552867945, 26.371257236700675],
                        [88.03127994808656, 26.37835745539864],
                        [88.02819420717694, 26.378921223931652],
                        [88.03215910024777, 26.38848266349042],
                        [88.03637851490554, 26.39034758251807],
                        [88.0377896238816, 26.39398604624793],
                        [88.04477274111105, 26.395966070425704],
                        [88.04752201629357, 26.401176423209506],
                        [88.05283502259951, 26.401083220270184],
                        [88.06069661692845, 26.409940418843426],
                        [88.06410872910668, 26.410397943814935],
                        [88.06906158955343, 26.40782025880194],
                        [88.06993802475233, 26.413797699400877],
                        [88.07849008955515, 26.42013500281989],
                        [88.08357348057554, 26.42622057548577],
                        [88.08475110125073, 26.43067483969427],
                        [88.09569948315732, 26.43959221664979],
                        [88.09691181931758, 26.45068672339527],
                        [88.09551718634198, 26.456022550069992],
                        [88.09177906472326, 26.463086684703686],
                        [88.09402904635617, 26.46487232363347],
                        [88.10092571914565, 26.46492763632763],
                        [88.1034828143408, 26.468206777614046],
                        [88.09929798123488, 26.470727856537003],
                        [88.10654304742302, 26.473424699629756],
                        [88.10658552416355, 26.476881216051286],
                        [88.10155663003371, 26.47866202963366],
                        [88.1009493379713, 26.483806762450936],
                        [88.10563060206553, 26.48949961120787],
                        [88.10299378467319, 26.490864819786943],
                        [88.09954227866419, 26.49674231059006],
                        [88.09859062777383, 26.50577970268323],
                        [88.09426789886886, 26.504610283470655],
                        [88.09034964117954, 26.507830807029777],
                        [88.09557847146057, 26.510320191760485],
                        [88.09460866789884, 26.51529624499386],
                        [88.09655711984236, 26.517307483754106],
                        [88.10298700418511, 26.518907342877064],
                        [88.10482530446998, 26.527995407258377],
                        [88.10290406278229, 26.53017862083701],
                        [88.1036872234316, 26.5350192808557],
                        [88.0989350278304, 26.534839394221223],
                        [88.09916552966507, 26.538826930188954],
                        [88.10690284777218, 26.541391231126234],
                        [88.11139999094772, 26.54520561297359],
                        [88.10740900599774, 26.550536890056943],
                        [88.10529221098646, 26.5507383325296],
                        [88.10529478406465, 26.56094620327837],
                        [88.10872586490596, 26.55728677165389],
                        [88.11306506166618, 26.56500131450944],
                        [88.11204598076199, 26.571394806347705],
                        [88.11914382487996, 26.568387888261714],
                        [88.11749826628443, 26.57458326025216],
                        [88.12065201943835, 26.57575215749125],
                        [88.13009072590445, 26.57372801133079],
                        [88.1297730659264, 26.579590312253444],
                        [88.12719709458163, 26.58189643957224],
                        [88.13179661062868, 26.593209365312166],
                        [88.12977867968581, 26.601318941057762],
                        [88.13552789271253, 26.605905467237235],
                        [88.13864829418343, 26.606261870947602],
                        [88.14042027203766, 26.61346347202548],
                        [88.14022003764867, 26.619153352778525],
                        [88.14189841539302, 26.625805061382003],
                        [88.14678650792038, 26.629594764881105],
                        [88.15416997817158, 26.630277346859156],
                        [88.15726139382527, 26.632856058544764],
                        [88.15787358073825, 26.640100632686416],
                        [88.16295247442449, 26.646009096246427],
                        [88.16281463081322, 26.65067631520778],
                        [88.16482615806882, 26.67030109930041],
                        [88.16396307412468, 26.678543746857176],
                        [88.16773095772136, 26.684013660065332],
                        [88.16703105409592, 26.69957217840665],
                        [88.16942588477501, 26.70161698579966],
                        [88.17292746766896, 26.708088494417538],
                        [88.17638578208584, 26.710304869381986],
                        [88.18192484858483, 26.719491620716664],
                        [88.18219680994856, 26.727510370883824],
                        [88.18468397036689, 26.73099368091384],
                        [88.18699269757799, 26.750917692287025],
                        [88.18575315461976, 26.75679216130661],
                        [88.18713532685341, 26.76046505869284],
                        [88.18784440547323, 26.77166829185801],
                        [88.185441055699, 26.781018125183266],
                        [88.17743436318122, 26.803606957902083],
                        [88.17885130036267, 26.81424700366707],
                        [88.17813893038357, 26.817887799321895],
                        [88.17200982503668, 26.826661424166577],
                        [88.17392309234046, 26.833933270326916],
                        [88.16743083943807, 26.83770306958545],
                        [88.17050427301957, 26.844800702002892],
                        [88.16729881777363, 26.849784146432366],
                        [88.17357232415388, 26.852234430226364],
                        [88.17309135255258, 26.864135641735277],
                        [88.17219423755287, 26.868558554918355],
                        [88.16650442758649, 26.8704287206354],
                        [88.16156362754708, 26.880922592714075],
                        [88.15471802452184, 26.885570184832787],
                        [88.15274766623509, 26.8850605650124],
                        [88.14477080322807, 26.891054892802714],
                        [88.13626634464582, 26.898673007843378],
                        [88.13856928409767, 26.904480112483554],
                        [88.14490013710927, 26.91554321362816],
                        [88.1459233126184, 26.92097926269611],
                        [88.13926754775815, 26.92877883416355],
                        [88.13764027562067, 26.933302160111573],
                        [88.13199576427044, 26.938135321817004],
                        [88.12858998553017, 26.939426143427315],
                        [88.12033609834, 26.950567832337814],
                        [88.12299821359287, 26.96005674849197],
                        [88.12184942410666, 26.96526652593724],
                        [88.12359962614417, 26.970877447445453],
                        [88.1305961736172, 26.98069929414514],
                        [88.13542832400466, 26.984852527402005],
                        [88.1286591921959, 26.987727210664193],
                        [88.11810843978185, 26.987384911879232],
                        [88.10893899365688, 26.992879070838928],
                        [88.09904982582275, 27.0037008169291],
                        [88.09237048601084, 27.00435969308789],
                        [88.0876030623636, 27.01124656695232],
                        [88.08839841631573, 27.015624327565003],
                        [88.08358480563491, 27.022761803664043],
                        [88.08303986138475, 27.028578100566815],
                        [88.0772721310174, 27.03543170774806],
                        [88.06918140286169, 27.031276474417044],
                        [88.06433022078484, 27.03114626728086],
                        [88.05923236456208, 27.029228584529598],
                        [88.05774849569687, 27.031723840429013],
                        [88.04834851754359, 27.03467090372943],
                        [88.04565775517005, 27.036656116645176],
                        [88.03751687365803, 27.03658321733734],
                        [88.03348866698279, 27.04346516745716],
                        [88.02745614252221, 27.05098433561105],
                        [88.0259418119688, 27.05730163295318],
                        [88.02247643329936, 27.06310737511789],
                        [88.02094554215289, 27.069454043466713],
                        [88.01843403684552, 27.07022586610425],
                        [88.01593294763059, 27.07697660660712],
                        [88.02081199860787, 27.08239466786454],
                        [88.0209890366148, 27.08768202394799],
                        [88.01570744892545, 27.088586655669435],
                        [88.01251505435712, 27.09358247315349],
                        [88.0119437931689, 27.097126654197247],
                        [88.0032917390275, 27.10440423020396],
                        [87.99513363207885, 27.103440156984483],
                        [87.99082368118364, 27.106365382809784],
                        [87.99093063024259, 27.110572581169436],
                        [87.98850574990225, 27.118667017850896],
                        [87.98881814965213, 27.123732334486274],
                        [87.99109668521041, 27.130767078705865],
                        [87.99853458986837, 27.13361366245014],
                        [88.00055529543657, 27.140201065591064],
                        [88.00689808891795, 27.14317230447746],
                        [88.01021562536582, 27.15494178294936],
                        [88.01105431177778, 27.16600939851658],
                        [88.01422094372697, 27.16686413528221],
                        [88.01856236314845, 27.17278464210239],
                        [88.0123546162616, 27.177529296504467],
                        [88.01379179756951, 27.190756173460574],
                        [88.0158979653735, 27.19320475108781],
                        [88.01532556754934, 27.199785730360805],
                        [88.01173374303144, 27.20405566435723],
                        [88.01551958858404, 27.21082177364368],
                        [88.0120677919318, 27.21575171481],
                        [88.0157706568138, 27.222157416795913],
                        [88.01876844876865, 27.225021350462843],
                        [88.01912270335397, 27.235862100521636],
                        [88.024846778053, 27.238214069525903],
                        [88.02410165754361, 27.24201678600432],
                        [88.02757652959798, 27.249330716427846],
                        [88.03074141578995, 27.25000465704174],
                        [88.03007375923465, 27.254876156895026],
                        [88.03156071074005, 27.26438185785979],
                        [88.03015870686093, 27.27203385219307],
                        [88.03293023903011, 27.281640569076927],
                        [88.03160067549946, 27.286210144191404],
                        [88.03895708310476, 27.291888667167864],
                        [88.0446889204886, 27.29369830874925],
                        [88.0409235316992, 27.301480870556073],
                        [88.04495142603604, 27.31007163716358],
                        [88.0484127259524, 27.31265835397908],
                        [88.0493102737389, 27.318725217693597],
                        [88.05239967021079, 27.32449808759855],
                        [88.06002377135667, 27.32845870263866],
                        [88.06340675327597, 27.33432607003753],
                        [88.0663686964666, 27.33623021169699],
                        [88.06460730077818, 27.341322295550853],
                        [88.06136794688683, 27.34485748732768],
                        [88.057502935538, 27.355630597830118],
                        [88.05003370755735, 27.358640378015377],
                        [88.0416930709129, 27.37016627149519],
                        [88.04217140643236, 27.374359166071617],
                        [88.04489522653355, 27.380019788304434],
                        [88.04398654604954, 27.384581746637394],
                        [88.04564294245198, 27.39536277627771],
                        [88.04819455540358, 27.400176280980183],
                        [88.04679842306354, 27.405393923473],
                        [88.04928206361586, 27.406862030758962],
                        [88.05043707757606, 27.412911025379007],
                        [88.0542291028773, 27.41729096805813],
                        [88.05800908450642, 27.41845356431446],
                        [88.06702118436178, 27.425259334173603],
                        [88.0795864579498, 27.426550091857006],
                        [88.0785049654093, 27.432011469088526],
                        [88.07268579898395, 27.43393349967166],
                        [88.06762957990985, 27.439019269990407],
                        [88.0723589326981, 27.44549635992858],
                        [88.0671276354205, 27.449602023287024],
                        [88.0659700945243, 27.454867665914108],
                        [88.06693295845263, 27.45788123458658],
                        [88.06033823477401, 27.46111494835889],
                        [88.05610193118014, 27.467956143127527],
                        [88.04834682652765, 27.47248859574919],
                        [88.04384526429027, 27.478483108167374],
                        [88.04445432088228, 27.49839781903646],
                        [88.0495057198096, 27.503747387297096],
                        [88.05472901870151, 27.504650973481194],
                        [88.06074839521544, 27.513433260748833],
                        [88.05719316828029, 27.51607514827864],
                        [88.0598606972651, 27.523639851295258],
                        [88.06515736300516, 27.52955549991333],
                        [88.05893853169711, 27.532709665401413],
                        [88.06078748450973, 27.54004593523606],
                        [88.06503881844867, 27.54468348805853],
                        [88.06842102357814, 27.54639246691847],
                        [88.06877076083552, 27.555197579871184],
                        [88.07311378128395, 27.556813272745874],
                        [88.07907000904802, 27.561786892660724],
                        [88.0809331917453, 27.564824913552822],
                        [88.07928531766544, 27.568400068565836],
                        [88.07514039809804, 27.571780254609703],
                        [88.07858082607034, 27.57933172364565],
                        [88.08496922789939, 27.590183274872672],
                        [88.09355479011415, 27.59807075357751],
                        [88.10550368942896, 27.602501788898927],
                        [88.11354875424817, 27.610606612166023],
                        [88.11517403647377, 27.620980424541898],
                        [88.11937502172455, 27.627238647685516],
                        [88.11713000068943, 27.62977675536208],
                        [88.12051963148531, 27.63945035158685],
                        [88.11972996970792, 27.64506303179074],
                        [88.13115341653861, 27.655323171008973],
                        [88.13576865544779, 27.656758636427504],
                        [88.1445044234993, 27.665616096562097],
                        [88.14666549571479, 27.67900346727107],
                        [88.14893625367593, 27.68440141453189],
                        [88.15466303940529, 27.69066147962095],
                        [88.14733799945762, 27.7029634454674],
                        [88.1492811793816, 27.70813840565275],
                        [88.15529135256065, 27.717412399251774],
                        [88.15455171128967, 27.72943401947773],
                        [88.15614844988461, 27.736533741053705],
                        [88.1583060636949, 27.74078409837021],
                        [88.1696100709987, 27.74159812704472],
                        [88.17843397463376, 27.747023326658184],
                        [88.17656194502395, 27.7579265841189],
                        [88.18146431034714, 27.76277350663593],
                        [88.18321647792627, 27.766972673405967],
                        [88.181264828304, 27.770547008396086],
                        [88.18186391499785, 27.776457002279077],
                        [88.18500467668954, 27.77711144528322],
                        [88.18803611204837, 27.781412378499372],
                        [88.19518099161219, 27.786478513386793],
                        [88.1971728113615, 27.79081304801411],
                        [88.19366494484504, 27.796192256701215],
                        [88.18801278679855, 27.799453420422417],
                        [88.18591901717633, 27.80364044967515],
                        [88.18503583007244, 27.810684377431162],
                        [88.17881744932522, 27.815757057931346],
                        [88.17351803544373, 27.817390373339602],
                        [88.17308576045654, 27.82066295169733],
                        [88.18159210019225, 27.822744876199014],
                        [88.18721324192815, 27.825254892839414],
                        [88.19146913026998, 27.83249815417014],
                        [88.19510075434486, 27.83610784681253],
                        [88.2011420577488, 27.83744728760317],
                        [88.20131615493152, 27.842650209656806],
                        [88.19788771216103, 27.845678188731128],
                        [88.19560728608914, 27.85452767886897],
                        [88.1882683840739, 27.853855654672856],
                        [88.18526326632103, 27.856721717332857],
                        [88.17846546729086, 27.85662884114958],
                        [88.17242052407856, 27.863288011385613],
                        [88.1666782091756, 27.865793427190034],
                        [88.1627440767602, 27.869050437997934],
                        [88.15370733589198, 27.870777606587417],
                        [88.1486492827513, 27.87674623194253],
                        [88.14008317564223, 27.878159624484734],
                        [88.13498050261306, 27.881660090639716],
                        [88.12607154232117, 27.881525612373327],
                        [88.11905749584608, 27.87499986014016],
                        [88.11550857595016, 27.870367758454297],
                        [88.11184373001606, 27.868285743535782],
                        [88.09568992558489, 27.86718102003253],
                        [88.09087257324812, 27.87137699295498],
                        [88.08938542727064, 27.887412929767454],
                        [88.08797246397796, 27.89077648121362],
                        [88.08310659704121, 27.89584787706231],
                        [88.07822098628792, 27.89576435047968],
                        [88.07189080043563, 27.89371115436229],
                        [88.06442352346295, 27.886297220829505],
                        [88.05818378424866, 27.888368790153763],
                        [88.05407468320026, 27.89633688246932],
                        [88.04162640570647, 27.89989451117828],
                        [88.03649858260727, 27.904519565051324],
                        [88.02713265711361, 27.90541311506637],
                        [88.02169233515792, 27.896747705240767],
                        [88.0151999469222, 27.898634223962183],
                        [88.0008389711403, 27.89761815436599],
                        [87.99758305814464, 27.893617003828965],
                        [87.99091140744848, 27.889509484186593],
                        [87.98317871334157, 27.88763380842193],
                        [87.97632193798243, 27.88939708103918],
                        [87.96637857928282, 27.893169303115485],
                        [87.95596223544291, 27.908785911023738],
                        [87.95309821364869, 27.909651778351353],
                        [87.9415467166152, 27.909850721040165],
                        [87.93620353430917, 27.91252669225989],
                        [87.93339409651841, 27.917193164266475],
                        [87.9305288274191, 27.9179615391724],
                        [87.91978921748458, 27.915926569629747],
                        [87.91539825765541, 27.917255304203582],
                        [87.90773339156443, 27.916893123142618],
                        [87.8993296827555, 27.911648856291528],
                        [87.88774148390488, 27.910128949113634],
                        [87.87693509308349, 27.914748643007815],
                        [87.87202657044368, 27.91381419079061],
                        [87.86578183609619, 27.910760523909296],
                        [87.86019767596349, 27.923914445111077],
                        [87.85390394045038, 27.928720647243622],
                        [87.85914524624083, 27.936647365165314],
                        [87.85635444380742, 27.948364590285525],
                        [87.85011106865197, 27.948522828621382],
                        [87.84743315671248, 27.94647058177603],
                        [87.84097527639709, 27.9504108587768],
                        [87.83402934305518, 27.951576618629005],
                        [87.82928294357986, 27.94735039776587],
                        [87.82520206951114, 27.93864627247459],
                        [87.8243830917959, 27.93449549704944],
                        [87.82710386850259, 27.929179705667963],
                        [87.82504540435704, 27.920939454050643],
                        [87.82282374526338, 27.918942523351976],
                        [87.81876302111941, 27.92162664433221],
                        [87.81345003292931, 27.921441557476413],
                        [87.80538484766416, 27.913432541839235],
                        [87.8035414585406, 27.90859724358358],
                        [87.79714617418188, 27.90585492287573],
                        [87.79366507727124, 27.90290148984186],
                        [87.78575205251518, 27.900266630059768],
                        [87.7823796293016, 27.89222933390937],
                        [87.78002361985344, 27.889898618089294],
                        [87.77538701987997, 27.875465548336344],
                        [87.77852020020289, 27.87184261651371],
                        [87.77853272223608, 27.865872954289785],
                        [87.76785804888611, 27.860969302521767],
                        [87.75899525953979, 27.848745267620924],
                        [87.75404732762235, 27.836677421293178],
                        [87.75007032148238, 27.83520103572098],
                        [87.74487716451517, 27.836145102448175],
                        [87.74166423890365, 27.82982722090438],
                        [87.73583908493025, 27.823852633282854],
                        [87.73374835027934, 27.819089823723044],
                        [87.73620542954508, 27.812989720309623],
                        [87.73256994007534, 27.809017999040954],
                        [87.72523498917313, 27.805270937079175],
                        [87.7186889442185, 27.808844995328442],
                        [87.70707133144626, 27.811619087416307],
                        [87.70461043490505, 27.810316404247683],
                        [87.69853830785765, 27.812156625339547],
                        [87.69381051922747, 27.810862833395568],
                        [87.68701830828356, 27.812338447647335],
                        [87.67987755292073, 27.809822092551574],
                        [87.67534544937752, 27.810173723669664],
                        [87.67343307359525, 27.80763141035726],
                        [87.66534822308725, 27.806847071616016],
                        [87.66526645599042, 27.812587128730705],
                        [87.66292101724, 27.822581765303024],
                        [87.66962633280102, 27.830046550112776],
                        [87.66939443294348, 27.834857746952903],
                        [87.66496372397123, 27.83640433776441],
                        [87.65886501540072, 27.836632137365015],
                        [87.64692670952591, 27.833703725737514],
                        [87.64204681582363, 27.83498770604972],
                        [87.6357000979133, 27.834353700888283],
                        [87.63240632197918, 27.83257754351546],
                        [87.63242055875368, 27.825411924911293],
                        [87.62724927038843, 27.82142186417641],
                        [87.62316704109836, 27.821905054591202],
                        [87.61725756662317, 27.819244550537693],
                        [87.61404554125677, 27.81189700949126],
                        [87.61083136358955, 27.81078323341243],
                        [87.60648701073308, 27.817800968327212],
                        [87.60079829415483, 27.821241680254317],
                        [87.59501592359247, 27.821300563274377],
                        [87.5909772473529, 27.819427213237947],
                        [87.5887834560099, 27.82777537239568],
                        [87.59099206257288, 27.832014292623487],
                        [87.59009141065539, 27.83792694124291],
                        [87.58801792232964, 27.84088682733229],
                        [87.58586823622265, 27.849760378770196],
                        [87.58623623828987, 27.852815929589227],
                        [87.58246259474707, 27.85583934012005],
                        [87.57867600285512, 27.861969413533462],
                        [87.57086015944353, 27.861586859120425],
                        [87.56929643805462, 27.863666770525843],
                        [87.56231589323191, 27.867011902660867],
                        [87.55201378673229, 27.865135807008347],
                        [87.55046066838806, 27.85783667057068],
                        [87.54408965696163, 27.848947768232136],
                        [87.5353142650286, 27.84291756852323],
                        [87.53206094277586, 27.845366789856797],
                        [87.52068278859097, 27.843544356153473],
                        [87.51579717859947, 27.846048978163797],
                        [87.50781463511805, 27.84706454780871],
                        [87.49185622751378, 27.844333730321726],
                        [87.4899797966311, 27.846443134183353],
                        [87.47957773999657, 27.840473772473175],
                        [87.47563083764283, 27.83972482561744],
                        [87.4746209285295, 27.83628310871592],
                        [87.47106406087586, 27.83455800546847],
                        [87.45828557983464, 27.82542519032646],
                        [87.44968221981735, 27.822283553191397],
                        [87.43877245044776, 27.825244894681823],
                        [87.42471821297208, 27.830958621152803],
                        [87.41152524637734, 27.833773744902203],
                        [87.40350179008855, 27.834041066580063],
                        [87.40433474031272, 27.836752843280234],
                        [87.41052324371472, 27.839290801948792],
                        [87.42187640029881, 27.841120169224766],
                        [87.4263319624544, 27.840283017543367],
                        [87.43103618803671, 27.841671734282926],
                        [87.4330605016958, 27.846175500797766],
                        [87.42973389071544, 27.850637293293325],
                        [87.42583242720202, 27.85212721195688],
                        [87.42552968164914, 27.858761307746395],
                        [87.41908723206146, 27.86052959105888],
                        [87.40727243648305, 27.856589587145354],
                        [87.40173165704219, 27.851637730938762],
                        [87.39759782737836, 27.85146691678998],
                        [87.39100138826157, 27.848527924788925],
                        [87.3875222034716, 27.849117556113402],
                        [87.37219120218668, 27.84431124883341],
                        [87.36559787158112, 27.83682928305492],
                        [87.36054741371551, 27.828855640186724],
                        [87.3551242837974, 27.827405414530094],
                        [87.34784628974961, 27.83038182580603],
                        [87.34540373330344, 27.827827191617573],
                        [87.33805414686258, 27.829887244453623],
                        [87.32990090573162, 27.827102459622978],
                        [87.3176050943359, 27.826461219655986],
                        [87.31545156961336, 27.828812596020537],
                        [87.30434205137698, 27.835452734972556],
                        [87.30400372324294, 27.843138111926503],
                        [87.29232735848137, 27.84389432355813],
                        [87.28778809263551, 27.845945743888535],
                        [87.28466278615691, 27.84449018689058],
                        [87.26505995209266, 27.850808255528626],
                        [87.25663453775036, 27.84899438041052],
                        [87.25367663608587, 27.845432826756745],
                        [87.24737607129305, 27.843494878121135],
                        [87.2385337634647, 27.839440255209848],
                        [87.23693825562579, 27.8354856372277],
                        [87.22919229548431, 27.826667893982794],
                        [87.22572841495692, 27.819771874313272],
                        [87.22349251136355, 27.822751443710082],
                        [87.21769912611245, 27.823557074609052],
                        [87.20551939050793, 27.821705382149332],
                        [87.199656338776, 27.822081738744643],
                        [87.19306425385264, 27.81994548952579],
                        [87.18303051405354, 27.822228910707082],
                        [87.17892315173971, 27.820668470787492],
                        [87.16816285018007, 27.82166349116816],
                        [87.1566157351044, 27.824445402854682],
                        [87.15355072070363, 27.828755963932807],
                        [87.14086412584054, 27.83690537768685],
                        [87.13248104021096, 27.836852785846723],
                        [87.1260276186969, 27.83495683249472],
                        [87.12182369216761, 27.839254185151464],
                        [87.11578752063646, 27.840301728507434],
                        [87.11154908259743, 27.845273458851118],
                        [87.10800482153911, 27.854720744463414],
                        [87.10740275489181, 27.873889975538958],
                        [87.10464558828656, 27.877662213706568],
                        [87.09429426778341, 27.879939441624625],
                        [87.0887053118617, 27.882580603348085],
                        [87.08843456487527, 27.88920501103306],
                        [87.08595085086029, 27.8908310082152],
                        [87.08186736874383, 27.89943641844298],
                        [87.0776931477444, 27.90281185380549],
                        [87.07690257493425, 27.907597665217455],
                        [87.07849593567529, 27.915078283064666],
                        [87.07528740489334, 27.91833124741855],
                        [87.0656587857453, 27.923886448586956],
                        [87.05326522377715, 27.926558602863384],
                        [87.05016151041526, 27.934196929724443],
                        [87.04657165832377, 27.93726440322143],
                        [87.04308687736743, 27.944595874935153],
                        [87.03901415012709, 27.950361600190167],
                        [87.03217632278985, 27.94928944009355],
                        [87.02464798699314, 27.949812189693514],
                        [87.01829428364836, 27.953984826049417],
                        [87.0156012373185, 27.95766501108853],
                        [87.00938421520875, 27.9535571328975],
                        [86.99208939525207, 27.95476194912038],
                        [86.98765638316416, 27.95088771001476],
                        [86.98225368900039, 27.949501856111837],
                        [86.97300485047654, 27.95430150653694],
                        [86.96453767825709, 27.955754843349258],
                        [86.94933008978964, 27.95679021551806],
                        [86.9333592385208, 27.962538842567554],
                        [86.93235867117164, 27.9656789832767],
                        [86.93304598441217, 27.977564879954432],
                        [86.93188314511116, 27.979876840009656],
                        [86.92578921500022, 27.984327392638665],
                        [86.92523307891105, 27.98781513575387],
                        [86.91791388896661, 27.98899545546917],
                        [86.90939828940964, 27.992942883205764],
                        [86.89951568202574, 27.99427626626946],
                        [86.88980570831781, 27.996899539164634],
                        [86.8889233836746, 27.99965584096148],
                        [86.88121013066727, 28.003029083780064],
                        [86.8787712986019, 28.006799203336165],
                        [86.87292823043393, 28.01043764568455],
                        [86.8709916065825, 28.01319061492743],
                        [86.87238889889007, 28.02208341452973],
                        [86.86730911808651, 28.02518985534187],
                        [86.85395493177978, 28.028050662749816],
                        [86.84810415085559, 28.02488795894661],
                        [86.84734943218261, 28.01988745191292],
                        [86.83864594560238, 28.017560494488748],
                        [86.8357015743107, 28.015276018227787],
                        [86.82797415581761, 28.015198880381543],
                        [86.82582569551444, 28.01755381799739],
                        [86.82008058586882, 28.019723643723594],
                        [86.8117063313201, 28.018985926551977],
                        [86.8048960663071, 28.02316161620594],
                        [86.79401042959817, 28.020772248941096],
                        [86.78997906847778, 28.018861969313548],
                        [86.78564595432576, 28.023978996698652],
                        [86.78044902118744, 28.026260758846856],
                        [86.78008394925645, 28.031359048976213],
                        [86.7727956895693, 28.037935203361165],
                        [86.75894433351792, 28.035005643072054],
                        [86.75280001175453, 28.037860024666962],
                        [86.74921439038947, 28.044416623887138],
                        [86.74707520689975, 28.045603978403445],
                        [86.74701702020242, 28.05118554407008],
                        [86.75137404500097, 28.054873234528323],
                        [86.75302909040046, 28.064886688043934],
                        [86.75606440101122, 28.069210359258413],
                        [86.76478968411507, 28.07463354106107],
                        [86.7592058977568, 28.078240427890723],
                        [86.75326103098524, 28.079281225202525],
                        [86.74734853047197, 28.085731977916208],
                        [86.74841487380453, 28.094282425191487],
                        [86.74574588169055, 28.098266332853562],
                        [86.7424618158631, 28.098201527234913],
                        [86.73816050160747, 28.103709581741278],
                        [86.7265659065316, 28.103612498750742],
                        [86.72084384156237, 28.106513633698484],
                        [86.71534115875758, 28.107856036476665],
                        [86.71086723017478, 28.106007930449163],
                        [86.6889797402217, 28.108592916049137],
                        [86.68032706332937, 28.103541892409968],
                        [86.66852455720984, 28.100867472642634],
                        [86.66106230544639, 28.094965297150466],
                        [86.65783062303565, 28.08102803961067],
                        [86.6498567597157, 28.074772011157524],
                        [86.63885299382461, 28.07333343473252],
                        [86.63469179338546, 28.070657908583886],
                        [86.62540330854871, 28.07417498507482],
                        [86.61584627410461, 28.073458183520618],
                        [86.6082392171964, 28.075943259174764],
                        [86.60406525443511, 28.081794910770842],
                        [86.60248932779596, 28.087493812100618],
                        [86.60789794439616, 28.09208700243705],
                        [86.60424561253362, 28.100069848749122],
                        [86.60236588138305, 28.10184903140659],
                        [86.5892941042975, 28.1045065511918],
                        [86.58825565749358, 28.108013907503228],
                        [86.5742900699636, 28.11298658053977],
                        [86.56814365983341, 28.111746827079344],
                        [86.5622233624647, 28.10708725754717],
                        [86.56191198328698, 28.10106928792907],
                        [86.56644579375208, 28.09434472092557],
                        [86.56419802702386, 28.08640738630125],
                        [86.55958353639737, 28.0826295123768],
                        [86.55859760259787, 28.07739214758659],
                        [86.56522274135662, 28.068919087704337],
                        [86.55810705969779, 28.063380199285838],
                        [86.5556787249311, 28.056694249694537],
                        [86.54877833770149, 28.05068628207984],
                        [86.536394217422, 28.05076910897798],
                        [86.53323235906065, 28.046557549592922],
                        [86.53325168040473, 28.03803180999568],
                        [86.53029302689552, 28.031909862394734],
                        [86.53122786670207, 28.02815208913968],
                        [86.52864842370562, 28.02422445317273],
                        [86.52522715136837, 28.023084616547912],
                        [86.52093688073184, 28.01877635893938],
                        [86.52211127282767, 28.016772495937982],
                        [86.51942797317693, 28.004602654581547],
                        [86.51492170446053, 28.001421479684087],
                        [86.51614253946775, 27.99890122743284],
                        [86.51566124949277, 27.98993139070284],
                        [86.51271907275924, 27.984684554373253],
                        [86.5153250182954, 27.9776636639269],
                        [86.51993292034679, 27.974613770018454],
                        [86.51857848454868, 27.971454963072752],
                        [86.5123663629504, 27.968888077122646],
                        [86.51329325437331, 27.960248237622277],
                        [86.51545174432933, 27.956546731501287],
                        [86.51810303675573, 27.953128959187502],
                        [86.51981058798698, 27.94398630353815],
                        [86.523677428474, 27.939746939542832],
                        [86.53436603813837, 27.941613220189655],
                        [86.53869442071678, 27.935626395018843],
                        [86.54768498402794, 27.930383650436465],
                        [86.54967104961592, 27.91905969334826],
                        [86.55330617836523, 27.911752660504398],
                        [86.55413128233624, 27.902631423061543],
                        [86.55163200854521, 27.899017948116057],
                        [86.55214510045079, 27.892129319478233],
                        [86.55450475807183, 27.885463203953144],
                        [86.55114243298209, 27.878187476346618],
                        [86.5523965094938, 27.867804172454637],
                        [86.55433247618804, 27.860947128857884],
                        [86.5539849870115, 27.857072154511332],
                        [86.55002414916899, 27.84833916908328],
                        [86.54902287552916, 27.84155381503496],
                        [86.54372503523071, 27.82700663502361],
                        [86.5434155172417, 27.82143287399729],
                        [86.54023496539003, 27.814802654062966],
                        [86.54230871551533, 27.81109589497556],
                        [86.54626150076396, 27.811388691437212],
                        [86.56696538849965, 27.803932982515146],
                        [86.56551311929015, 27.799544658137933],
                        [86.56869748566021, 27.795312966879816],
                        [86.56871433243343, 27.791044282783396],
                        [86.5660520845766, 27.787202699668047],
                        [86.56576931448818, 27.776166736134535],
                        [86.56380070661866, 27.77041164735673],
                        [86.56595398061795, 27.76254663411081],
                        [86.57024342934145, 27.759279502321167],
                        [86.57264509970936, 27.754524092853984],
                        [86.56276970639213, 27.749272315518837],
                        [86.56315882022697, 27.744862650496284],
                        [86.55814175392946, 27.738364634604874],
                        [86.55615511555298, 27.731375280687466],
                        [86.55678091044223, 27.728511920877853],
                        [86.55343143362694, 27.71950559469746],
                        [86.55120602287651, 27.717479108579525],
                        [86.5508449123552, 27.71080400640239],
                        [86.54013828296894, 27.701540943508597],
                        [86.5389969849842, 27.696548614939566],
                        [86.54066529157404, 27.69273667106328],
                        [86.5390795054249, 27.689807275604984],
                        [86.53886943770755, 27.6830898047599],
                        [86.53648723043725, 27.678540102257244],
                        [86.53869271104135, 27.67491715033762],
                        [86.5379164207088, 27.670237425597634],
                        [86.53536542579181, 27.668283990065813],
                        [86.53244831738888, 27.66248470041456],
                        [86.52706603156528, 27.659479243460495],
                        [86.52858756344949, 27.65478918544947],
                        [86.52610036838226, 27.650340409027553],
                        [86.51603120844895, 27.64684228641411],
                        [86.51126824898567, 27.64236059653028],
                        [86.50684331955934, 27.640124712989568],
                        [86.50383614974591, 27.629299866607816],
                        [86.5003752115139, 27.624666651834996],
                        [86.49974626822774, 27.620296214256935],
                        [86.49536069224696, 27.618768769784964],
                        [86.49238070026854, 27.613674541560375],
                        [86.4844947209874, 27.617088534203983],
                        [86.47650517589824, 27.61575900689458],
                        [86.46957736828853, 27.617057078304054],
                        [86.44625916933856, 27.612126405153305],
                        [86.43467373511895, 27.610213802706397],
                        [86.43010765978956, 27.604173253881527],
                        [86.42455769004356, 27.601932476867542],
                        [86.41976196840375, 27.59818972150413],
                        [86.41784256407094, 27.591318233132046],
                        [86.41333688639607, 27.586732620646405],
                        [86.40769580425378, 27.584414097988276],
                        [86.39812421435799, 27.58324484167668],
                        [86.38762621572431, 27.57236905302426],
                        [86.38170444505049, 27.571738126098],
                        [86.37617600613645, 27.56800416998534],
                        [86.37152219066763, 27.56200418024616],
                        [86.36862976144732, 27.556368563979262],
                        [86.37054961112504, 27.55187380836427],
                        [86.36884334308947, 27.548793113291893],
                        [86.36470599798855, 27.546612794780025],
                        [86.35841879323111, 27.539709167615246],
                        [86.35753576434838, 27.529540738528148],
                        [86.35482822754288, 27.5247855475954],
                        [86.34641961122267, 27.523448952752684],
                        [86.33815958696262, 27.520007483902877],
                        [86.33430125532435, 27.515643613752395],
                        [86.3330927105146, 27.510795895969377],
                        [86.32591816956571, 27.50451607284147],
                        [86.32489933728505, 27.50021974665492],
                        [86.31861296150262, 27.498066012483914],
                        [86.31543138360567, 27.492375958827044],
                        [86.30286981857272, 27.482465109555644],
                        [86.2952752647167, 27.479189201419153],
                        [86.29283208572708, 27.476426465090466],
                        [86.29204244640916, 27.47055621919309],
                        [86.28502021151718, 27.466423021213572],
                        [86.2766431142518, 27.4640828914993],
                        [86.26398344876718, 27.456379221810113],
                        [86.25691087310942, 27.445428252137795],
                        [86.25573487390731, 27.435546418018365],
                        [86.25114304718926, 27.432451108868573],
                        [86.2518701653567, 27.428490784998573],
                        [86.24784603377222, 27.424423697897073],
                        [86.24730740576788, 27.41936001099138],
                        [86.2411126835503, 27.418135196968286],
                        [86.23744360116075, 27.412639241545524],
                        [86.2353395165931, 27.40363431314933],
                        [86.22759866161289, 27.397824751016987],
                        [86.2268086585184, 27.38862842481208],
                        [86.22550730788474, 27.383941752889974],
                        [86.22199042946265, 27.38242176273934],
                        [86.22369404387815, 27.378471580093912],
                        [86.2246057265961, 27.37051204963269],
                        [86.21914380821008, 27.362535095473607],
                        [86.22173258008934, 27.36030458749227],
                        [86.21701199324987, 27.352776168819183],
                        [86.21829755765803, 27.350703062766048],
                        [86.21650647775462, 27.34238551571494],
                        [86.21776832157188, 27.33634132094457],
                        [86.21558366550997, 27.33381106867926],
                        [86.21698684941201, 27.328500937518786],
                        [86.22184954025258, 27.32769546986168],
                        [86.21885978696461, 27.323042265758758],
                        [86.22105322861132, 27.321132160304952],
                        [86.22830242536897, 27.320102879714415],
                        [86.22868827495937, 27.31617910899008],
                        [86.23131122164837, 27.314298321547405],
                        [86.23357082346132, 27.307672758515324],
                        [86.23635423005781, 27.306695206161148],
                        [86.23777320071399, 27.3024294828519],
                        [86.23569100626477, 27.295342509446087],
                        [86.24004653020461, 27.288263461387942],
                        [86.23335816820206, 27.284939573184154],
                        [86.23144049089267, 27.281777068286196],
                        [86.21125441153288, 27.26376561331586],
                        [86.20416431088371, 27.253892609058873],
                        [86.20428920137286, 27.249604239590454],
                        [86.21383098805381, 27.24508911849958],
                        [86.2233944932486, 27.238982764138576],
                        [86.22904735089058, 27.23732175957846],
                        [86.23891754131955, 27.240870810200825],
                        [86.24181398332455, 27.24611883564535],
                        [86.24825053140317, 27.24815270723632],
                        [86.2554757832804, 27.25328819431644],
                        [86.25694117966927, 27.257727391769716],
                        [86.26145865624422, 27.25741962398415],
                        [86.26696119326917, 27.259878567679742],
                        [86.26618935351928, 27.254425533901173],
                        [86.26852133911306, 27.252565052314605],
                        [86.27700484312355, 27.250129417531323],
                        [86.28164783295873, 27.24569707769279],
                        [86.28519354118318, 27.246374081906012],
                        [86.29113564787423, 27.243110099102687],
                        [86.2954569403682, 27.238165737654242],
                        [86.30599770786091, 27.237137640391808],
                        [86.30818617944993, 27.23388127826333],
                        [86.31576524327606, 27.231364384680447],
                        [86.32816789549544, 27.230093154068115],
                        [86.33154324497482, 27.2310501927303],
                        [86.34086738315949, 27.228948606695415],
                        [86.34295876687405, 27.219030579696447],
                        [86.34003557265217, 27.214091274854958],
                        [86.3398821184692, 27.210101374595798],
                        [86.34481446479285, 27.202033296890672],
                        [86.35120534331301, 27.200749836518114],
                        [86.35867060939263, 27.201075253593977],
                        [86.36862237141483, 27.192478624577422],
                        [86.37656167365313, 27.193969509567996],
                        [86.37993902373336, 27.19211392104578],
                        [86.38360449623372, 27.1830189739379],
                        [86.38974576143899, 27.179864360917584],
                        [86.37802230400997, 27.16548273112377],
                        [86.37898177532117, 27.163912011416404],
                        [86.37352360825574, 27.158625941580684],
                        [86.37360561740321, 27.15489427142096],
                        [86.3703436300794, 27.150989744043454],
                        [86.37098587954421, 27.1472718955892],
                        [86.36806709182008, 27.14081684970099],
                        [86.36340961195883, 27.142054845085774],
                        [86.36019034435122, 27.13930321704604],
                        [86.35544850324604, 27.14321660155884],
                        [86.35019132829235, 27.14268024347494],
                        [86.34107266050297, 27.1448670143014],
                        [86.34090576640709, 27.141073282194096],
                        [86.33631771633416, 27.136588595498402],
                        [86.33755090430235, 27.13494501198165],
                        [86.33422037522209, 27.130520405285598],
                        [86.33507632696917, 27.127683607053278],
                        [86.33061701943349, 27.117116207785198],
                        [86.32438624501744, 27.109875046504207],
                        [86.31312063590173, 27.11080870305628],
                        [86.30631375870712, 27.108823507341086],
                        [86.31107757791467, 27.102901487544408],
                        [86.31755112862224, 27.1018612555214],
                        [86.32481855098099, 27.09912331289678],
                        [86.33181668321382, 27.09975469419238],
                        [86.3402876804303, 27.106279519281674],
                        [86.34801598388455, 27.106153105293153],
                        [86.35478926545466, 27.104214583797827],
                        [86.35571410172417, 27.100495801219772],
                        [86.3623229580326, 27.09895780459345],
                        [86.35691089917154, 27.09412025905117],
                        [86.35816252222892, 27.083954237045894],
                        [86.35526564078211, 27.0816214528265],
                        [86.3542732166491, 27.075601339487644],
                        [86.35136932410632, 27.073764762530196],
                        [86.35110362283787, 27.07027975117612],
                        [86.34681274714649, 27.070280176207152],
                        [86.34677281794404, 27.06450143346052],
                        [86.35592979938329, 27.059191499175718],
                        [86.36337426055435, 27.05362730690496],
                        [86.36400224373573, 27.042197010358006],
                        [86.36667599365693, 27.03768495407314],
                        [86.37511008125627, 27.034719426835675],
                        [86.37925361338434, 27.031371169284814],
                        [86.37397580409926, 27.022866009917358],
                        [86.37532429909716, 27.02076678014175],
                        [86.37187473936444, 27.015584237272407],
                        [86.37389040054535, 27.01333003287939],
                        [86.37298598524173, 27.00350838033142],
                        [86.36654696042314, 27.000264238376616],
                        [86.3680616828436, 26.995385880463964],
                        [86.36627122792338, 26.98407103017232],
                        [86.3644494561295, 26.978839144264256],
                        [86.35802569938564, 26.97180389840691],
                        [86.35286378373294, 26.96453494534451],
                        [86.34600357623896, 26.96362778000211],
                        [86.316403945167, 26.963625070831],
                        [86.30771508985832, 26.960344705914142],
                        [86.30210186541574, 26.95560571021588],
                        [86.2926369614198, 26.95063729300179],
                        [86.28335445711379, 26.949117075391417],
                        [86.28109742217956, 26.947104150468405],
                        [86.2796117024881, 26.93744590920938],
                        [86.27625548478035, 26.9331619143388],
                        [86.26438970737713, 26.928143208733125],
                        [86.2597665519319, 26.922906775309098],
                        [86.25956784863196, 26.919067546787602],
                        [86.25913600730676, 26.914378762720993],
                        [86.25634343115502, 26.911678950735997],
                        [86.25228509055687, 26.911497333601243],
                        [86.24613025485124, 26.915040976829964],
                        [86.2418437080555, 26.905586293581564],
                        [86.23599502261855, 26.90328483023713],
                        [86.22440671152633, 26.9039211347622],
                        [86.22199700770052, 26.899083705201633],
                        [86.22384184170733, 26.8927285451548],
                        [86.22088132203116, 26.888431870472086],
                        [86.21621327592914, 26.892769908254856],
                        [86.21578275832321, 26.89617016432756],
                        [86.20357395797076, 26.900005427503494],
                        [86.19984988834173, 26.905460632631208],
                        [86.19182896607313, 26.90412204913667],
                        [86.18674033172032, 26.90641013447467],
                        [86.17841562156923, 26.914410473809948],
                        [86.17095897873217, 26.919890487526978],
                        [86.16307028593867, 26.924428888377395],
                        [86.15615314688674, 26.92644552865954],
                        [86.15765542021576, 26.92207487673365],
                        [86.15580779376464, 26.918898122543812],
                        [86.160652759469, 26.914317297277947],
                        [86.16839782647985, 26.913539500586182],
                        [86.1690661182075, 26.91044547092615],
                        [86.17382467174865, 26.908104197467665],
                        [86.1790156781024, 26.899571474116225],
                        [86.18461348875918, 26.900468118021305],
                        [86.18729839296562, 26.89446581674343],
                        [86.19443984447754, 26.89399892029908],
                        [86.19968630124835, 26.890330583805756],
                        [86.20767294902427, 26.887254993106836],
                        [86.21882623541792, 26.881766356452243],
                        [86.22732839934966, 26.8806104813646],
                        [86.24068414712139, 26.86656900946677],
                        [86.24674904045808, 26.863771922774816],
                        [86.24988648569902, 26.867491339407902],
                        [86.25669942403321, 26.87252757883313],
                        [86.2680873785161, 26.878070104981923],
                        [86.27110226399701, 26.882460896650574],
                        [86.28631106420947, 26.886484998142514],
                        [86.29407120698176, 26.88503482436945],
                        [86.29847661541847, 26.88576971117268],
                        [86.3070813309313, 26.881662598279256],
                        [86.31028464008266, 26.882689189462162],
                        [86.3138261935321, 26.879111877286878],
                        [86.33124248192027, 26.879055500998263],
                        [86.34068366293556, 26.88010394995525],
                        [86.34618231737356, 26.877378910484463],
                        [86.34999618059969, 26.878005734582157],
                        [86.35788702989757, 26.874952765940797],
                        [86.36214260202976, 26.874823102155133],
                        [86.36522700206568, 26.872363934947042],
                        [86.36911812852867, 26.874807038288452],
                        [86.36937485393325, 26.880110828947647],
                        [86.37402278672417, 26.88400581936904],
                        [86.37464970372861, 26.88976476260573],
                        [86.37691135803662, 26.89206278899553],
                        [86.3769476192201, 26.8970406652557],
                        [86.38283566149447, 26.902777578067795],
                        [86.38256289226176, 26.908151228130052],
                        [86.40103766750136, 26.90815186593293],
                        [86.40389944940081, 26.909580979153493],
                        [86.40732818099758, 26.907106568590024],
                        [86.4134904457939, 26.906811891213124],
                        [86.42325025691335, 26.90292134159066],
                        [86.42812675544127, 26.90245603052116],
                        [86.43327092775277, 26.898137625873066],
                        [86.44520395543849, 26.891429111616873],
                        [86.45675603642601, 26.88738754596477],
                        [86.46696384141113, 26.886828462518743],
                        [86.47823591510787, 26.887608405714726],
                        [86.47728808171513, 26.882843744274844],
                        [86.48160361823003, 26.86981952429909],
                        [86.48767879998591, 26.868117717850616],
                        [86.49276085453403, 26.863909676271337],
                        [86.49659570303287, 26.856603321825613],
                        [86.50032438264896, 26.857555241510912],
                        [86.50445499897438, 26.856184309671484],
                        [86.50618122829671, 26.846893591467914],
                        [86.51117214407809, 26.84667626087244],
                        [86.51085539127916, 26.843046760913815],
                        [86.51842186188753, 26.842115976385873],
                        [86.52069254730856, 26.83445837369153],
                        [86.51940814870402, 26.831782272099204],
                        [86.53727194200941, 26.831835083985712],
                        [86.53954962994456, 26.83537844036309],
                        [86.54657668568213, 26.836691825074478],
                        [86.55190333681732, 26.83516311430566],
                        [86.5545170337229, 26.830595186270724],
                        [86.55146838212329, 26.824337304580638],
                        [86.55316450160512, 26.814549440720516],
                        [86.55016741882291, 26.8133461798184],
                        [86.54574246595897, 26.803338038616044],
                        [86.54080994245004, 26.79954247114692],
                        [86.53656428157703, 26.800740354215126],
                        [86.53558664189626, 26.79583376596183],
                        [86.531489443842, 26.792200824110747],
                        [86.53115943653972, 26.788756305452],
                        [86.53662821012011, 26.78655165798546],
                        [86.53619444067478, 26.78432078335048],
                        [86.5480508241274, 26.78187245725511],
                        [86.55087404543737, 26.78631774364876],
                        [86.55621568594995, 26.788058561087404],
                        [86.55744610408667, 26.79017221011192],
                        [86.56526781752254, 26.788133963908813],
                        [86.56490516839182, 26.782834546707658],
                        [86.5683662470085, 26.781531846911],
                        [86.57067625844184, 26.784327955464672],
                        [86.57782801641665, 26.784238840062237],
                        [86.5771091733823, 26.775684511931942],
                        [86.57252496432648, 26.76970220446423],
                        [86.56873418403636, 26.767984786376665],
                        [86.56769965229911, 26.764188412793523],
                        [86.55806820082745, 26.753692971341682],
                        [86.55315129928465, 26.747050152741515],
                        [86.55600223361014, 26.74450917517005],
                        [86.56290015370801, 26.74424632017939],
                        [86.57380783680833, 26.73950692724493],
                        [86.57161569976657, 26.733112071993016],
                        [86.57280891594692, 26.730396580275574],
                        [86.57162857358023, 26.72456888033864],
                        [86.57346167520494, 26.72044946050264],
                        [86.57973456628191, 26.716618468006605],
                        [86.58292943247103, 26.712322400631784],
                        [86.58108689054818, 26.70807692568188],
                        [86.58315463773809, 26.701627025322473],
                        [86.58821769702031, 26.697361112253816],
                        [86.59554600284311, 26.69695121569792],
                        [86.60075882272437, 26.699795683702966],
                        [86.60482162562373, 26.69324045273488],
                        [86.61100165800886, 26.689279220829455],
                        [86.61338237180091, 26.693893610326448],
                        [86.6164390748682, 26.69503244009187],
                        [86.62747774142841, 26.69027342594662],
                        [86.62809157379681, 26.694266900379805],
                        [86.63108186464241, 26.69462667199657],
                        [86.63411407205352, 26.698488764768204],
                        [86.64336189962782, 26.697108673219606],
                        [86.64942489780991, 26.68968167874809],
                        [86.6566142951907, 26.691587953035402],
                        [86.66399559293333, 26.702563501595268],
                        [86.66654848404474, 26.70377225449011],
                        [86.67092969153664, 26.696839062173584],
                        [86.67058749906957, 26.693433102200505],
                        [86.67880514212219, 26.68946228255026],
                        [86.68490000474371, 26.68806788747832],
                        [86.69171725826479, 26.69017463793667],
                        [86.6986033097102, 26.698227433093592],
                        [86.70263751074786, 26.699316658881557],
                        [86.70562083507251, 26.706679382804456],
                        [86.71378199095338, 26.708135776110588],
                        [86.71812195560237, 26.706806282380548],
                        [86.72224367124832, 26.709569739801577],
                        [86.72829693729247, 26.709946938797703],
                        [86.73300903263794, 26.711826671873297],
                        [86.73827209824793, 26.711809330251736],
                        [86.73954713163828, 26.7056467024149],
                        [86.7422499307134, 26.701634975436463],
                        [86.75303092149831, 26.69515741950891],
                        [86.75271143990086, 26.690551254364937],
                        [86.75644391896775, 26.6893504246276],
                        [86.76027503496294, 26.69548577114732],
                        [86.76360986580474, 26.694825700211457],
                        [86.76901412245492, 26.699453768247196],
                        [86.77140695377254, 26.69866106808364],
                        [86.7754850274575, 26.70240450159517],
                        [86.78140189966996, 26.701691607463975],
                        [86.78430801499488, 26.704792076128893],
                        [86.79983925888799, 26.712597735451705],
                        [86.80513463992538, 26.71229373272125],
                        [86.80811163833202, 26.709023508063602],
                        [86.81320356583575, 26.707775645982824],
                        [86.81863745132443, 26.70925623923749],
                        [86.82324480498053, 26.714217451351065],
                        [86.83523425252694, 26.711083939319614],
                        [86.83981843300386, 26.70426530369957],
                        [86.84003578485193, 26.698409754817177],
                        [86.84357600480965, 26.69313327798678],
                        [86.84835178996562, 26.69173711022156],
                        [86.86150060803774, 26.701704353701196],
                        [86.86567977208679, 26.70088024949481],
                        [86.86532949802485, 26.70679435295883],
                        [86.86664868564604, 26.710293321783908],
                        [86.87117641092262, 26.713082160096548],
                        [86.88483490868457, 26.71203324686925],
                        [86.88974983481785, 26.720330112364334],
                        [86.898105300115, 26.726404296415453],
                        [86.90397378689553, 26.732018224877375],
                        [86.90344109689933, 26.735253746356292],
                        [86.91043466088051, 26.73922990081611],
                        [86.90871129154225, 26.746183575799844],
                        [86.9085777054566, 26.759219687197934],
                        [86.91345054513084, 26.76041423391006],
                        [86.92158841313208, 26.766484600537733],
                        [86.92622683679049, 26.76252003077956],
                        [86.92771725681114, 26.75743675070207],
                        [86.9246819445243, 26.7499253505609],
                        [86.93239321147372, 26.740654734415482],
                        [86.94434583211745, 26.732910874630246],
                        [86.94913616405559, 26.732127342305446],
                        [86.96372643418854, 26.735864218177387],
                        [86.9669688301536, 26.73562579650245],
                        [86.97087357600994, 26.729899428764327],
                        [86.97161972201084, 26.72467783396867],
                        [86.97553383702304, 26.719158948227197],
                        [86.98136595108645, 26.71648809811128],
                        [86.98365436655504, 26.712568730677834],
                        [86.98441191016678, 26.703456724592613],
                        [86.99077550720837, 26.69846796174641],
                        [86.99121010091615, 26.702927018479684],
                        [86.99476589316106, 26.702742161805272],
                        [87.0030584932793, 26.708753726415825],
                        [87.00766282889687, 26.708945354982973],
                        [87.01289783453856, 26.70066560825545],
                        [87.01418342345104, 26.689247125117944],
                        [87.01061146779311, 26.682886114023376],
                        [87.01318449143491, 26.6752586360974],
                        [87.01272735591978, 26.67002564506028],
                        [87.00690649259866, 26.66694812164684],
                        [87.00250497336476, 26.659871469749653],
                        [87.00217334623181, 26.656256403198743],
                        [86.99479260452716, 26.654020026562332],
                        [86.99099763577529, 26.64952022450461],
                        [86.99097286697814, 26.644907687219245],
                        [86.98840647457946, 26.640992294472067],
                        [86.98841046533012, 26.635781810659477],
                        [86.98534946551419, 26.633953664482725],
                        [86.98533945414752, 26.628916914274793],
                        [86.97872345978227, 26.625161059714365],
                        [86.98676368579223, 26.61305756875848],
                        [86.98898602353175, 26.607393726105556],
                        [86.98875390093114, 26.603027101473188],
                        [86.98430139634274, 26.59550311329012],
                        [86.98211792004662, 26.587489644433994],
                        [86.98331690616305, 26.58395134946826],
                        [86.9916085028746, 26.576189297012544],
                        [86.99230962308555, 26.572314709239343],
                        [86.98099599342035, 26.56262597257092],
                        [86.97376116051664, 26.55801680601787],
                        [86.97201278584636, 26.554121487001105],
                        [86.96863484403787, 26.551512153023772],
                        [86.96616696039287, 26.54663722018086],
                        [86.9616645511938, 26.543497099154813],
                        [86.95672602518664, 26.542584027893724],
                        [86.95078853936346, 26.53722257513739],
                        [86.94554366565959, 26.53682576461224],
                        [86.93317321940334, 26.533543891107904],
                        [86.92349883068549, 26.523054691052085],
                        [86.91849814071688, 26.515805794202908],
                        [86.91575906810841, 26.50969321409399],
                        [86.9177433643965, 26.5044522046885],
                        [86.91456037376757, 26.50008371414293],
                        [86.911599653027, 26.49917024056784],
                        [86.90397838198669, 26.488276987319693]
                    ]
                ]
            },
            "properties": { "fid": 6, "id": "koshi", "label": "कोशी प्रदेश" }
        },
        {
            "type": "Feature",
            "geometry": {
                "type": "Polygon",
                "coordinates": [
                    [
                        [83.1453142301757, 28.747081084832583],
                        [83.1414161582954, 28.746307464338074],
                        [83.13225373791335, 28.74797685599223],
                        [83.1275703495738, 28.745880413789017],
                        [83.121311329972, 28.74544516972618],
                        [83.11491930154358, 28.743145406780148],
                        [83.11244025309989, 28.7467271016309],
                        [83.10242497025311, 28.753561382185],
                        [83.10222499307447, 28.759991225781224],
                        [83.09809273340794, 28.766568557889695],
                        [83.09503212550358, 28.76765116109722],
                        [83.09124105069306, 28.772026700613086],
                        [83.08037095978024, 28.781273870124004],
                        [83.07915102940859, 28.786104095580324],
                        [83.07554522369867, 28.785111755944172],
                        [83.06897233493765, 28.780214541124817],
                        [83.06515384228953, 28.783774781061013],
                        [83.05785185343686, 28.78574067461287],
                        [83.04550357125359, 28.786488603165385],
                        [83.03597292322308, 28.792714384022457],
                        [83.03179660307072, 28.793214585612205],
                        [83.02005402418715, 28.792207247061498],
                        [83.01221570025128, 28.79890601062606],
                        [83.00559902227971, 28.799457482979886],
                        [82.99726468761108, 28.803841826622513],
                        [82.9906133189347, 28.801647112947716],
                        [82.98678313196801, 28.80250941273467],
                        [82.9813057245267, 28.800564382248485],
                        [82.97560524964284, 28.803543895679752],
                        [82.97363471413297, 28.8092493408613],
                        [82.96993910709071, 28.811522013083625],
                        [82.96563920194251, 28.82034726050652],
                        [82.95978037822415, 28.819869089404516],
                        [82.9507692738651, 28.823643103868747],
                        [82.94953779771872, 28.82767115149646],
                        [82.92590974862819, 28.82751892775165],
                        [82.91745512984782, 28.83136944388577],
                        [82.91019243243626, 28.830990679391423],
                        [82.90476020521604, 28.83228435313502],
                        [82.89799081930803, 28.82541256862693],
                        [82.89224326075708, 28.826657991065442],
                        [82.88388338561072, 28.82695452386056],
                        [82.87945604258458, 28.83037114179109],
                        [82.87304833344591, 28.831114099443468],
                        [82.86811738134381, 28.83404125471897],
                        [82.8638606878455, 28.83185132917673],
                        [82.85447613941727, 28.832159970420403],
                        [82.84699125573668, 28.82693527393837],
                        [82.8426872235297, 28.8264766254693],
                        [82.83661720005206, 28.831325899616335],
                        [82.83266875765965, 28.83015950874418],
                        [82.81700448114215, 28.831265855189038],
                        [82.79923653424063, 28.82062250231702],
                        [82.79324154943038, 28.819840483125926],
                        [82.78136263745755, 28.824062226004145],
                        [82.77816284735577, 28.819542406424915],
                        [82.77092061441344, 28.814473700996025],
                        [82.76735425349202, 28.809715646797475],
                        [82.76002718388825, 28.816052202411825],
                        [82.75297353630447, 28.827709584283546],
                        [82.74929741916826, 28.83042509152013],
                        [82.74166927713023, 28.84578693628882],
                        [82.73599850241251, 28.84793758924117],
                        [82.72905901089997, 28.847671634560314],
                        [82.72361702157448, 28.849704364888552],
                        [82.71199987318536, 28.851477337663813],
                        [82.70456781975224, 28.854582002187414],
                        [82.69555971892741, 28.86465875052201],
                        [82.68532660906153, 28.861322652174394],
                        [82.6783624302535, 28.85474496599848],
                        [82.67352944100878, 28.85250284958808],
                        [82.6654409504209, 28.85378310953032],
                        [82.65835029072674, 28.860041800824167],
                        [82.655961735669, 28.866608721604482],
                        [82.64847670096292, 28.869150311449822],
                        [82.6440735868472, 28.867150492372907],
                        [82.63785931936988, 28.859951375214322],
                        [82.63664713976368, 28.85516417213353],
                        [82.62980803937172, 28.853339987250916],
                        [82.62461499715441, 28.84675964049205],
                        [82.62593784080245, 28.839135863893674],
                        [82.61756105666011, 28.82849440538339],
                        [82.6135660746335, 28.826509153246395],
                        [82.61997362865793, 28.811156038847642],
                        [82.61894469839596, 28.808249353114114],
                        [82.61464267646323, 28.807264692187275],
                        [82.6052476304117, 28.801179486621255],
                        [82.59611710827015, 28.791943200324756],
                        [82.59154398561137, 28.791548168154137],
                        [82.5894390022529, 28.78598664879434],
                        [82.58618565508596, 28.781531760305658],
                        [82.5813353911806, 28.780657643168674],
                        [82.57703355531129, 28.776446403573498],
                        [82.57157309615064, 28.773803941201205],
                        [82.56396878249107, 28.765707198047576],
                        [82.56359540740405, 28.75862540651314],
                        [82.56690548721004, 28.753883329562736],
                        [82.56531270352704, 28.74735921935875],
                        [82.57484341982864, 28.74047918207433],
                        [82.58153525043934, 28.741151783213116],
                        [82.58993776112044, 28.739915710659027],
                        [82.59548268564825, 28.743778500131135],
                        [82.60130004093897, 28.74283286125753],
                        [82.60156585344325, 28.734454012311662],
                        [82.60563236894038, 28.71482300438345],
                        [82.61309346927226, 28.712353155270044],
                        [82.61526966764194, 28.70949738854153],
                        [82.6123233923502, 28.695796166615896],
                        [82.61581137879423, 28.691399685126807],
                        [82.61457928387277, 28.68878640700473],
                        [82.60215720156367, 28.686283639381095],
                        [82.59965430218658, 28.682391646873707],
                        [82.60090511797495, 28.676661880432754],
                        [82.59972727417485, 28.670322820680884],
                        [82.59535967155725, 28.66744683186854],
                        [82.59233220194926, 28.66762289647712],
                        [82.58658867712222, 28.663830096461464],
                        [82.57869979448549, 28.66453022740011],
                        [82.57471957186945, 28.658601338160285],
                        [82.56429231529367, 28.651025316296654],
                        [82.56057496820645, 28.646490490837863],
                        [82.5535987573722, 28.64481928963777],
                        [82.53866473389479, 28.647112982645208],
                        [82.52774744168907, 28.654706496170913],
                        [82.52499518330521, 28.655019364508107],
                        [82.52142858424875, 28.659308854057088],
                        [82.51715031562263, 28.661134185640837],
                        [82.51271857390805, 28.659443525322605],
                        [82.50067817194734, 28.664381142488406],
                        [82.49837084812619, 28.66166698290732],
                        [82.4941936498248, 28.66244909901573],
                        [82.48981567873568, 28.659242579044143],
                        [82.49074595843437, 28.651071844329458],
                        [82.48569690493161, 28.640571485175283],
                        [82.50596365574243, 28.630994603062167],
                        [82.50836851869698, 28.627662571044667],
                        [82.51829379765773, 28.62449638330601],
                        [82.5280256662283, 28.62461826652615],
                        [82.53383596392575, 28.623463271958695],
                        [82.53996518751505, 28.620682930538223],
                        [82.54320277806421, 28.62248162632556],
                        [82.54395834867553, 28.626522641141573],
                        [82.54922959179895, 28.62550325118859],
                        [82.54577688471018, 28.618291362682115],
                        [82.55331366979021, 28.61541498803485],
                        [82.56112215339357, 28.61001478835782],
                        [82.56791224369391, 28.60954536948871],
                        [82.57471246560401, 28.61195612418751],
                        [82.57763227129387, 28.614481373634572],
                        [82.58049223877173, 28.612368548348023],
                        [82.5785798172624, 28.6021285226466],
                        [82.58037633826778, 28.59815041482886],
                        [82.58087579378126, 28.587155120214604],
                        [82.57687796428617, 28.583605823722337],
                        [82.57500373188134, 28.579566729804075],
                        [82.56674376002452, 28.577733837343423],
                        [82.55384005615893, 28.58157348098708],
                        [82.5470291333635, 28.576696327841113],
                        [82.54408035222502, 28.572967813538387],
                        [82.53545843381558, 28.570899124660322],
                        [82.53015078692852, 28.563790763846843],
                        [82.52893918242911, 28.55818163402436],
                        [82.52622836301705, 28.558131911434494],
                        [82.52007959057164, 28.553714038096935],
                        [82.51666478595007, 28.554529350676606],
                        [82.50891089842469, 28.551171607309346],
                        [82.49967784578402, 28.55393890363015],
                        [82.49207074796765, 28.55255640817568],
                        [82.49172868307923, 28.54839608321568],
                        [82.4939560655894, 28.54386893387787],
                        [82.49090195902761, 28.538042546805954],
                        [82.484451631845, 28.5353794451218],
                        [82.48092243683598, 28.53127451997729],
                        [82.46646462586577, 28.525474402373842],
                        [82.46353234539063, 28.521612900735573],
                        [82.45972031172039, 28.520936594681924],
                        [82.44768996193807, 28.523050285474362],
                        [82.44416206812339, 28.522837503099797],
                        [82.43762233618759, 28.525674583355144],
                        [82.43004694489511, 28.524507142179324],
                        [82.41838913475227, 28.528495479557726],
                        [82.41662457546683, 28.524406454204122],
                        [82.41569003530513, 28.51668171292433],
                        [82.41176122670943, 28.512910036620966],
                        [82.40740002650331, 28.503662723795888],
                        [82.41163627659064, 28.496425575434316],
                        [82.41157089914293, 28.49261007877596],
                        [82.40522425577332, 28.484393882001736],
                        [82.4055256933794, 28.47814217130328],
                        [82.40030042211448, 28.46976578960906],
                        [82.3965010276287, 28.46887150905616],
                        [82.39649782910476, 28.46193487865737],
                        [82.39129637183542, 28.45806848537743],
                        [82.38344878490535, 28.455985374773597],
                        [82.37370874548483, 28.448254691884735],
                        [82.37353294088037, 28.445975313491502],
                        [82.37685146864611, 28.43584445656987],
                        [82.37679815576621, 28.431248166500435],
                        [82.36911128247996, 28.42602416456247],
                        [82.36542034171201, 28.42616947237412],
                        [82.3510687627864, 28.42386753729397],
                        [82.35125234971818, 28.417874651792964],
                        [82.35379281258297, 28.414856153730174],
                        [82.3528261323694, 28.411416829151616],
                        [82.35626396803097, 28.408662257925478],
                        [82.3609266614276, 28.408092441150735],
                        [82.36546615224711, 28.4024957696588],
                        [82.36272234415331, 28.395357009379175],
                        [82.3634727489105, 28.388264421732824],
                        [82.37504251630601, 28.37727578488988],
                        [82.38347314824772, 28.372769319937742],
                        [82.38270965301713, 28.364634117525046],
                        [82.3782095969458, 28.3600171621227],
                        [82.3791998041002, 28.351697251084275],
                        [82.36587406322046, 28.34389814780357],
                        [82.36307368733382, 28.340786203242242],
                        [82.3642294229429, 28.32976910558275],
                        [82.3672486999132, 28.32989001342009],
                        [82.36704007188004, 28.324841598928664],
                        [82.36381955074592, 28.319083453634132],
                        [82.36834919184625, 28.318932096362705],
                        [82.37500890473017, 28.316282372963077],
                        [82.37734219484614, 28.310673794651965],
                        [82.37618015155779, 28.304599647094143],
                        [82.38050230261892, 28.2986956896648],
                        [82.38317181685038, 28.291982780223414],
                        [82.386259295728, 28.290814682093902],
                        [82.39123791586957, 28.285255575527092],
                        [82.39514205791869, 28.282883349524436],
                        [82.39539513141453, 28.27703176491282],
                        [82.40342607237328, 28.26222654894425],
                        [82.41014230372798, 28.258203138902672],
                        [82.41318922311748, 28.2538114601406],
                        [82.4183278412253, 28.253839408395333],
                        [82.42449737132348, 28.251172180304142],
                        [82.43637014696753, 28.24775460299348],
                        [82.43573773185881, 28.24428072359121],
                        [82.42729508299551, 28.239697643871743],
                        [82.42821049466873, 28.231071322318492],
                        [82.42480542647066, 28.229214317610086],
                        [82.41953143660565, 28.229932362172207],
                        [82.4147593655873, 28.224635715247683],
                        [82.40698822988827, 28.22102111988697],
                        [82.4022558387399, 28.20581887954511],
                        [82.40295499969588, 28.202130352015388],
                        [82.40053125409379, 28.192534569287155],
                        [82.40310730886657, 28.184304108197157],
                        [82.3991232366317, 28.180110933741144],
                        [82.4008872364437, 28.177313842042707],
                        [82.39847023016982, 28.171694693655315],
                        [82.39470780887459, 28.171241306541063],
                        [82.39374822244845, 28.176159594015683],
                        [82.39658796102474, 28.18311437437343],
                        [82.39239278679442, 28.189283624452578],
                        [82.3869832190674, 28.18848818073342],
                        [82.37857055141149, 28.184548918991993],
                        [82.36703007424053, 28.18978971059224],
                        [82.36297499342983, 28.19671689235165],
                        [82.35926427139744, 28.198646412148477],
                        [82.35394060013378, 28.20615214953254],
                        [82.3493009576395, 28.207152115906865],
                        [82.34626230881956, 28.210340029299243],
                        [82.34596930013203, 28.216316229305573],
                        [82.33745537986776, 28.223478262793535],
                        [82.32740845325799, 28.225236331608862],
                        [82.31979573765653, 28.224854381525656],
                        [82.31284151988227, 28.223132501639693],
                        [82.3098975115662, 28.231640055486874],
                        [82.30249949791146, 28.232301762090163],
                        [82.30105829481424, 28.23689919545306],
                        [82.3012411433605, 28.24378431780602],
                        [82.2920240206898, 28.246768099566623],
                        [82.28716107276608, 28.245650006759305],
                        [82.28140148927496, 28.24820800146425],
                        [82.2753732999905, 28.24843358187922],
                        [82.27336772739744, 28.24671308550345],
                        [82.26423395631592, 28.243515746651727],
                        [82.2578827519797, 28.24345247398036],
                        [82.25658524250471, 28.239947651221588],
                        [82.24788280022877, 28.239524376744253],
                        [82.2435634754725, 28.237885401691955],
                        [82.23306560577355, 28.23991144024204],
                        [82.22272554300585, 28.24793568179326],
                        [82.21679287777796, 28.24948645554516],
                        [82.21223429182551, 28.246896689301483],
                        [82.19838679638764, 28.24293579042744],
                        [82.19326266229496, 28.247099648558084],
                        [82.18229309588587, 28.249726063756032],
                        [82.17571074917657, 28.248948165742206],
                        [82.16830751783563, 28.251321654306384],
                        [82.16071759419876, 28.241722363150824],
                        [82.15387340371542, 28.241171252782284],
                        [82.15215769077099, 28.238081698298213],
                        [82.14827176149903, 28.239023494491335],
                        [82.14370228922797, 28.2370743577817],
                        [82.14276021890676, 28.241059292246064],
                        [82.13421916589844, 28.24895588374933],
                        [82.1331405846027, 28.2511529790218],
                        [82.12672664476132, 28.254194983692717],
                        [82.11770535080467, 28.251492165665372],
                        [82.1115223196289, 28.25449317745964],
                        [82.10822925857413, 28.258233037741544],
                        [82.10061689923408, 28.25894648884614],
                        [82.0935879267661, 28.254669467741568],
                        [82.09133664471013, 28.249122257114102],
                        [82.08116609265802, 28.248535353169103],
                        [82.07773699463081, 28.24497338086559],
                        [82.06942584813135, 28.23915535894731],
                        [82.06854413117759, 28.23700791822802],
                        [82.0617034902772, 28.240609677949248],
                        [82.05419604044046, 28.242064126036016],
                        [82.05201191925477, 28.24097788259753],
                        [82.04578299192751, 28.23163896217965],
                        [82.04233091800657, 28.230388464834512],
                        [82.04025363669463, 28.22347206925212],
                        [82.03641874741862, 28.214858867212968],
                        [82.03082595566669, 28.214050612065535],
                        [82.02682903447835, 28.208409384403733],
                        [82.02637828521004, 28.204814645403932],
                        [82.023434368256, 28.20152503015928],
                        [82.0168952603278, 28.200991736533933],
                        [82.01380642984299, 28.204366946593375],
                        [82.00908797720665, 28.20587492870722],
                        [82.00220387843464, 28.210980988495983],
                        [81.99958240692695, 28.21518712796941],
                        [81.99263249906751, 28.22057741172991],
                        [81.98329079540613, 28.222142823321107],
                        [81.97835304439992, 28.221106661610985],
                        [81.97270840841712, 28.222435022198557],
                        [81.96994499130491, 28.22814177303915],
                        [81.96461744827899, 28.235824743461414],
                        [81.96318815603335, 28.241966347132287],
                        [81.9688433549323, 28.24399955347593],
                        [81.97397136888382, 28.24287804069986],
                        [81.97854531408935, 28.249789033544438],
                        [81.98414528855749, 28.250870013530673],
                        [81.9839557357833, 28.25865867157026],
                        [81.97943551198092, 28.259875497088117],
                        [81.97026945530459, 28.25548777004251],
                        [81.96670381864924, 28.258583310785447],
                        [81.96630724615048, 28.26214366562049],
                        [81.96162517694356, 28.266435830807136],
                        [81.95984625194407, 28.275627462463916],
                        [81.95381384473663, 28.281124497955247],
                        [81.94364743320854, 28.28309686052496],
                        [81.93652377961229, 28.27921161758692],
                        [81.9322495960175, 28.269405144146432],
                        [81.938373117296, 28.263930982653086],
                        [81.94023575416882, 28.25966127559122],
                        [81.9475307942578, 28.25468177217362],
                        [81.95313835647629, 28.247317839636178],
                        [81.95169347447263, 28.241162571763002],
                        [81.94476416129268, 28.23765529476262],
                        [81.93823839692318, 28.231952163861042],
                        [81.92752471017998, 28.232519273095015],
                        [81.91876799572981, 28.2267919881838],
                        [81.91302173389776, 28.228953271230374],
                        [81.9091929443701, 28.232202482449743],
                        [81.89606244844028, 28.23339456373525],
                        [81.88852046893527, 28.236823143412217],
                        [81.88697430401233, 28.2402893037634],
                        [81.88278325088423, 28.24347020316248],
                        [81.87656491970189, 28.239115640442648],
                        [81.87184485969496, 28.23969402122174],
                        [81.86364086938981, 28.238340655439632],
                        [81.86474915794265, 28.24878315088283],
                        [81.8613849382156, 28.25503752984654],
                        [81.85377480885478, 28.26039799331227],
                        [81.85019626136693, 28.26569239528084],
                        [81.84371965462348, 28.27173562389286],
                        [81.82994046747878, 28.27461960430592],
                        [81.82613025467857, 28.276937026258476],
                        [81.8219719445737, 28.27675679665399],
                        [81.81441343220969, 28.278728634955876],
                        [81.8090531479797, 28.28280087414431],
                        [81.80573429057267, 28.282439235985336],
                        [81.79799174608198, 28.27358725266379],
                        [81.79318907765006, 28.273944589834223],
                        [81.791324073168, 28.277869453426575],
                        [81.79212309202015, 28.28123971809703],
                        [81.78791925871779, 28.293326611411963],
                        [81.78512759696501, 28.29555124412805],
                        [81.78016602573994, 28.29514877487288],
                        [81.7673302892411, 28.30071477161479],
                        [81.76111179297642, 28.309152971723663],
                        [81.75368426746073, 28.307418714579725],
                        [81.74497246810353, 28.313207937330066],
                        [81.7434046398126, 28.31897819725363],
                        [81.74623312801448, 28.326274316122614],
                        [81.75102527249082, 28.330856961714236],
                        [81.75153972512892, 28.343642980639373],
                        [81.75499026271773, 28.350380472396765],
                        [81.75769079003932, 28.352898903546432],
                        [81.75995256102581, 28.35904724585282],
                        [81.76523823341199, 28.365302681509487],
                        [81.76659383916267, 28.37009794652904],
                        [81.75872853310307, 28.36990510441956],
                        [81.75213572287731, 28.37429779644577],
                        [81.7419193954071, 28.37562165715758],
                        [81.72945440396211, 28.378727634706337],
                        [81.72431664892558, 28.383061601466565],
                        [81.72167008208719, 28.382301885478846],
                        [81.71606643047566, 28.384377553494357],
                        [81.70823237044546, 28.39115700872933],
                        [81.70187762590848, 28.393673688733013],
                        [81.70020898780842, 28.39655402448994],
                        [81.69202248317299, 28.402975695677192],
                        [81.69173465998682, 28.405797056032046],
                        [81.68819599363053, 28.410464453256314],
                        [81.6832783965163, 28.411238188653666],
                        [81.6741902661935, 28.417559479467037],
                        [81.66967551634158, 28.41328193547913],
                        [81.66659147342854, 28.414634831105236],
                        [81.65873377926067, 28.415171673575358],
                        [81.65617550505681, 28.418441586041133],
                        [81.64827200115809, 28.422698021487015],
                        [81.64379992550377, 28.42946233761824],
                        [81.63148684917421, 28.436292286899135],
                        [81.62617448856084, 28.444415653088274],
                        [81.62147860273123, 28.445700469657854],
                        [81.6117014612675, 28.45442565544515],
                        [81.60801760318243, 28.453458506519937],
                        [81.60273723686792, 28.458122503709284],
                        [81.60013838299645, 28.462718044307124],
                        [81.59229321197057, 28.468951798293286],
                        [81.58729257758222, 28.4689486053917],
                        [81.58258256543569, 28.473988387776807],
                        [81.5749122808164, 28.478196767826937],
                        [81.57268899784162, 28.48303610402182],
                        [81.56776868361482, 28.48552243180823],
                        [81.5572305094504, 28.49493048183055],
                        [81.55292687244915, 28.493303510387204],
                        [81.54234759030496, 28.49507188827426],
                        [81.53892493951969, 28.494530515960793],
                        [81.53928748067331, 28.500051636856107],
                        [81.53042152330052, 28.50910574153428],
                        [81.51610189093523, 28.513505825227416],
                        [81.51161880848738, 28.520764344862272],
                        [81.51139389437694, 28.524706290098635],
                        [81.50098745805245, 28.530348814103025],
                        [81.49724334793184, 28.533500595708773],
                        [81.49154370880771, 28.53215876704015],
                        [81.48602258648918, 28.539086301757223],
                        [81.47866077567969, 28.53896583656891],
                        [81.47412365227515, 28.541957310067424],
                        [81.47222023310026, 28.548519678181318],
                        [81.46899142436637, 28.54837296031706],
                        [81.46628270670952, 28.553173917895926],
                        [81.45961590781188, 28.554180232342897],
                        [81.45306589553842, 28.552210262199885],
                        [81.44524904603776, 28.55423490492749],
                        [81.44218364546359, 28.558046073968647],
                        [81.43454480116301, 28.562043537016336],
                        [81.43174969803593, 28.575274464822943],
                        [81.43004032603918, 28.577677969378858],
                        [81.42421986582883, 28.577698512609174],
                        [81.42164858722404, 28.581453693486893],
                        [81.42482555647963, 28.58706778050456],
                        [81.42026786918521, 28.590296669687255],
                        [81.41670626172044, 28.595500827042443],
                        [81.40978226387931, 28.595569287743995],
                        [81.40026186105722, 28.603254323142536],
                        [81.40072223490702, 28.606864745827444],
                        [81.39425528070687, 28.608034236118275],
                        [81.3878098630249, 28.610601973514584],
                        [81.37923324940247, 28.612250515707917],
                        [81.37380516266018, 28.61657216696486],
                        [81.37041116782744, 28.61762146152872],
                        [81.36625852411055, 28.622374715325417],
                        [81.36241108203335, 28.6239913262469],
                        [81.3566650626438, 28.62330718591727],
                        [81.34648680083967, 28.624522434458978],
                        [81.33690645773852, 28.62927505118297],
                        [81.32754911675477, 28.632241962104533],
                        [81.32423251830032, 28.635076591716814],
                        [81.3168311274054, 28.6363281250131],
                        [81.31464416976233, 28.64381615264261],
                        [81.3107815121006, 28.647084859626982],
                        [81.3101244080306, 28.65105004688472],
                        [81.31646141336965, 28.655001267825465],
                        [81.3216604332917, 28.663466805649275],
                        [81.32100532478692, 28.66754929400758],
                        [81.31826509959127, 28.669608628060196],
                        [81.30846552230555, 28.671666178928724],
                        [81.30147698332968, 28.67110888616541],
                        [81.30067298397157, 28.673720820509153],
                        [81.29407289073393, 28.673302144265257],
                        [81.29093029407983, 28.67463991463707],
                        [81.28522078391332, 28.673235341825766],
                        [81.2873185436888, 28.663451525743756],
                        [81.28762576339359, 28.6485662820955],
                        [81.2815596322107, 28.63894390266314],
                        [81.27059035212281, 28.629545497849897],
                        [81.26867725467328, 28.617784559587957],
                        [81.26093375659737, 28.613581093189357],
                        [81.25697926229904, 28.60826459317686],
                        [81.24853472035555, 28.594067854395767],
                        [81.23160969595313, 28.576914211136252],
                        [81.21891840942912, 28.56688046710657],
                        [81.20448326927152, 28.55843636576131],
                        [81.18917051343237, 28.545466420124622],
                        [81.17602191713884, 28.53154446777021],
                        [81.1673339918195, 28.523244429955565],
                        [81.16713713926453, 28.519896736647844],
                        [81.16266829772638, 28.513350843442943],
                        [81.16179198297708, 28.505850712616144],
                        [81.16005654477523, 28.501385851799167],
                        [81.15265529491344, 28.50180952534457],
                        [81.13858351217414, 28.491401923170802],
                        [81.12983604735604, 28.48214747291197],
                        [81.12095818523406, 28.475274864952706],
                        [81.11472064282667, 28.472500849789796],
                        [81.11184821798425, 28.469017758116312],
                        [81.11037390270657, 28.46262995338581],
                        [81.10769129812934, 28.46089270300315],
                        [81.09880278222603, 28.45933379033362],
                        [81.0953884274608, 28.459742271056022],
                        [81.09052257466136, 28.456894031214354],
                        [81.08921224766495, 28.4499305938288],
                        [81.08575047792013, 28.438343680645474],
                        [81.07616207035717, 28.432357417704836],
                        [81.06548856487558, 28.42245006544989],
                        [81.0590840494772, 28.40844533620658],
                        [81.06699762509912, 28.39955069931316],
                        [81.06726898719725, 28.394431675356614],
                        [81.0797639498886, 28.38492478167437],
                        [81.08930145235071, 28.38208298269024],
                        [81.13852717083667, 28.37295010599933],
                        [81.16622691565497, 28.368916910974352],
                        [81.21059272233302, 28.360562400382218],
                        [81.21333813911342, 28.35825702471958],
                        [81.21950259389693, 28.344859904221366],
                        [81.23450634216695, 28.32463215740383],
                        [81.23337850939835, 28.298231574094824],
                        [81.23266601558952, 28.288967167707447],
                        [81.25194304077168, 28.266110717479233],
                        [81.28603025019602, 28.228518572087204],
                        [81.29184687054655, 28.22286379534763],
                        [81.29954544190518, 28.219835364321767],
                        [81.31402923712471, 28.204766194747823],
                        [81.32053142187152, 28.19724741045896],
                        [81.31829479281134, 28.182366936250393],
                        [81.32468836419415, 28.175033259229266],
                        [81.32118563211287, 28.168817032415706],
                        [81.31419572484415, 28.16765779603797],
                        [81.30439160067706, 28.16849664931175],
                        [81.30190994509904, 28.16438705568617],
                        [81.30967845613634, 28.160676501927163],
                        [81.3105852327091, 28.15556217104437],
                        [81.3201093005832, 28.160244181725304],
                        [81.3278517067386, 28.148268573029135],
                        [81.31829561509073, 28.1452205996947],
                        [81.3153780893207, 28.13696100729285],
                        [81.32065742813677, 28.13381280432813],
                        [81.33438727193447, 28.140182778625146],
                        [81.34208892765146, 28.139559127441117],
                        [81.371233744886, 28.142375573093638],
                        [81.37664188663331, 28.14971565884902],
                        [81.37830781184265, 28.155493401622124],
                        [81.37706667487674, 28.158698214494805],
                        [81.36835700331872, 28.16097345103007],
                        [81.36684194653398, 28.16534077938121],
                        [81.37510275221429, 28.17695301190485],
                        [81.38987280767813, 28.173760003698035],
                        [81.41474492988634, 28.17425091989675],
                        [81.42644978188642, 28.170654908683503],
                        [81.44581132168788, 28.16130727956271],
                        [81.4459126513069, 28.155957835171698],
                        [81.45006761756852, 28.15064250456333],
                        [81.44988487393248, 28.14086977433329],
                        [81.46761052283573, 28.127195019924457],
                        [81.4726104988342, 28.125594171682845],
                        [81.48398458671517, 28.11824025192845],
                        [81.47971849274198, 28.110086004239378],
                        [81.47838962092717, 28.091281711361272],
                        [81.47835077703924, 28.082530451546774],
                        [81.48802725348638, 28.076885537473174],
                        [81.5163859021846, 28.063328727487015],
                        [81.54724434921958, 28.04919213087681],
                        [81.55913936306958, 28.04220680794757],
                        [81.575354238806, 28.031091797237785],
                        [81.586598140665, 28.024774591218428],
                        [81.59851305160927, 28.019926759790316],
                        [81.61919970299857, 28.008602142318807],
                        [81.62404292100238, 28.001552541947618],
                        [81.62793658256008, 28.001579904650388],
                        [81.63600293979691, 27.99744126980285],
                        [81.63921569850913, 27.99711503060133],
                        [81.64341475072396, 27.993810640513907],
                        [81.69323203769993, 27.989462408088585],
                        [81.69827712861688, 27.988191593635182],
                        [81.72511719027683, 27.966784795776046],
                        [81.77592609454776, 27.926758155643373],
                        [81.80465455662056, 27.9039243871004],
                        [81.80921389157511, 27.903191578954413],
                        [81.81353359822066, 27.904553577164272],
                        [81.82109559781152, 27.903448407539834],
                        [81.82541119119738, 27.90057322977374],
                        [81.83087085796245, 27.898976952009637],
                        [81.84098414339084, 27.890468930802083],
                        [81.84753525544528, 27.887200381858314],
                        [81.85525619151008, 27.88132758788088],
                        [81.86597685851844, 27.87493244508378],
                        [81.87791653902786, 27.86559583764282],
                        [81.88090234090295, 27.861019608654626],
                        [81.88543567574362, 27.856986102548532],
                        [81.90208986348841, 27.853746815986348],
                        [81.9261082725655, 27.859764663331145],
                        [81.9251824958217, 27.875475153874753],
                        [81.92998234787254, 27.882637378966425],
                        [81.93800092420543, 27.887918509539368],
                        [81.93806375013975, 27.89373635439697],
                        [81.94769815434368, 27.903502221156597],
                        [81.95089991749438, 27.910200780284423],
                        [81.95927299158907, 27.916387394270682],
                        [81.96167123678998, 27.923145435733655],
                        [81.96817488256596, 27.928940685408644],
                        [81.97769029471414, 27.928503483281876],
                        [81.9911352832394, 27.929196982977768],
                        [82.02549266310275, 27.925076402357764],
                        [82.04505822532681, 27.924475856709265],
                        [82.06261409621878, 27.921706606078413],
                        [82.07099595133809, 27.92258239401969],
                        [82.08050497284749, 27.90909194667851],
                        [82.0900388007024, 27.899388341022092],
                        [82.09135295732183, 27.89464273037027],
                        [82.10085633063963, 27.886109579362074],
                        [82.11399683574021, 27.877670533925215],
                        [82.12330212177925, 27.865011319117862],
                        [82.13938448493477, 27.85990726005997],
                        [82.15008207869873, 27.858020520939743],
                        [82.15438291988708, 27.86601572797848],
                        [82.17701620094229, 27.854704953532718],
                        [82.2084798649348, 27.842934472091642],
                        [82.2304344969344, 27.820765551082584],
                        [82.25271731613113, 27.810115774654566],
                        [82.2784476386625, 27.790946196605905],
                        [82.3038406801403, 27.77259172734331],
                        [82.33653429401208, 27.754787311817232],
                        [82.36711115504305, 27.74263829018754],
                        [82.382104727669, 27.72053738653112],
                        [82.39290634533687, 27.709824263983286],
                        [82.40172491368584, 27.70276009456879],
                        [82.4128200684169, 27.698198730363245],
                        [82.42723256330618, 27.688249213876993],
                        [82.43700187269287, 27.685057706397544],
                        [82.44868241918974, 27.678685015100836],
                        [82.47316173730515, 27.67647106584802],
                        [82.48168304576933, 27.68260850608565],
                        [82.48394752440761, 27.680759331416795],
                        [82.49000532859496, 27.68119962943173],
                        [82.4924250132238, 27.684162519285906],
                        [82.50024644894759, 27.684979120554733],
                        [82.5163826858874, 27.690377487693553],
                        [82.53089849512307, 27.686537108173205],
                        [82.53886278380806, 27.687573315886706],
                        [82.54108801844116, 27.685695143375323],
                        [82.54941465789686, 27.6888009186156],
                        [82.55447223548364, 27.68846802277084],
                        [82.5618375626201, 27.691752580040742],
                        [82.58486516230319, 27.69856792037141],
                        [82.59361958045812, 27.696899760346984],
                        [82.60003240010542, 27.704188066912362],
                        [82.60497714206292, 27.705925355891615],
                        [82.61892746074244, 27.702379129754696],
                        [82.62747675316648, 27.709146076824233],
                        [82.62775960953219, 27.711476995455854],
                        [82.63845353217968, 27.70907630545173],
                        [82.65516927533866, 27.713270980748973],
                        [82.66414459832562, 27.72205212665716],
                        [82.66644097141943, 27.715624681146046],
                        [82.67159755581288, 27.714212446278953],
                        [82.68062091676384, 27.7137212471812],
                        [82.6891895556057, 27.71508624817566],
                        [82.69938500176484, 27.721803599503016],
                        [82.70189020375531, 27.71632263416223],
                        [82.70597714807516, 27.71331771629223],
                        [82.70518895682707, 27.705764201798168],
                        [82.70703732964401, 27.69920994806846],
                        [82.71074173057056, 27.69456117357706],
                        [82.71563618754067, 27.691784496688644],
                        [82.71822785853138, 27.68741618049916],
                        [82.71476262796524, 27.68100652300275],
                        [82.71421196078245, 27.677146052903336],
                        [82.71592025402762, 27.672512372790393],
                        [82.7131531556572, 27.670893979147205],
                        [82.71535537252143, 27.66681313108862],
                        [82.71306093587293, 27.66306724913449],
                        [82.71975387531116, 27.661793713064554],
                        [82.72385743691608, 27.659099641001607],
                        [82.73059134888527, 27.65222892471032],
                        [82.72861181830146, 27.64786804095053],
                        [82.73326460323045, 27.64273544875039],
                        [82.73776743120698, 27.63962042157401],
                        [82.73503842795435, 27.635913842537864],
                        [82.73719498473409, 27.630706408639018],
                        [82.73650990516829, 27.626425098411435],
                        [82.73322993417766, 27.61811355334164],
                        [82.73620122242511, 27.61139970458061],
                        [82.73597350149188, 27.608045317991582],
                        [82.74234471413948, 27.60445079824031],
                        [82.74534107728854, 27.600286343913506],
                        [82.74485917037026, 27.595298476430553],
                        [82.74969936275325, 27.593796807874117],
                        [82.754733894949, 27.589309786377715],
                        [82.75235979588953, 27.584839656376626],
                        [82.75097893422193, 27.577129835024706],
                        [82.74773022782338, 27.57125981893426],
                        [82.751378029562, 27.565634630048276],
                        [82.74910225319279, 27.563236313928797],
                        [82.74391091473704, 27.561623822290095],
                        [82.74252998316769, 27.554385395122306],
                        [82.7381743190599, 27.550790469031362],
                        [82.73784812920334, 27.54644698224006],
                        [82.74064297312356, 27.544805108397398],
                        [82.74173715394328, 27.537192000966705],
                        [82.744174265362, 27.530324219563397],
                        [82.74941326455851, 27.522813849922535],
                        [82.74347122421936, 27.520601338655982],
                        [82.7420863916892, 27.51818609994873],
                        [82.73671742603172, 27.518031410964262],
                        [82.73712075564623, 27.510662458168124],
                        [82.7352591056479, 27.508588055714224],
                        [82.73573009132475, 27.502523673867397],
                        [82.76576147742223, 27.500918630201333],
                        [82.78525513201808, 27.50017873069647],
                        [82.80187585090044, 27.496507866552257],
                        [82.83290647368695, 27.502048506551414],
                        [82.84901436759712, 27.499477724214984],
                        [82.87029803662469, 27.498591802620144],
                        [82.8797467731872, 27.498643374326782],
                        [82.91325118089362, 27.501325373406495],
                        [82.92937796589507, 27.501159375295327],
                        [82.93950154443819, 27.491321287561522],
                        [82.94469436447633, 27.47703221604102],
                        [82.95415670516306, 27.467928114990116],
                        [82.96655480437957, 27.464252941073543],
                        [82.98616774711907, 27.460832351532773],
                        [83.01980250903489, 27.45380610646603],
                        [83.0340778810495, 27.448861013336735],
                        [83.06830651400043, 27.451323234473136],
                        [83.07478662250898, 27.45278107396626],
                        [83.11238344580103, 27.454467354520208],
                        [83.12194309216434, 27.455231865593056],
                        [83.16442818745743, 27.4576320943965],
                        [83.17542644982902, 27.45536477371561],
                        [83.18780162797063, 27.454408608491278],
                        [83.19593201219774, 27.44607173116661],
                        [83.21044142102399, 27.42431671982827],
                        [83.21757597591974, 27.417290459235012],
                        [83.22609357122863, 27.411661280420198],
                        [83.24009592556322, 27.4064338973799],
                        [83.27221150925894, 27.38361168223117],
                        [83.26555692360708, 27.36554483449162],
                        [83.27272477205476, 27.352644915260584],
                        [83.29429810474338, 27.334897208234267],
                        [83.29982481202826, 27.33453688535207],
                        [83.30469903457313, 27.331391180183008],
                        [83.30751305665204, 27.333519279967934],
                        [83.31213847060124, 27.331960489405795],
                        [83.318557540985, 27.335915605965567],
                        [83.32445111287613, 27.33681067583499],
                        [83.32694145863091, 27.33406777179287],
                        [83.33167760331507, 27.332700590737836],
                        [83.33749757511583, 27.332796044463915],
                        [83.34246119215749, 27.334638015356884],
                        [83.34464620499233, 27.338465955013604],
                        [83.35267790536076, 27.340619818993574],
                        [83.35548164630177, 27.344574505571252],
                        [83.35940625477997, 27.344184162648645],
                        [83.35772836720399, 27.350078919435695],
                        [83.36357625847566, 27.35429787802023],
                        [83.37407415252721, 27.358654831213926],
                        [83.372317915475, 27.363741660373954],
                        [83.37472297768527, 27.36995276304294],
                        [83.38074516991078, 27.37023457840252],
                        [83.38534294577242, 27.37279997997867],
                        [83.38816819106516, 27.376302894547212],
                        [83.3863914739369, 27.380525612998564],
                        [83.38455879676287, 27.389531400360724],
                        [83.39256111370796, 27.39569003008612],
                        [83.40342148309799, 27.402088368470125],
                        [83.40547814344632, 27.405492843277614],
                        [83.40727872227582, 27.41509656949136],
                        [83.40550551332868, 27.418800521439803],
                        [83.39573555721273, 27.422510727982154],
                        [83.39015315564507, 27.430245696584223],
                        [83.38417508908755, 27.436178259354772],
                        [83.38631643129786, 27.43930357338741],
                        [83.38386376311632, 27.44237032329343],
                        [83.39535390591861, 27.44638494853483],
                        [83.3986426660122, 27.44903900935004],
                        [83.40181764984413, 27.45723838125477],
                        [83.39973261901756, 27.463594339483123],
                        [83.39545325435822, 27.46676630214694],
                        [83.39570235926736, 27.469389069755547],
                        [83.39058050793071, 27.471144709189556],
                        [83.39182434184676, 27.477781254367674],
                        [83.38879408515807, 27.47966553982938],
                        [83.42078896700863, 27.478365141410745],
                        [83.44724440469176, 27.476933858596787],
                        [83.50751354585893, 27.4742810770786],
                        [83.5173534269032, 27.474042498537766],
                        [83.58012230850369, 27.47100810545723],
                        [83.61473141316759, 27.469526518007704],
                        [83.63370854824315, 27.461080444710507],
                        [83.67839043854748, 27.44019132106811],
                        [83.7353567369025, 27.414049671971576],
                        [83.74834450518371, 27.407780685283324],
                        [83.82988832516756, 27.370288310853276],
                        [83.86266730264211, 27.346643814272355],
                        [83.87131761621511, 27.35176948897943],
                        [83.88294198555714, 27.35617065092596],
                        [83.89052224803699, 27.361560471518732],
                        [83.89230119966344, 27.36796542592638],
                        [83.89723725108864, 27.370144307339807],
                        [83.90340705686603, 27.376452961693655],
                        [83.90611602743772, 27.38189714069629],
                        [83.90515075382068, 27.389721549998093],
                        [83.8963181183858, 27.389546052211124],
                        [83.87304428830477, 27.39206521522034],
                        [83.8754466988867, 27.40589657377305],
                        [83.87115613165463, 27.41295056212968],
                        [83.86731647681344, 27.424646139875154],
                        [83.86926137057824, 27.429638972038507],
                        [83.88005183975322, 27.434481768373832],
                        [83.89544104216846, 27.437745590244823],
                        [83.88898260085631, 27.443478474024964],
                        [83.88763059657906, 27.446496370064168],
                        [83.88699307647941, 27.455067653699462],
                        [83.88968590246766, 27.461640292620938],
                        [83.883621038461, 27.463977363209192],
                        [83.88646074184082, 27.47258994716454],
                        [83.8850078331203, 27.480952985484087],
                        [83.87795338111978, 27.484911270931413],
                        [83.87464135496165, 27.48964666893935],
                        [83.88018387391381, 27.492476438227044],
                        [83.88354010677352, 27.496120976234696],
                        [83.88625469410621, 27.4955320705098],
                        [83.8902448499857, 27.498748281915088],
                        [83.897135341344, 27.500211133148568],
                        [83.89176494655885, 27.505780173978124],
                        [83.88676962161503, 27.508463479885727],
                        [83.88072637840047, 27.507673269509482],
                        [83.87556469625734, 27.51058161462684],
                        [83.87819996614098, 27.52032453032417],
                        [83.88262631846183, 27.523302081897295],
                        [83.88197232892136, 27.527198221556016],
                        [83.87871066169687, 27.532355582099],
                        [83.87546685721559, 27.534812122634168],
                        [83.8696006264197, 27.54181933914929],
                        [83.85831211408068, 27.545752309310924],
                        [83.85377893491832, 27.550625737392632],
                        [83.85057700916694, 27.558977436449762],
                        [83.84691878267311, 27.560334007358257],
                        [83.84150277185861, 27.556214668280678],
                        [83.84175550050534, 27.54922267594303],
                        [83.8367005458734, 27.546204681479804],
                        [83.83719581292716, 27.551503087782127],
                        [83.83253577142587, 27.55976008458593],
                        [83.83151479184072, 27.565645540340412],
                        [83.83942049213415, 27.571893538712157],
                        [83.84092374692653, 27.57413136089092],
                        [83.83606660395888, 27.58572524213353],
                        [83.83100880896343, 27.587289584450016],
                        [83.82360938971536, 27.592020794302442],
                        [83.82001642161845, 27.59246744806131],
                        [83.81394054420285, 27.5892554543265],
                        [83.80806583834632, 27.588672165235874],
                        [83.80985562855969, 27.593577563720086],
                        [83.8061014387754, 27.59688683339331],
                        [83.80101688224643, 27.596123822817788],
                        [83.79044880258084, 27.605034105210326],
                        [83.79418446225257, 27.609694431914512],
                        [83.79984909040773, 27.612491456425982],
                        [83.79712883225247, 27.618633673085625],
                        [83.79867476727985, 27.620971111756244],
                        [83.80503979865985, 27.620783915877446],
                        [83.8048522736129, 27.62332874585042],
                        [83.80092605257137, 27.629397013259073],
                        [83.80248066193802, 27.63231664963103],
                        [83.80959340818468, 27.635198813125474],
                        [83.80683465240033, 27.647771450899018],
                        [83.80984586413788, 27.64837350670334],
                        [83.81236381394139, 27.652918823686935],
                        [83.80987722679347, 27.655133335395078],
                        [83.81173802473836, 27.662337840562458],
                        [83.80614169799145, 27.662837833086552],
                        [83.79960251874199, 27.66548192976771],
                        [83.78399182142424, 27.666893434928376],
                        [83.7753556121423, 27.66617573987983],
                        [83.76821180763463, 27.666538469822267],
                        [83.76304891404509, 27.661200496314876],
                        [83.75986618710425, 27.66254201286419],
                        [83.75817625515502, 27.66739229950851],
                        [83.74467512945608, 27.66679501809929],
                        [83.74064442274663, 27.669661947009384],
                        [83.73315367995524, 27.669248367736333],
                        [83.72507213352442, 27.672427455532368],
                        [83.72034212672992, 27.669863925053274],
                        [83.71579061073489, 27.66339050075969],
                        [83.70578809640013, 27.65887294057029],
                        [83.69612536634412, 27.663059975235228],
                        [83.69873969589074, 27.669940459615606],
                        [83.6992600655954, 27.676213963167275],
                        [83.70435139771396, 27.682064140832598],
                        [83.7008256823623, 27.68827477612309],
                        [83.6896572290587, 27.698148337345398],
                        [83.68986122682911, 27.706463026638385],
                        [83.68267726829723, 27.71815661028333],
                        [83.68186657290748, 27.720889290170504],
                        [83.69152770066918, 27.71873619649844],
                        [83.69428831894325, 27.716253650337354],
                        [83.71512549586512, 27.71524894000571],
                        [83.72314984029671, 27.709996913546465],
                        [83.729378205212, 27.709539927726347],
                        [83.73220630027937, 27.71414593141396],
                        [83.73931339705092, 27.715005589625154],
                        [83.74509023360253, 27.719102372234662],
                        [83.7510263421158, 27.720952047008808],
                        [83.75625865993116, 27.72014232865635],
                        [83.7592275964121, 27.722293180033443],
                        [83.76291274329539, 27.721604611646157],
                        [83.78221472670468, 27.725018480326792],
                        [83.78651303520643, 27.72466639126835],
                        [83.79222395320431, 27.721836737696005],
                        [83.8013231881945, 27.72128830348143],
                        [83.81081424772188, 27.71427789697999],
                        [83.81559069074342, 27.71346310719848],
                        [83.82095096743838, 27.710649819704138],
                        [83.82517577430335, 27.714071139514708],
                        [83.83349210431732, 27.713961842687652],
                        [83.83870659535539, 27.710856642284533],
                        [83.8461660662021, 27.709461758962263],
                        [83.84874361850613, 27.711580922424663],
                        [83.8446380847212, 27.715685050156548],
                        [83.84402775324367, 27.727035516552924],
                        [83.8417842219137, 27.73110098988113],
                        [83.8451932512153, 27.73503525172455],
                        [83.85159455809614, 27.733235014503656],
                        [83.85978175662558, 27.734419036365722],
                        [83.8689775246466, 27.73464691033777],
                        [83.87557067160182, 27.73327445070063],
                        [83.88733993748139, 27.73219698294579],
                        [83.88864530256727, 27.73017643458028],
                        [83.8984004684778, 27.731849125400533],
                        [83.9019017207476, 27.730283509621557],
                        [83.9063693496062, 27.731561402839912],
                        [83.9130147247235, 27.731049052719005],
                        [83.91586177199113, 27.728392960917926],
                        [83.91889634594219, 27.72952059614987],
                        [83.92406102279521, 27.726786735899157],
                        [83.9248710263986, 27.730622778051174],
                        [83.92813520821136, 27.73413526305758],
                        [83.94485602967576, 27.744171934670415],
                        [83.95187348343669, 27.746606764162575],
                        [83.960391313516, 27.748272248761875],
                        [83.96462371133923, 27.7470663613571],
                        [83.97094937629996, 27.749752782393035],
                        [83.97664653760384, 27.74751113753441],
                        [83.98124495275836, 27.749201807019087],
                        [83.98579768143695, 27.7480222983869],
                        [83.99422217654823, 27.7514614340309],
                        [83.99223433852525, 27.753559651492544],
                        [83.9940491506707, 27.766433832271677],
                        [83.99908750208785, 27.77465560829301],
                        [84.00032005603653, 27.78869623842889],
                        [84.00500741745047, 27.795595691957033],
                        [84.01225990011929, 27.801179426850155],
                        [84.01496564066362, 27.811654776511098],
                        [84.02461722274224, 27.81820096585147],
                        [84.02650998952635, 27.82961034124597],
                        [84.02490727856053, 27.83520606112685],
                        [84.02015104997223, 27.840815791486374],
                        [84.02220565919941, 27.84348002291154],
                        [84.02235672644524, 27.848421140652814],
                        [84.02711236265256, 27.85364562116387],
                        [84.02733652203224, 27.856605731721785],
                        [84.02268549105011, 27.861091941906903],
                        [84.017251899268, 27.86127771358299],
                        [84.01576655770022, 27.85704975735014],
                        [84.02153108771506, 27.854614568840454],
                        [84.0208465630526, 27.851043069101923],
                        [84.0158741570476, 27.85140926888593],
                        [84.00721224994723, 27.854573158584518],
                        [84.00081241329922, 27.854650048810527],
                        [83.9978055356511, 27.85603312619648],
                        [83.99771401607234, 27.86073957510761],
                        [83.9941643798052, 27.866197213187473],
                        [83.98899599629843, 27.866754205714418],
                        [83.98078355367959, 27.865541684554586],
                        [83.97545335699334, 27.867183389684737],
                        [83.97300841059432, 27.87139297091802],
                        [83.96837274056799, 27.87023681361044],
                        [83.95816604781328, 27.87297534233343],
                        [83.9514981969389, 27.86943774280234],
                        [83.94510882291294, 27.871373404701462],
                        [83.94092213761921, 27.877305489781946],
                        [83.93658914843016, 27.87753596324857],
                        [83.93208422839031, 27.87242803995117],
                        [83.9256182375806, 27.868241690399532],
                        [83.92049960773457, 27.871390763020866],
                        [83.91370833394716, 27.87106405896257],
                        [83.91041321311762, 27.874094296202813],
                        [83.91358391706973, 27.877072327522402],
                        [83.91001683034702, 27.880212862463484],
                        [83.89811648511298, 27.883167032315516],
                        [83.89226364642914, 27.886072990269785],
                        [83.88412955428316, 27.88249712157086],
                        [83.8808805541879, 27.88229577639051],
                        [83.88009655390587, 27.887538477485453],
                        [83.87743608157996, 27.88831905292325],
                        [83.87319013776688, 27.885564922579555],
                        [83.86206718439288, 27.882959612204296],
                        [83.86015722705997, 27.881130177291936],
                        [83.86027577821811, 27.874327920540555],
                        [83.85162643210668, 27.874388778561844],
                        [83.85043963011968, 27.881420056740915],
                        [83.84583786504393, 27.881805317344156],
                        [83.84405605354488, 27.87822506264771],
                        [83.84725273152596, 27.873472483335927],
                        [83.84539250728669, 27.86844809179755],
                        [83.83922507789913, 27.868650913260552],
                        [83.83132919775022, 27.871592577143435],
                        [83.8235520200871, 27.876426896946484],
                        [83.8199950325116, 27.877464627185113],
                        [83.81593920399644, 27.874117927670085],
                        [83.8074894139859, 27.87314969517182],
                        [83.80401241333983, 27.87486179080029],
                        [83.79785840010322, 27.88195762289162],
                        [83.78907744523814, 27.884920410101678],
                        [83.78473756348887, 27.889922446848793],
                        [83.78130056546517, 27.89626369470938],
                        [83.77494940637932, 27.903283766343957],
                        [83.76215360544512, 27.909915724752267],
                        [83.75635815073538, 27.909327996878254],
                        [83.75809757396439, 27.90461794902216],
                        [83.75497707528183, 27.903599368121203],
                        [83.75059721735003, 27.907034489808392],
                        [83.74462743495059, 27.9079056913632],
                        [83.74263591837992, 27.900145236770037],
                        [83.73487274231898, 27.904609024454498],
                        [83.73312732890491, 27.90877280759544],
                        [83.72723382596503, 27.910924958596585],
                        [83.72281360420219, 27.91402967055291],
                        [83.720342651014, 27.918839321846324],
                        [83.71719879739318, 27.920044475582685],
                        [83.71101138077262, 27.916561693663112],
                        [83.70064391857402, 27.918342183304436],
                        [83.69562809354207, 27.918225178394852],
                        [83.69009022472974, 27.923686284739148],
                        [83.6876043248042, 27.9228458838802],
                        [83.6859362660703, 27.918092789771677],
                        [83.68092932650966, 27.917339090670858],
                        [83.6795929332401, 27.920921058739058],
                        [83.68204719108567, 27.922887357222738],
                        [83.67909263990951, 27.92648361066942],
                        [83.67554334545375, 27.92744765595915],
                        [83.66990972518222, 27.924250855151524],
                        [83.66574799710176, 27.91973751148108],
                        [83.65757651530805, 27.90763341693664],
                        [83.65485966936437, 27.902435156779294],
                        [83.6490661949899, 27.90233701330115],
                        [83.64465355002474, 27.89849029147421],
                        [83.64040110656632, 27.902242510769128],
                        [83.63322498377272, 27.900035162645022],
                        [83.63135872239341, 27.91016484112513],
                        [83.63238618188318, 27.9147273193178],
                        [83.62687735927922, 27.914595184442316],
                        [83.6222762516994, 27.916367263421606],
                        [83.62156578958022, 27.919262240381894],
                        [83.62662919134466, 27.92472926251689],
                        [83.6196446474996, 27.926862460637704],
                        [83.61675289807053, 27.93057257979671],
                        [83.61067206906087, 27.925124978165673],
                        [83.59952840149403, 27.92361975298624],
                        [83.59284614618387, 27.93114021930846],
                        [83.57451049417197, 27.930189082398428],
                        [83.57348478402014, 27.931986278756828],
                        [83.5762924939796, 27.937181851986516],
                        [83.57090903600277, 27.942986054787568],
                        [83.56751060525573, 27.94032218120274],
                        [83.56448613107254, 27.934223311457774],
                        [83.55975137787166, 27.93482193374738],
                        [83.55267649205331, 27.929512991650864],
                        [83.54817849645937, 27.928063429129914],
                        [83.54510576109296, 27.92921071359974],
                        [83.53837693941222, 27.927742118263378],
                        [83.53621947183554, 27.931218332052644],
                        [83.53711151642679, 27.93559601245518],
                        [83.53540300900282, 27.938144192207005],
                        [83.52989118765655, 27.93794274902567],
                        [83.53051259459446, 27.932083415281607],
                        [83.52396962835995, 27.92408097559488],
                        [83.52293416399618, 27.929223680869576],
                        [83.51601142658033, 27.937576568207824],
                        [83.50894556126545, 27.94068980285044],
                        [83.50325231502593, 27.93800489395265],
                        [83.5035666975884, 27.935422758697527],
                        [83.50862110785499, 27.931048170101448],
                        [83.50117593078619, 27.927048355196295],
                        [83.48946421954741, 27.928623093544637],
                        [83.48376103672025, 27.922659171605847],
                        [83.46741104668081, 27.928620815228168],
                        [83.4603850611168, 27.934355625311248],
                        [83.4528529760661, 27.932793963630388],
                        [83.44798808420413, 27.92860751791443],
                        [83.44024811671862, 27.935148369041375],
                        [83.4451318922816, 27.93875761627659],
                        [83.44280474593788, 27.9430528782037],
                        [83.44399597874734, 27.945338626439632],
                        [83.45581462143292, 27.949774032791076],
                        [83.46227622278228, 27.954699686163277],
                        [83.46602561142326, 27.963495133977347],
                        [83.47535320862482, 27.974495719098392],
                        [83.47816425421908, 27.9752576935009],
                        [83.48084316934569, 27.980409517970863],
                        [83.48524229864297, 27.98201662736123],
                        [83.49299896172096, 27.97810404004567],
                        [83.50002979289181, 27.976949815515674],
                        [83.5091705485791, 27.968470350516363],
                        [83.52262552402686, 27.963899411182304],
                        [83.52641484331988, 27.96636037196555],
                        [83.53091646102986, 27.964715277825082],
                        [83.53429093499057, 27.96848998818581],
                        [83.54103460058867, 27.97136439441973],
                        [83.54612835767405, 27.971313603107152],
                        [83.54985756231088, 27.97674960651998],
                        [83.55421511160854, 27.976411830826077],
                        [83.5603397177118, 27.97382572230577],
                        [83.56839222277081, 27.975904284201437],
                        [83.57670133170159, 27.97427412413486],
                        [83.57998634761519, 27.979660561304666],
                        [83.58529738427987, 27.97978269592415],
                        [83.5838740568253, 27.987018330253],
                        [83.59328706194893, 27.989386075378654],
                        [83.60320308046313, 27.997223519902516],
                        [83.60299513463094, 28.002206752151228],
                        [83.60488649485858, 28.005921258086243],
                        [83.60480257286025, 28.011990019849055],
                        [83.59870270403802, 28.01509483029735],
                        [83.59669074658883, 28.020235145035922],
                        [83.59103485219362, 28.021533752101448],
                        [83.59046429166439, 28.025265904913756],
                        [83.5841777449515, 28.026000615268888],
                        [83.57782112460443, 28.034010727000037],
                        [83.5738056930514, 28.032461929820197],
                        [83.564519718529, 28.034039143124602],
                        [83.56144334786705, 28.03569213232692],
                        [83.56357707891446, 28.04110679959392],
                        [83.55904876286806, 28.043562819333147],
                        [83.56160305403029, 28.04945713659818],
                        [83.56390901240138, 28.05802639536076],
                        [83.56106116777788, 28.063131950876276],
                        [83.56850692596753, 28.06597118444888],
                        [83.57148227247323, 28.07257056924032],
                        [83.58056164750913, 28.077383774347776],
                        [83.5765606082423, 28.081229425001787],
                        [83.57552544425586, 28.087006385721004],
                        [83.5725273678617, 28.089027529525058],
                        [83.56704702736552, 28.089675948134264],
                        [83.56208690913826, 28.094458873709417],
                        [83.5649269664229, 28.100710538711272],
                        [83.56024170875537, 28.10446774958143],
                        [83.55500761411065, 28.10674308637463],
                        [83.55439593660014, 28.11669042389863],
                        [83.54418147375277, 28.120826076042395],
                        [83.5374657684395, 28.119849309963886],
                        [83.53212692406011, 28.116577898729446],
                        [83.524646029455, 28.120841020070632],
                        [83.52131861783364, 28.11996986032389],
                        [83.51561339990675, 28.122232940960824],
                        [83.51023346593706, 28.126942616497143],
                        [83.50570203198464, 28.125911077620337],
                        [83.49896567105068, 28.117182702411693],
                        [83.49443241995466, 28.116320023238618],
                        [83.48895227476653, 28.11338714135815],
                        [83.48367067578535, 28.116329543068787],
                        [83.47398579576908, 28.119047394768216],
                        [83.47598647702495, 28.121599944020005],
                        [83.47813614511985, 28.13007739543464],
                        [83.47359102435263, 28.13226868775264],
                        [83.46677944178637, 28.132073162690276],
                        [83.46249474741045, 28.12989966859162],
                        [83.45603389002127, 28.13171959096247],
                        [83.45102916781643, 28.12637537278905],
                        [83.4451296096627, 28.125029529540914],
                        [83.43863967609259, 28.13096363880302],
                        [83.43111522310178, 28.12905332073351],
                        [83.42649084168656, 28.125945531444398],
                        [83.42005084931306, 28.128140670263026],
                        [83.4184129661643, 28.13655781707173],
                        [83.41349747725843, 28.13774382117812],
                        [83.41113235864992, 28.144032588037206],
                        [83.40716567531834, 28.145481894901593],
                        [83.40601902016724, 28.14842560959582],
                        [83.4003068099624, 28.150440213059603],
                        [83.39466733493765, 28.155861445984133],
                        [83.39364613244354, 28.16035552062367],
                        [83.38879796556277, 28.16703215156974],
                        [83.38410628349308, 28.16377143746186],
                        [83.37602329943935, 28.173620791841593],
                        [83.36984741979265, 28.177869934916412],
                        [83.36904810451824, 28.18343410449048],
                        [83.36409421210257, 28.186353137390054],
                        [83.36254855606519, 28.19211902700053],
                        [83.35262840209971, 28.197753111103076],
                        [83.35036126953474, 28.19455236627434],
                        [83.34496463906042, 28.1935926832238],
                        [83.33805194977961, 28.19000846558254],
                        [83.33076225969089, 28.189039003292006],
                        [83.32488170972383, 28.190444971663066],
                        [83.31640491335375, 28.190328414568246],
                        [83.31055606172042, 28.194102730984273],
                        [83.30773955956589, 28.197587558461347],
                        [83.30141588268944, 28.195712318692813],
                        [83.29731867830967, 28.19279002153593],
                        [83.28736639401681, 28.19258526198484],
                        [83.28000137696627, 28.189690599126095],
                        [83.27794581568277, 28.190986012622744],
                        [83.27377281866089, 28.187489703661285],
                        [83.27057397538661, 28.19187863005205],
                        [83.27070020671032, 28.195132461839524],
                        [83.26683959311013, 28.198716888237175],
                        [83.25887931515379, 28.200469793352102],
                        [83.2584433062306, 28.203968719133833],
                        [83.25541367609522, 28.205815754438802],
                        [83.25168801498972, 28.214124564720823],
                        [83.24720800028304, 28.216865746304677],
                        [83.23366341094476, 28.221792090724275],
                        [83.2332008974029, 28.225660731295722],
                        [83.22817165582067, 28.231051288127475],
                        [83.22597499745613, 28.23506801253789],
                        [83.22178101867632, 28.23723925038998],
                        [83.21993869725654, 28.240768401619277],
                        [83.21568189860706, 28.24377606229499],
                        [83.21569737965844, 28.24775563695502],
                        [83.2053575566807, 28.25230487582552],
                        [83.20101672081536, 28.257748001238937],
                        [83.19798604802122, 28.258682244627988],
                        [83.19311773762988, 28.26328281270293],
                        [83.18896407173774, 28.26519607565109],
                        [83.18531234170143, 28.270110383739823],
                        [83.18123315821045, 28.26914078461892],
                        [83.17779089248643, 28.264874433786304],
                        [83.16752609311406, 28.258048960793726],
                        [83.16280206461724, 28.263262913243338],
                        [83.16134561906001, 28.267280837682986],
                        [83.15527674423697, 28.27071530672948],
                        [83.14850949633154, 28.265951636550003],
                        [83.134981911343, 28.251444503398794],
                        [83.1276507853157, 28.250723331246576],
                        [83.12588609565819, 28.25663164069573],
                        [83.11853052577939, 28.256487416624555],
                        [83.11141438450626, 28.25193172445909],
                        [83.10562103266908, 28.252191674464168],
                        [83.10095184557682, 28.255594605058455],
                        [83.09413892113986, 28.256977626178127],
                        [83.0953503394688, 28.268901432287542],
                        [83.09737653623748, 28.27371764892096],
                        [83.0967957951689, 28.277275940533787],
                        [83.09309116468812, 28.277476990738094],
                        [83.08963962073197, 28.281095045131778],
                        [83.08469768787481, 28.28936602833464],
                        [83.07901760193951, 28.291283703855154],
                        [83.07597395555241, 28.29740372411328],
                        [83.06866076040482, 28.30339081642489],
                        [83.0687235363847, 28.31128903459309],
                        [83.06109168902422, 28.317699958243793],
                        [83.05115244097448, 28.31893738199979],
                        [83.04338243936328, 28.324581559535],
                        [83.03994776100724, 28.322202225510175],
                        [83.03369067623089, 28.321645993154977],
                        [83.02394279679028, 28.325093468261965],
                        [83.01812637982214, 28.32571944775172],
                        [83.01352680702847, 28.332429140216288],
                        [83.0101778594597, 28.33364341547441],
                        [83.00325161498414, 28.333087611089137],
                        [83.00097698396593, 28.336303657857854],
                        [82.9970456407665, 28.34588022450767],
                        [82.99338377791472, 28.351350793211395],
                        [82.9888848498441, 28.353108627358793],
                        [82.97996661820035, 28.359351796683775],
                        [82.96726298879682, 28.35758914015202],
                        [82.96116995587586, 28.359697167217014],
                        [82.9546724482251, 28.360114467678667],
                        [82.95661741574635, 28.36437260800816],
                        [82.95459740984292, 28.372227735520074],
                        [82.95098792617807, 28.373934710833527],
                        [82.94800674240685, 28.378351200998488],
                        [82.95022427047851, 28.384138704546448],
                        [82.947147812867, 28.3871964424146],
                        [82.9457847243605, 28.39154414728903],
                        [82.94201754493342, 28.3947024274697],
                        [82.9435068990316, 28.398375176219538],
                        [82.93823748282804, 28.39845152642241],
                        [82.9357868053249, 28.40205747257919],
                        [82.92728107397879, 28.402157708639887],
                        [82.92258897712152, 28.4011957906008],
                        [82.91579997287705, 28.40339092215164],
                        [82.91909016975032, 28.409103950424587],
                        [82.91808613006222, 28.41814629516103],
                        [82.91404057806561, 28.42318058641974],
                        [82.91214099914497, 28.427625152068416],
                        [82.91412791343744, 28.43427307291805],
                        [82.91023596033666, 28.436387195571967],
                        [82.90594816206138, 28.442971277207064],
                        [82.89894388459943, 28.447884285610193],
                        [82.89391900591367, 28.447649543082466],
                        [82.88622970122559, 28.452396180366403],
                        [82.88650514588502, 28.456589675686907],
                        [82.8827496860063, 28.461212507729407],
                        [82.88270509745496, 28.46614780624558],
                        [82.87861163668444, 28.473328022958423],
                        [82.87919118724123, 28.47628338712266],
                        [82.88666461554614, 28.47960207130932],
                        [82.89363263274893, 28.478551397978936],
                        [82.90039977649901, 28.475676013705765],
                        [82.90641084019683, 28.47569291521076],
                        [82.91169551292363, 28.478336254294113],
                        [82.9114656204028, 28.480836021949475],
                        [82.90556130148741, 28.48359255508465],
                        [82.89229040372004, 28.49649635940651],
                        [82.888276187059, 28.50656268962425],
                        [82.87751866816564, 28.51474608906811],
                        [82.89501610361782, 28.51556171742772],
                        [82.9016518917433, 28.518969880834412],
                        [82.9139488155158, 28.527527845451107],
                        [82.91155597925936, 28.52928621103278],
                        [82.91339993984572, 28.537735276931166],
                        [82.91173119194931, 28.54277485281923],
                        [82.91470928509261, 28.552669865311277],
                        [82.91355482372602, 28.5555029021349],
                        [82.91564909977824, 28.558846876494005],
                        [82.91612486576875, 28.56437275226128],
                        [82.92034618211412, 28.566971203282833],
                        [82.92830148238785, 28.567054566662677],
                        [82.94050182372203, 28.561244784818797],
                        [82.94294736690102, 28.558105797707224],
                        [82.95140639491613, 28.55585919540321],
                        [82.9555719819327, 28.551341422807276],
                        [82.95994063442579, 28.551742701612838],
                        [82.97369721401691, 28.54226934219032],
                        [82.98008350663129, 28.550370572502505],
                        [82.98256360794946, 28.559969542962595],
                        [82.98546994976104, 28.563997530293918],
                        [82.98559063117621, 28.569829623764743],
                        [82.97937524500122, 28.57499161781988],
                        [82.97252291557734, 28.575167748058806],
                        [82.96217418240659, 28.581820167436035],
                        [82.95926189817398, 28.58771477069896],
                        [82.95452812120773, 28.592981651666584],
                        [82.95269599752012, 28.599164057923478],
                        [82.95688019705072, 28.60801406034549],
                        [82.9572180214239, 28.611431877110206],
                        [82.96695431734912, 28.61536604006304],
                        [82.97198978696099, 28.620477586297767],
                        [82.97685246507066, 28.628885451614806],
                        [82.98281743534599, 28.630721436494845],
                        [82.99025077861491, 28.625778253559954],
                        [82.99368104555909, 28.626785026754366],
                        [82.99792447410594, 28.62350045490617],
                        [83.00572806224535, 28.622639841342203],
                        [83.00986979947152, 28.623477702985824],
                        [83.01900947611146, 28.621660634683245],
                        [83.02464093560042, 28.626386474789424],
                        [83.0354188077121, 28.625656082153807],
                        [83.04270305234473, 28.629905742419805],
                        [83.05088765400478, 28.625765247739533],
                        [83.05740732364725, 28.6200494968632],
                        [83.06714100640421, 28.623401277317985],
                        [83.07467467006202, 28.62372130089931],
                        [83.08076143741935, 28.625540352872626],
                        [83.08419418324561, 28.63078573696708],
                        [83.0971007906647, 28.635192219974005],
                        [83.10873072753904, 28.631720842499732],
                        [83.11467175647735, 28.630769458362394],
                        [83.11596477073746, 28.633906690808487],
                        [83.11502622441537, 28.64257863151757],
                        [83.11897523962097, 28.649617672295026],
                        [83.12307328753879, 28.653991210702458],
                        [83.12489334316366, 28.663939763810266],
                        [83.11834197058012, 28.67063986023647],
                        [83.12005239500968, 28.675349830801057],
                        [83.12261027463326, 28.6766566875167],
                        [83.12739942945699, 28.674016816643157],
                        [83.134722386105, 28.673644213097983],
                        [83.13823894683081, 28.67502464195374],
                        [83.14616756077805, 28.681429489464495],
                        [83.14228717004622, 28.689697233227886],
                        [83.14384087855011, 28.693796882335544],
                        [83.14853078649674, 28.694837046618783],
                        [83.15241776276514, 28.701046849373636],
                        [83.14986585146322, 28.7045024938697],
                        [83.15037773795117, 28.71299197212146],
                        [83.14525321112917, 28.720807613679135],
                        [83.14414249735347, 28.726559568739653],
                        [83.14597979501681, 28.730473738109964],
                        [83.14254062588581, 28.73406573017251],
                        [83.14240046047712, 28.74014185743411],
                        [83.1453142301757, 28.747081084832583]
                    ]
                ]
            },
            "properties": {
                "fid": 5,
                "id": "lumbini",
                "label": "लुम्बिनी  प्रदेश"
            }
        },
        {
            "type": "Feature",
            "geometry": {
                "type": "Polygon",
                "coordinates": [
                    [
                        [84.48577400442912, 27.35851329192377],
                        [84.48377317891149, 27.366065396991303],
                        [84.48781322239445, 27.371464229731814],
                        [84.49184147906534, 27.372528637568795],
                        [84.4954398556171, 27.376660763392792],
                        [84.50160491757697, 27.376516937697705],
                        [84.50396488699757, 27.38110225508269],
                        [84.51975610948728, 27.38401362494566],
                        [84.53033676910471, 27.380977441192712],
                        [84.53237419034203, 27.383925460756643],
                        [84.53894397820562, 27.385337503848785],
                        [84.53935425320911, 27.38758543465526],
                        [84.53575365354952, 27.391414721285713],
                        [84.53441738029836, 27.398177470399578],
                        [84.53570622960973, 27.403341716774555],
                        [84.54332728086904, 27.403382212505146],
                        [84.54677198767621, 27.40459840960018],
                        [84.54484519686957, 27.40991727809089],
                        [84.53399870787017, 27.412448001318225],
                        [84.53957708734202, 27.418902013781533],
                        [84.54793106537012, 27.417761627020244],
                        [84.54770060230514, 27.426686138609448],
                        [84.55072926721023, 27.432662402488063],
                        [84.55119142695617, 27.437130323572724],
                        [84.55577760598338, 27.441453136497408],
                        [84.55808754463033, 27.453968430015653],
                        [84.55756252527256, 27.458329718517106],
                        [84.56071614714615, 27.462497959981626],
                        [84.56515129719435, 27.46308472953697],
                        [84.56771532378939, 27.460463755551658],
                        [84.57306590051073, 27.45870000017977],
                        [84.57591112116936, 27.453909474722828],
                        [84.58084864918558, 27.454130410204293],
                        [84.58332765474489, 27.456130396692448],
                        [84.59093758143538, 27.453176471499198],
                        [84.59545245552829, 27.454522299617036],
                        [84.60014789307665, 27.451593825784006],
                        [84.60671034506674, 27.454248070315014],
                        [84.60912331721258, 27.4521978548545],
                        [84.62799215767458, 27.450782851636347],
                        [84.63501679598598, 27.444379350376703],
                        [84.64294677858659, 27.44270494227067],
                        [84.64354295939273, 27.436172597656906],
                        [84.64654463763674, 27.429340257995673],
                        [84.65249064215794, 27.430404571861068],
                        [84.65640988835503, 27.43263118687095],
                        [84.66161837963367, 27.432960804401286],
                        [84.66285503588963, 27.429590812619743],
                        [84.67058783555396, 27.42900780389871],
                        [84.68390191862973, 27.430393897520368],
                        [84.69048912790156, 27.432452946255616],
                        [84.70977946623287, 27.431618274266313],
                        [84.71901556724409, 27.434091141604767],
                        [84.72595611964834, 27.444609878888716],
                        [84.73389414317955, 27.443988439482116],
                        [84.73950728551173, 27.440411912896558],
                        [84.74320495116905, 27.441998707831296],
                        [84.74900821208033, 27.43751607828685],
                        [84.7553686582683, 27.43565422287292],
                        [84.75778911501052, 27.437389669643476],
                        [84.76851182555667, 27.43713461944243],
                        [84.7745423091933, 27.438585838928965],
                        [84.78452286888951, 27.435290109144418],
                        [84.79082692293336, 27.437682124249342],
                        [84.79743691843098, 27.434849048842448],
                        [84.79730635535437, 27.432688302560106],
                        [84.80850893383433, 27.42367110260352],
                        [84.81039240633434, 27.41593713772256],
                        [84.81536343758053, 27.41893157631733],
                        [84.82550133281698, 27.41951712894789],
                        [84.83007479764429, 27.41617781419855],
                        [84.83358761491326, 27.417670800854278],
                        [84.84099806711313, 27.411832319802144],
                        [84.84401447738101, 27.411958483251166],
                        [84.85116863909614, 27.40372952216156],
                        [84.85155900387548, 27.39868222875096],
                        [84.86799254330856, 27.39745504712069],
                        [84.87169677075433, 27.399027093040885],
                        [84.87865128658491, 27.396045848632745],
                        [84.8784125652964, 27.393191037240484],
                        [84.88254463123089, 27.38776133852824],
                        [84.88830858983383, 27.389164246592003],
                        [84.89716907437669, 27.384610922805543],
                        [84.89853716577731, 27.3775018920707],
                        [84.90234403593561, 27.37462771210476],
                        [84.90885368912784, 27.376945487055572],
                        [84.91403427831791, 27.372739947454296],
                        [84.92129411118931, 27.370727059811507],
                        [84.92601143418136, 27.364234153339297],
                        [84.93575772513158, 27.366432055671876],
                        [84.94076782784774, 27.365708016062896],
                        [84.94086549343092, 27.36313074729161],
                        [84.94904343553478, 27.362017231815784],
                        [84.95167379769343, 27.366935899171953],
                        [84.95426553136022, 27.366297749935388],
                        [84.95760929517877, 27.359375358956108],
                        [84.96478383313939, 27.36302165298371],
                        [84.9654654001115, 27.35849562942271],
                        [84.97222307731909, 27.35511179376241],
                        [84.9754828091384, 27.35628480530862],
                        [84.98007497030476, 27.361475732106],
                        [84.98761097052665, 27.361612156930505],
                        [84.99434481906533, 27.36524188338333],
                        [84.9991072485394, 27.36534545320618],
                        [85.00080147650284, 27.3556995283332],
                        [85.0043391305275, 27.352842653437705],
                        [85.01308723480606, 27.355331139107054],
                        [85.01588745978027, 27.35379694721708],
                        [85.02198578044589, 27.35372986749859],
                        [85.02138772578951, 27.357120743654008],
                        [85.03105137939404, 27.360506164859068],
                        [85.03550110599038, 27.357366517386485],
                        [85.04466418303365, 27.361553360067127],
                        [85.0566455784609, 27.365607698579954],
                        [85.06067201617881, 27.361078419859254],
                        [85.0664886896323, 27.360846849372646],
                        [85.07041022535688, 27.36430260709778],
                        [85.07704099217624, 27.363455168069763],
                        [85.0869446134409, 27.360853813778498],
                        [85.09122313906536, 27.356517959049732],
                        [85.0929805726426, 27.34855138532796],
                        [85.09179080833864, 27.34187802129974],
                        [85.0947837352985, 27.332399102560835],
                        [85.10311426384904, 27.32323905631239],
                        [85.10565033006971, 27.319027098236383],
                        [85.11667858596479, 27.317840699704345],
                        [85.11890336587592, 27.31432136280493],
                        [85.11894096800773, 27.30919969387925],
                        [85.12116295578711, 27.301781764524037],
                        [85.12495833472428, 27.301548224602147],
                        [85.12700343917976, 27.2955507299265],
                        [85.12652050355005, 27.292553925282593],
                        [85.13207078360196, 27.291954134193265],
                        [85.13734220329383, 27.28940250996944],
                        [85.13864078081232, 27.286490541469778],
                        [85.14466643650246, 27.28291271002933],
                        [85.14544605141457, 27.27244696510708],
                        [85.15119900431004, 27.268289055570584],
                        [85.15167768265678, 27.26568154523813],
                        [85.15587795415114, 27.262064186724157],
                        [85.16132504939364, 27.262025843059558],
                        [85.16818344207746, 27.259760034866577],
                        [85.16999317001927, 27.255377078422306],
                        [85.1753181925955, 27.25361101322813],
                        [85.17723758715123, 27.249608338795518],
                        [85.18203112792675, 27.24726668883767],
                        [85.1927850697612, 27.24501863018617],
                        [85.19695888225371, 27.245549276842475],
                        [85.20233726405345, 27.250180143572024],
                        [85.20662255190345, 27.248272947616638],
                        [85.20905942103198, 27.245147515904357],
                        [85.21507927989724, 27.246740101237744],
                        [85.22024072266696, 27.24390887500944],
                        [85.22459699055622, 27.24542306451504],
                        [85.2316807256127, 27.243323681538424],
                        [85.23883754791052, 27.248526277590614],
                        [85.24284964295, 27.248621586384093],
                        [85.24892207744658, 27.24633170348],
                        [85.25415595516918, 27.237152293031887],
                        [85.25797751365671, 27.234139938471515],
                        [85.25687073486134, 27.230598795177098],
                        [85.26070643067085, 27.226911686696344],
                        [85.2672596456997, 27.22620960990817],
                        [85.27368991367175, 27.229569231690366],
                        [85.27942042663403, 27.228702653773563],
                        [85.28051467005879, 27.231147207237218],
                        [85.28776865582704, 27.23096784497413],
                        [85.29291062462347, 27.232849451409237],
                        [85.30392211251556, 27.229855089150735],
                        [85.30727838007854, 27.231763976230607],
                        [85.31219682000632, 27.230479360914085],
                        [85.3156938530905, 27.227825030204723],
                        [85.33269877848515, 27.2229401236603],
                        [85.33888903451283, 27.219544404045383],
                        [85.34761145550125, 27.222199565493067],
                        [85.35360673848074, 27.215714305603957],
                        [85.35922384836205, 27.211030440564667],
                        [85.3624412013372, 27.21270259553622],
                        [85.36926050785081, 27.211911905612197],
                        [85.37269884484238, 27.20997644818498],
                        [85.37647624210057, 27.21202620418236],
                        [85.3837207590079, 27.20747891852181],
                        [85.39304890699812, 27.21034863259423],
                        [85.39715476734956, 27.206134075492695],
                        [85.39634572065087, 27.19861604115469],
                        [85.39870795012831, 27.1966974380654],
                        [85.4091630067397, 27.196926594311734],
                        [85.41816327893878, 27.190058791911888],
                        [85.42417636569921, 27.192881018478467],
                        [85.43384402447585, 27.19016548552361],
                        [85.43598030251493, 27.18741157762189],
                        [85.44798661097339, 27.186712780636103],
                        [85.44936668824363, 27.180383989569158],
                        [85.45326567748728, 27.177340887068414],
                        [85.45280755288493, 27.16835323826491],
                        [85.45709734965305, 27.166070762956775],
                        [85.46737494446576, 27.16558910454291],
                        [85.47246154385101, 27.161777340147854],
                        [85.48608550907935, 27.164340844960723],
                        [85.49393923410663, 27.169847739552257],
                        [85.49506819395597, 27.173603239203693],
                        [85.50082595381589, 27.175706087690234],
                        [85.50302270994942, 27.173577376425108],
                        [85.49955102737334, 27.168358279580364],
                        [85.50362392972552, 27.165378737425762],
                        [85.50256606830368, 27.162482038899473],
                        [85.49550854433534, 27.163162358004524],
                        [85.49201224342575, 27.160702204517907],
                        [85.49110688019141, 27.15401384421844],
                        [85.49558757553248, 27.146469399886865],
                        [85.50091968656386, 27.14347581817208],
                        [85.51584568024018, 27.142587649823348],
                        [85.521111713798, 27.140788835314712],
                        [85.52797800751934, 27.140330867340857],
                        [85.53223608934417, 27.1425096218478],
                        [85.53285243268542, 27.146026383154588],
                        [85.53742490316323, 27.148533176999802],
                        [85.54922661014032, 27.14227118151046],
                        [85.54965017083262, 27.14564376534169],
                        [85.55451057218015, 27.14665725828992],
                        [85.55756727959684, 27.1444281324572],
                        [85.56890012433264, 27.143352982291326],
                        [85.57083956641407, 27.137044573270565],
                        [85.57846393022868, 27.143384768212332],
                        [85.5889445005822, 27.14285655535994],
                        [85.59456899694561, 27.140564541860947],
                        [85.60025437483276, 27.14346388131027],
                        [85.60446296655624, 27.139661477294265],
                        [85.61266803267068, 27.141649191389096],
                        [85.61863940742154, 27.14002281203497],
                        [85.62268780086575, 27.14060626650078],
                        [85.62820808022515, 27.137373271539524],
                        [85.63334169822394, 27.141278951830706],
                        [85.64162146800014, 27.142076710668007],
                        [85.64781682880975, 27.145588380021536],
                        [85.6504083822615, 27.150549610656828],
                        [85.65594880890465, 27.155004374484694],
                        [85.66232844713737, 27.156094137236554],
                        [85.66547672679737, 27.161685321722352],
                        [85.67096046731362, 27.16639393722261],
                        [85.67741710325089, 27.167115983933478],
                        [85.68160094406834, 27.169278363392703],
                        [85.68587373135206, 27.176379996632484],
                        [85.69001215832348, 27.17769107663447],
                        [85.69477502154321, 27.184023285338256],
                        [85.69824246062743, 27.185988983984068],
                        [85.70489254795011, 27.184899944403952],
                        [85.71770585696979, 27.18815818927901],
                        [85.72216644981039, 27.194344530858107],
                        [85.72540320236827, 27.194811733168812],
                        [85.7331961425814, 27.19065435874809],
                        [85.73765481099038, 27.190405832386467],
                        [85.7415677876433, 27.187948054985135],
                        [85.74743207294635, 27.18827806468266],
                        [85.7486778203689, 27.186599358526443],
                        [85.75897182282033, 27.184599400474298],
                        [85.76302614946638, 27.182446785548432],
                        [85.76830552068355, 27.182315013095838],
                        [85.77373276923838, 27.17829477389474],
                        [85.78848000025296, 27.173407585870514],
                        [85.79308812168362, 27.168686831428758],
                        [85.79837508077743, 27.16731760654284],
                        [85.8091343559318, 27.161554676201728],
                        [85.81408477956292, 27.161009997705644],
                        [85.81991164303872, 27.163714608329016],
                        [85.82522028372124, 27.16835722784682],
                        [85.83057160812075, 27.167100119300404],
                        [85.84336983183418, 27.159957159282357],
                        [85.8396392942143, 27.152519313709313],
                        [85.83446573098713, 27.149297570892784],
                        [85.8382281494632, 27.144687854908035],
                        [85.84542322442712, 27.14086206794383],
                        [85.85355328510806, 27.13785353597761],
                        [85.85469734058223, 27.13407020273616],
                        [85.85790188412396, 27.132857677129575],
                        [85.86186354608387, 27.12734642004945],
                        [85.87463322898758, 27.139621494261647],
                        [85.88077996388155, 27.143476823267022],
                        [85.88277714102948, 27.14633098087337],
                        [85.88721433481085, 27.14512085149773],
                        [85.89075845337935, 27.141250192510093],
                        [85.89795296824907, 27.13731791413917],
                        [85.9089380033666, 27.132620518939422],
                        [85.91380286465748, 27.12977254152934],
                        [85.92985323106588, 27.12527959112864],
                        [85.93801224555017, 27.121361578252014],
                        [85.93578146846667, 27.11012671756349],
                        [85.93690314828956, 27.10661773449129],
                        [85.94401284400918, 27.092005834255207],
                        [85.94796190959022, 27.088147992843638],
                        [85.95010609630098, 27.083854595522684],
                        [85.95548675891288, 27.084169911000323],
                        [85.96207087392547, 27.07939488408796],
                        [85.96167598533573, 27.076639307128637],
                        [85.96521864563596, 27.073784183208062],
                        [85.96601806323065, 27.06697167147173],
                        [85.96957397701381, 27.060964575484604],
                        [85.96969367764606, 27.05382889330933],
                        [85.97746361044447, 27.04165441354528],
                        [85.98575146185354, 27.032978133426035],
                        [85.98690558137216, 27.029103432678493],
                        [85.9915510662469, 27.024773081555033],
                        [85.99820198107368, 27.023094532681625],
                        [86.00081399368682, 27.02115912339448],
                        [86.00512740990204, 27.021974876385503],
                        [86.01234778757399, 27.018616484340953],
                        [86.01518763261168, 27.020091654750424],
                        [86.0214929503248, 27.019271461407225],
                        [86.03022421212094, 27.020721734358112],
                        [86.05565993659738, 27.018126154925127],
                        [86.06885050085815, 27.019100736648806],
                        [86.07983970276518, 27.018313309264265],
                        [86.0865926138117, 27.019124418511677],
                        [86.09961351124291, 27.017306180414348],
                        [86.1259819729524, 27.00686305901684],
                        [86.13656094937048, 27.001795126390572],
                        [86.1402624576326, 26.999232041414402],
                        [86.14727152198871, 26.997221340619028],
                        [86.15379517725296, 26.993909995725897],
                        [86.1634327788485, 26.991573557538796],
                        [86.17627189514636, 26.986597219438448],
                        [86.19115168481423, 26.97858755866577],
                        [86.1923202940342, 26.975187189931805],
                        [86.19908570618142, 26.97013087860022],
                        [86.20924996626036, 26.966018479795974],
                        [86.21616487401333, 26.960276293290754],
                        [86.21889916211522, 26.95648267339298],
                        [86.22859842834984, 26.949159924375156],
                        [86.23246864523833, 26.95044462933215],
                        [86.24073415938025, 26.94031528860045],
                        [86.25075614124482, 26.935540133440362],
                        [86.255126199133, 26.93250591339519],
                        [86.25686608684771, 26.92718091232239],
                        [86.25733909942063, 26.920926406588976],
                        [86.25956784863196, 26.919067546787602],
                        [86.2597665519319, 26.922906775309098],
                        [86.26438970737713, 26.928143208733125],
                        [86.27625548478035, 26.9331619143388],
                        [86.2796117024881, 26.93744590920938],
                        [86.28109742217956, 26.947104150468405],
                        [86.28335445711379, 26.949117075391417],
                        [86.2926369614198, 26.95063729300179],
                        [86.30210186541574, 26.95560571021588],
                        [86.30771508985832, 26.960344705914142],
                        [86.316403945167, 26.963625070831],
                        [86.34600357623896, 26.96362778000211],
                        [86.35286378373294, 26.96453494534451],
                        [86.35802569938564, 26.97180389840691],
                        [86.3644494561295, 26.978839144264256],
                        [86.36627122792338, 26.98407103017232],
                        [86.3680616828436, 26.995385880463964],
                        [86.36654696042314, 27.000264238376616],
                        [86.37298598524173, 27.00350838033142],
                        [86.37389040054535, 27.01333003287939],
                        [86.37187473936444, 27.015584237272407],
                        [86.37532429909716, 27.02076678014175],
                        [86.37397580409926, 27.022866009917358],
                        [86.37925361338434, 27.031371169284814],
                        [86.37511008125627, 27.034719426835675],
                        [86.36667599365693, 27.03768495407314],
                        [86.36400224373573, 27.042197010358006],
                        [86.36337426055435, 27.05362730690496],
                        [86.35592979938329, 27.059191499175718],
                        [86.34677281794404, 27.06450143346052],
                        [86.34681274714649, 27.070280176207152],
                        [86.35110362283787, 27.07027975117612],
                        [86.35136932410632, 27.073764762530196],
                        [86.3542732166491, 27.075601339487644],
                        [86.35526564078211, 27.0816214528265],
                        [86.35816252222892, 27.083954237045894],
                        [86.35691089917154, 27.09412025905117],
                        [86.3623229580326, 27.09895780459345],
                        [86.35571410172417, 27.100495801219772],
                        [86.35478926545466, 27.104214583797827],
                        [86.34801598388455, 27.106153105293153],
                        [86.3402876804303, 27.106279519281674],
                        [86.33181668321382, 27.09975469419238],
                        [86.32481855098099, 27.09912331289678],
                        [86.31755112862224, 27.1018612555214],
                        [86.31107757791467, 27.102901487544408],
                        [86.30631375870712, 27.108823507341086],
                        [86.31312063590173, 27.11080870305628],
                        [86.32438624501744, 27.109875046504207],
                        [86.33061701943349, 27.117116207785198],
                        [86.33507632696917, 27.127683607053278],
                        [86.33422037522209, 27.130520405285598],
                        [86.33755090430235, 27.13494501198165],
                        [86.33631771633416, 27.136588595498402],
                        [86.34090576640709, 27.141073282194096],
                        [86.34107266050297, 27.1448670143014],
                        [86.35019132829235, 27.14268024347494],
                        [86.35544850324604, 27.14321660155884],
                        [86.36019034435122, 27.13930321704604],
                        [86.36340961195883, 27.142054845085774],
                        [86.36806709182008, 27.14081684970099],
                        [86.37098587954421, 27.1472718955892],
                        [86.3703436300794, 27.150989744043454],
                        [86.37360561740321, 27.15489427142096],
                        [86.37352360825574, 27.158625941580684],
                        [86.37898177532117, 27.163912011416404],
                        [86.37802230400997, 27.16548273112377],
                        [86.38974576143899, 27.179864360917584],
                        [86.38360449623372, 27.1830189739379],
                        [86.37993902373336, 27.19211392104578],
                        [86.37656167365313, 27.193969509567996],
                        [86.36862237141483, 27.192478624577422],
                        [86.35867060939263, 27.201075253593977],
                        [86.35120534331301, 27.200749836518114],
                        [86.34481446479285, 27.202033296890672],
                        [86.3398821184692, 27.210101374595798],
                        [86.34003557265217, 27.214091274854958],
                        [86.34295876687405, 27.219030579696447],
                        [86.34086738315949, 27.228948606695415],
                        [86.33154324497482, 27.2310501927303],
                        [86.32816789549544, 27.230093154068115],
                        [86.31576524327606, 27.231364384680447],
                        [86.30818617944993, 27.23388127826333],
                        [86.30599770786091, 27.237137640391808],
                        [86.2954569403682, 27.238165737654242],
                        [86.29113564787423, 27.243110099102687],
                        [86.28519354118318, 27.246374081906012],
                        [86.28164783295873, 27.24569707769279],
                        [86.27700484312355, 27.250129417531323],
                        [86.26852133911306, 27.252565052314605],
                        [86.26618935351928, 27.254425533901173],
                        [86.26696119326917, 27.259878567679742],
                        [86.26145865624422, 27.25741962398415],
                        [86.25694117966927, 27.257727391769716],
                        [86.2554757832804, 27.25328819431644],
                        [86.24825053140317, 27.24815270723632],
                        [86.24181398332455, 27.24611883564535],
                        [86.23891754131955, 27.240870810200825],
                        [86.22904735089058, 27.23732175957846],
                        [86.2233944932486, 27.238982764138576],
                        [86.21383098805381, 27.24508911849958],
                        [86.20428920137286, 27.249604239590454],
                        [86.20416431088371, 27.253892609058873],
                        [86.21125441153288, 27.26376561331586],
                        [86.23144049089267, 27.281777068286196],
                        [86.23335816820206, 27.284939573184154],
                        [86.24004653020461, 27.288263461387942],
                        [86.23569100626477, 27.295342509446087],
                        [86.23777320071399, 27.3024294828519],
                        [86.23635423005781, 27.306695206161148],
                        [86.23357082346132, 27.307672758515324],
                        [86.23131122164837, 27.314298321547405],
                        [86.22868827495937, 27.31617910899008],
                        [86.22830242536897, 27.320102879714415],
                        [86.22105322861132, 27.321132160304952],
                        [86.21885978696461, 27.323042265758758],
                        [86.22184954025258, 27.32769546986168],
                        [86.21698684941201, 27.328500937518786],
                        [86.21558366550997, 27.33381106867926],
                        [86.21776832157188, 27.33634132094457],
                        [86.21650647775462, 27.34238551571494],
                        [86.21829755765803, 27.350703062766048],
                        [86.21701199324987, 27.352776168819183],
                        [86.22173258008934, 27.36030458749227],
                        [86.21914380821008, 27.362535095473607],
                        [86.2246057265961, 27.37051204963269],
                        [86.22369404387815, 27.378471580093912],
                        [86.22199042946265, 27.38242176273934],
                        [86.22550730788474, 27.383941752889974],
                        [86.2268086585184, 27.38862842481208],
                        [86.22759866161289, 27.397824751016987],
                        [86.2353395165931, 27.40363431314933],
                        [86.23744360116075, 27.412639241545524],
                        [86.2411126835503, 27.418135196968286],
                        [86.24730740576788, 27.41936001099138],
                        [86.24784603377222, 27.424423697897073],
                        [86.2518701653567, 27.428490784998573],
                        [86.25114304718926, 27.432451108868573],
                        [86.25573487390731, 27.435546418018365],
                        [86.25691087310942, 27.445428252137795],
                        [86.26398344876718, 27.456379221810113],
                        [86.2766431142518, 27.4640828914993],
                        [86.28502021151718, 27.466423021213572],
                        [86.29204244640916, 27.47055621919309],
                        [86.29283208572708, 27.476426465090466],
                        [86.2952752647167, 27.479189201419153],
                        [86.30286981857272, 27.482465109555644],
                        [86.31543138360567, 27.492375958827044],
                        [86.31861296150262, 27.498066012483914],
                        [86.32489933728505, 27.50021974665492],
                        [86.32591816956571, 27.50451607284147],
                        [86.3330927105146, 27.510795895969377],
                        [86.33430125532435, 27.515643613752395],
                        [86.33815958696262, 27.520007483902877],
                        [86.34641961122267, 27.523448952752684],
                        [86.35482822754288, 27.5247855475954],
                        [86.35753576434838, 27.529540738528148],
                        [86.35841879323111, 27.539709167615246],
                        [86.36470599798855, 27.546612794780025],
                        [86.36884334308947, 27.548793113291893],
                        [86.37054961112504, 27.55187380836427],
                        [86.36862976144732, 27.556368563979262],
                        [86.37152219066763, 27.56200418024616],
                        [86.37617600613645, 27.56800416998534],
                        [86.38170444505049, 27.571738126098],
                        [86.38762621572431, 27.57236905302426],
                        [86.39812421435799, 27.58324484167668],
                        [86.40769580425378, 27.584414097988276],
                        [86.41333688639607, 27.586732620646405],
                        [86.41784256407094, 27.591318233132046],
                        [86.41976196840375, 27.59818972150413],
                        [86.42455769004356, 27.601932476867542],
                        [86.43010765978956, 27.604173253881527],
                        [86.43467373511895, 27.610213802706397],
                        [86.44625916933856, 27.612126405153305],
                        [86.46957736828853, 27.617057078304054],
                        [86.47650517589824, 27.61575900689458],
                        [86.4844947209874, 27.617088534203983],
                        [86.49238070026854, 27.613674541560375],
                        [86.49536069224696, 27.618768769784964],
                        [86.49974626822774, 27.620296214256935],
                        [86.5003752115139, 27.624666651834996],
                        [86.50383614974591, 27.629299866607816],
                        [86.50684331955934, 27.640124712989568],
                        [86.51126824898567, 27.64236059653028],
                        [86.51603120844895, 27.64684228641411],
                        [86.52610036838226, 27.650340409027553],
                        [86.52858756344949, 27.65478918544947],
                        [86.52706603156528, 27.659479243460495],
                        [86.53244831738888, 27.66248470041456],
                        [86.53536542579181, 27.668283990065813],
                        [86.5379164207088, 27.670237425597634],
                        [86.53869271104135, 27.67491715033762],
                        [86.53648723043725, 27.678540102257244],
                        [86.53886943770755, 27.6830898047599],
                        [86.5390795054249, 27.689807275604984],
                        [86.54066529157404, 27.69273667106328],
                        [86.5389969849842, 27.696548614939566],
                        [86.54013828296894, 27.701540943508597],
                        [86.5508449123552, 27.71080400640239],
                        [86.55120602287651, 27.717479108579525],
                        [86.55343143362694, 27.71950559469746],
                        [86.55678091044223, 27.728511920877853],
                        [86.55615511555298, 27.731375280687466],
                        [86.55814175392946, 27.738364634604874],
                        [86.56315882022697, 27.744862650496284],
                        [86.56276970639213, 27.749272315518837],
                        [86.57264509970936, 27.754524092853984],
                        [86.57024342934145, 27.759279502321167],
                        [86.56595398061795, 27.76254663411081],
                        [86.56380070661866, 27.77041164735673],
                        [86.56576931448818, 27.776166736134535],
                        [86.5660520845766, 27.787202699668047],
                        [86.56871433243343, 27.791044282783396],
                        [86.56869748566021, 27.795312966879816],
                        [86.56551311929015, 27.799544658137933],
                        [86.56696538849965, 27.803932982515146],
                        [86.54626150076396, 27.811388691437212],
                        [86.54230871551533, 27.81109589497556],
                        [86.54023496539003, 27.814802654062966],
                        [86.5434155172417, 27.82143287399729],
                        [86.54372503523071, 27.82700663502361],
                        [86.54902287552916, 27.84155381503496],
                        [86.55002414916899, 27.84833916908328],
                        [86.5539849870115, 27.857072154511332],
                        [86.55433247618804, 27.860947128857884],
                        [86.5523965094938, 27.867804172454637],
                        [86.55114243298209, 27.878187476346618],
                        [86.55450475807183, 27.885463203953144],
                        [86.55214510045079, 27.892129319478233],
                        [86.55163200854521, 27.899017948116057],
                        [86.55413128233624, 27.902631423061543],
                        [86.55330617836523, 27.911752660504398],
                        [86.54967104961592, 27.91905969334826],
                        [86.54768498402794, 27.930383650436465],
                        [86.53869442071678, 27.935626395018843],
                        [86.53436603813837, 27.941613220189655],
                        [86.523677428474, 27.939746939542832],
                        [86.51981058798698, 27.94398630353815],
                        [86.51810303675573, 27.953128959187502],
                        [86.51545174432933, 27.956546731501287],
                        [86.49759545785251, 27.95714828783199],
                        [86.4922058997861, 27.95256209575078],
                        [86.48612872633932, 27.951494955094137],
                        [86.48141174447474, 27.947858441964758],
                        [86.47362076451223, 27.948095089989224],
                        [86.46926619706214, 27.94612681020171],
                        [86.46632400997316, 27.94125575251144],
                        [86.46997331711141, 27.934244254977582],
                        [86.46976425696462, 27.92997031921708],
                        [86.4593281861943, 27.92224762775849],
                        [86.45574769043868, 27.91545835189494],
                        [86.44635487194192, 27.912478944927933],
                        [86.4423392472544, 27.905649166742265],
                        [86.4392147389472, 27.90758806321737],
                        [86.4291013395195, 27.909480022112522],
                        [86.42122682564911, 27.909020794067242],
                        [86.41063809091528, 27.906509948981086],
                        [86.40621190677386, 27.912663695887442],
                        [86.40529174819298, 27.916632763064143],
                        [86.39820703415018, 27.92305906208853],
                        [86.39075313988897, 27.925810307283484],
                        [86.38715478922629, 27.931773085097124],
                        [86.3811992469411, 27.937795065569983],
                        [86.36993672099928, 27.94093639355625],
                        [86.35745142153077, 27.94130507110918],
                        [86.34824653420907, 27.93753698777538],
                        [86.33750917734099, 27.94938667537187],
                        [86.33935177609226, 27.953510654771087],
                        [86.33537708952447, 27.959948446156936],
                        [86.33521643052913, 27.965019366680245],
                        [86.31865338745898, 27.947805597918375],
                        [86.3131794419129, 27.94960358824762],
                        [86.307786447955, 27.9558575582478],
                        [86.30393333802388, 27.955517705443235],
                        [86.29950248092301, 27.96113549954692],
                        [86.29974349860456, 27.96709728591186],
                        [86.29644923614272, 27.972950766580475],
                        [86.28866251458717, 27.978320834567917],
                        [86.28094887353825, 27.9770556820672],
                        [86.27798079008528, 27.978707355963518],
                        [86.26629154387919, 27.980384931119374],
                        [86.25369163815944, 27.977887362928712],
                        [86.24358543108059, 27.974229255570084],
                        [86.23728048026626, 27.973007750097757],
                        [86.23290708829431, 27.974318990957027],
                        [86.23114830508955, 27.977724843527575],
                        [86.22664307740565, 27.980869356592],
                        [86.22275569519877, 27.992621800474694],
                        [86.22231292715503, 28.00407102263899],
                        [86.21987259160974, 28.01092230444079],
                        [86.22108795602836, 28.023429960995262],
                        [86.22529120761453, 28.029129903871],
                        [86.2241795509272, 28.034138811893662],
                        [86.21903385418277, 28.036927469720098],
                        [86.21720598329905, 28.044486012197435],
                        [86.21526432374627, 28.046264005313105],
                        [86.21627311056407, 28.052417412568044],
                        [86.21324694272705, 28.0553893424243],
                        [86.20954570190958, 28.06534651159295],
                        [86.20950979521888, 28.072297140548987],
                        [86.2061928277342, 28.076356842918017],
                        [86.20413631008665, 28.08351904117089],
                        [86.20962412704192, 28.095200847876768],
                        [86.22240136421289, 28.09569572400733],
                        [86.2218605311708, 28.09969485710241],
                        [86.21837184085142, 28.108915657259782],
                        [86.21810655277626, 28.114797814118],
                        [86.21339314671748, 28.118773061313775],
                        [86.21208902023164, 28.123518925678027],
                        [86.20485212374523, 28.133414847970574],
                        [86.20106161249367, 28.13390492222846],
                        [86.19707222848423, 28.138199591939518],
                        [86.19682258596468, 28.1457805339843],
                        [86.19544520440947, 28.15124995814179],
                        [86.19719004527309, 28.15627535275992],
                        [86.19199832468117, 28.160337146236415],
                        [86.19196025167082, 28.16638066732763],
                        [86.18888659332617, 28.169177986322648],
                        [86.18660840653531, 28.174100566778172],
                        [86.17393801530817, 28.168878804122567],
                        [86.17611118841594, 28.16250747524013],
                        [86.1755076051382, 28.15598860900034],
                        [86.17868882941784, 28.14976766087757],
                        [86.17719762550281, 28.142769634217014],
                        [86.16602964855542, 28.138041291915318],
                        [86.16015717842755, 28.137940006345787],
                        [86.15222715013859, 28.13040134817927],
                        [86.1433132778153, 28.127239407099193],
                        [86.14177951434503, 28.12035805725689],
                        [86.13224086218125, 28.116559847840307],
                        [86.13284049089415, 28.110310042178245],
                        [86.13038860290338, 28.100460690817165],
                        [86.12757537151012, 28.099563032095677],
                        [86.12402550316276, 28.095247228441934],
                        [86.11773386121462, 28.09132434010403],
                        [86.11022859766895, 28.09157818171958],
                        [86.10479228740904, 28.092885154680815],
                        [86.09881849773527, 28.09634730037104],
                        [86.0920154900745, 28.097750802045297],
                        [86.08889098414087, 28.094228809343726],
                        [86.08294102504034, 28.091306026097275],
                        [86.08462583580965, 28.081695540238595],
                        [86.0875196959465, 28.073816609375125],
                        [86.09143890699384, 28.069274272874058],
                        [86.09473676762403, 28.061792625658967],
                        [86.08950480690993, 28.05753259874827],
                        [86.08739315016128, 28.04927967272436],
                        [86.08892877608396, 28.043128812682085],
                        [86.08760222241864, 28.03946074030309],
                        [86.09035550367443, 28.033121669925233],
                        [86.08629149632307, 28.026892964782725],
                        [86.07942007825555, 28.02200346552587],
                        [86.08146978740987, 28.014698716520105],
                        [86.08554007630833, 28.01134183844548],
                        [86.0888928175463, 28.005994815053782],
                        [86.09136244865579, 28.00510200120755],
                        [86.09347765798347, 28.000168229598156],
                        [86.09924074983104, 27.992896981209693],
                        [86.10346807851414, 27.98414190245474],
                        [86.10668040117473, 27.96786084957118],
                        [86.10862695473449, 27.96524967949511],
                        [86.10901819397726, 27.95798333455043],
                        [86.10702363125029, 27.955797869543243],
                        [86.11306060093338, 27.94958315633741],
                        [86.11527009292017, 27.94543281714118],
                        [86.12354727515942, 27.94153087498691],
                        [86.12615248643067, 27.9336355016779],
                        [86.1238650518252, 27.927568001313276],
                        [86.11788822342065, 27.927234298524674],
                        [86.1088465469175, 27.924299709491564],
                        [86.1039169365535, 27.92478882728068],
                        [86.1011018525746, 27.922884446437347],
                        [86.09033277742492, 27.919980199859452],
                        [86.08716489180097, 27.916809800578836],
                        [86.07705475234451, 27.912950088174572],
                        [86.07384185186177, 27.91073566492518],
                        [86.06730301664555, 27.911242003526983],
                        [86.06922450494976, 27.906093183927506],
                        [86.06470380946914, 27.899678049673916],
                        [86.05553379527227, 27.90407568039154],
                        [86.05034435552732, 27.904071588800296],
                        [86.04772827556248, 27.90629146805991],
                        [86.04351058261008, 27.90628483112615],
                        [86.03953159606192, 27.904077768648307],
                        [86.02797659993276, 27.90782310295935],
                        [86.02115286060156, 27.908460550062365],
                        [86.01364357806871, 27.91504638951189],
                        [86.00289308350446, 27.91126916019039],
                        [85.99753865552755, 27.91450152625329],
                        [85.99204141089373, 27.915948112035917],
                        [85.98239831785712, 27.921111103307496],
                        [85.96747740697073, 27.932476261017282],
                        [85.96093421691917, 27.934890553829263],
                        [85.94816049413201, 27.941999129590002],
                        [85.95158108837009, 27.9454791290109],
                        [85.95572763880492, 27.95491579771824],
                        [85.95837051174328, 27.958924363080374],
                        [85.95965389786004, 27.967499995451174],
                        [85.97127961779007, 27.98101268378336],
                        [85.97818479950254, 27.98782076240155],
                        [85.9770226908614, 27.996639704112848],
                        [85.97384988255403, 28.001164055288776],
                        [85.96695356244395, 28.00036575421091],
                        [85.96430868509508, 28.002085177336124],
                        [85.95622033417058, 28.012365302409727],
                        [85.94555687129397, 28.02051582055617],
                        [85.93794890858508, 28.024653314854543],
                        [85.93571952918204, 28.024092388137024],
                        [85.93117287524647, 28.02983454373639],
                        [85.92822185215782, 28.031528339627222],
                        [85.92362872938406, 28.038903161392938],
                        [85.91478491337183, 28.049303260661652],
                        [85.90125229951451, 28.053378154633236],
                        [85.89989194770348, 28.05751357255023],
                        [85.90066412938377, 28.061573661258667],
                        [85.89700363183292, 28.066243366263834],
                        [85.89641501895476, 28.074691537124842],
                        [85.90086470926377, 28.07890742651017],
                        [85.90066196919032, 28.085109556076183],
                        [85.90297146883358, 28.08821863121761],
                        [85.89895209121698, 28.097970312891153],
                        [85.89963124706658, 28.10365381647634],
                        [85.89793278827537, 28.10900236947772],
                        [85.88989523892654, 28.11395022094484],
                        [85.88874920746898, 28.11655327947179],
                        [85.87743886388648, 28.117796591025236],
                        [85.87001096346285, 28.123695617232837],
                        [85.86919399446417, 28.13531568825113],
                        [85.87223773253794, 28.142866378530375],
                        [85.87014586028812, 28.14670443442632],
                        [85.86299016456131, 28.15024786416466],
                        [85.8596114566165, 28.154359248531836],
                        [85.85921666390395, 28.161258936433832],
                        [85.85630766778662, 28.161545982721904],
                        [85.85118878116981, 28.167120204856534],
                        [85.84923130075454, 28.174931656984427],
                        [85.84840120102008, 28.184099195651115],
                        [85.84316241343821, 28.183346670439548],
                        [85.82968391991426, 28.1846600619058],
                        [85.82167198449568, 28.190039186677897],
                        [85.81794420326247, 28.193880212799417],
                        [85.81649669855207, 28.202521162281403],
                        [85.81254564527826, 28.203183970300806],
                        [85.80718277871722, 28.19832793395142],
                        [85.79989516596955, 28.19634448174885],
                        [85.79084719690925, 28.203722596795323],
                        [85.78420753945421, 28.20543232507552],
                        [85.78178204061236, 28.20848994461832],
                        [85.77625914706124, 28.20853084249958],
                        [85.77452937785176, 28.211242694443385],
                        [85.77543789397596, 28.216233886951926],
                        [85.76773877053239, 28.22259605400085],
                        [85.76383868120818, 28.22728900146473],
                        [85.75690306510523, 28.228877360367534],
                        [85.75362410251196, 28.23537353204696],
                        [85.74944604945466, 28.237324969496637],
                        [85.74819314993711, 28.2402189374667],
                        [85.74827525182782, 28.249030836063284],
                        [85.74291266097858, 28.2568362268799],
                        [85.7425424204598, 28.272345827854796],
                        [85.73932338843628, 28.27604943791663],
                        [85.73810441617884, 28.284666517364933],
                        [85.73306700473255, 28.290911179705404],
                        [85.73278946152077, 28.294472728859756],
                        [85.73590414144442, 28.298584540066653],
                        [85.7359517598357, 28.306852299217823],
                        [85.73712688455919, 28.31919546123617],
                        [85.73577902694976, 28.32356360668179],
                        [85.72797140018801, 28.32797325907187],
                        [85.72869618538512, 28.33312987058051],
                        [85.73214877467629, 28.339277316707236],
                        [85.72804729675829, 28.343031094075823],
                        [85.72662715060144, 28.34946474039276],
                        [85.72256435621101, 28.35319152081667],
                        [85.71981720444602, 28.35940066352013],
                        [85.71878622284316, 28.367267999700964],
                        [85.72420580423909, 28.373294242603787],
                        [85.7195257214449, 28.37401959276177],
                        [85.71614241457024, 28.377057823088027],
                        [85.71136365252487, 28.386209288612875],
                        [85.7008122165426, 28.38454812562331],
                        [85.6952031246274, 28.385656237824954],
                        [85.68422490176373, 28.38266562300863],
                        [85.68384050425888, 28.377647442583477],
                        [85.68607565913793, 28.346880687445942],
                        [85.68140834196625, 28.349614733462104],
                        [85.67608240150265, 28.350627797508622],
                        [85.6663641764854, 28.348570684491893],
                        [85.66561019457153, 28.33845764246702],
                        [85.66427790078556, 28.331670728996684],
                        [85.66122293159248, 28.32616841936281],
                        [85.65796725888399, 28.325252193857654],
                        [85.65356292094866, 28.31639566178842],
                        [85.65960792347875, 28.30844067225128],
                        [85.66060647860418, 28.30289687525719],
                        [85.64499372559446, 28.289727281624945],
                        [85.6410681946879, 28.28103536806609],
                        [85.6367085936432, 28.275156319033247],
                        [85.63037309100842, 28.27104170146223],
                        [85.626843273562, 28.26706780898475],
                        [85.61912447226014, 28.262167299606457],
                        [85.60857055774555, 28.256806657486834],
                        [85.6035030553157, 28.264579993404094],
                        [85.59885496695847, 28.279187723401357],
                        [85.59835905816124, 28.289137008326527],
                        [85.59676869495168, 28.292434308771565],
                        [85.59651770592087, 28.298957468886567],
                        [85.60048199676552, 28.30428774683581],
                        [85.59298002456057, 28.308399431310306],
                        [85.58793482176023, 28.308318036328618],
                        [85.5803161305617, 28.306260774524596],
                        [85.57580414017549, 28.3102874576041],
                        [85.57032126299157, 28.309436187201932],
                        [85.56211166012339, 28.309695081794896],
                        [85.55157014296954, 28.314354351453343],
                        [85.54715420818583, 28.31536080791738],
                        [85.5430779168752, 28.319045903420882],
                        [85.53870166511015, 28.319953245516295],
                        [85.5351889980523, 28.3231457082772],
                        [85.52593411168037, 28.32827689622196],
                        [85.51831275519694, 28.330837906280294],
                        [85.51158218850043, 28.331883443463703],
                        [85.50640995592069, 28.333938167329865],
                        [85.49065730155594, 28.331138454685302],
                        [85.48345402651806, 28.33313427217027],
                        [85.47857243028763, 28.3328850206536],
                        [85.45788540307557, 28.336953540374633],
                        [85.45228356021114, 28.335303529427648],
                        [85.4400330037442, 28.335255193477828],
                        [85.43472768490005, 28.333585499626913],
                        [85.43011587426233, 28.330200848402644],
                        [85.42448912348502, 28.33012206872644],
                        [85.41526923154416, 28.32706012066858],
                        [85.41298987062753, 28.323181429941048],
                        [85.4140010222393, 28.31598659546494],
                        [85.41225497722327, 28.308849708370655],
                        [85.40040069849539, 28.29956558546375],
                        [85.39759447657957, 28.298229656589115],
                        [85.3966369474515, 28.294089012550007],
                        [85.39184333574082, 28.2884581235067],
                        [85.3773374850448, 28.278592069873078],
                        [85.37544383180331, 28.282721103135135],
                        [85.36797800080953, 28.286037549150723],
                        [85.35987420866873, 28.285813926733784],
                        [85.35254760170459, 28.286644600032552],
                        [85.3481462724581, 28.288427299711184],
                        [85.34807898704895, 28.30163742207358],
                        [85.33969292826555, 28.30385844966751],
                        [85.3314675430178, 28.30016057717032],
                        [85.32526857896913, 28.299074942831716],
                        [85.32278416662014, 28.29597036511077],
                        [85.31112749534373, 28.291889405508964],
                        [85.30303293083323, 28.289844198738624],
                        [85.29861918619589, 28.290741165122014],
                        [85.29281596766147, 28.287487045211414],
                        [85.27279256409079, 28.28771573943071],
                        [85.2732081121448, 28.29437089616379],
                        [85.27035573820376, 28.297325393423968],
                        [85.26627051500893, 28.298042382827905],
                        [85.25881476439407, 28.29497359276424],
                        [85.25465957924337, 28.294395946641394],
                        [85.25246508348003, 28.29894568761514],
                        [85.24699203038006, 28.303168961043802],
                        [85.24399668841511, 28.31407130154974],
                        [85.24133814773293, 28.317752111640683],
                        [85.23624743951032, 28.321044351504167],
                        [85.23118977055388, 28.322414264219077],
                        [85.21879442414894, 28.330759047817512],
                        [85.21527855257258, 28.33196793982472],
                        [85.20393188648738, 28.339968271621764],
                        [85.20014344484716, 28.34038516933607],
                        [85.19542908918487, 28.33679922300091],
                        [85.19347780524804, 28.333132644833604],
                        [85.18542930701393, 28.3278092344618],
                        [85.1821315085367, 28.324449668307818],
                        [85.17007726641347, 28.32882381523737],
                        [85.16671065460575, 28.33155051107884],
                        [85.15790988318203, 28.331902952073808],
                        [85.15463333883375, 28.331035160693542],
                        [85.14281903185436, 28.33125649955003],
                        [85.14070402050253, 28.33040110317141],
                        [85.13363951637534, 28.333588880597617],
                        [85.12853484924483, 28.337998457641923],
                        [85.1206551999683, 28.335694779461353],
                        [85.10783741922509, 28.34652814279487],
                        [85.09503729114131, 28.344666715049417],
                        [85.0882502848384, 28.346295639069353],
                        [85.08043133773626, 28.34580736043565],
                        [85.06725280141103, 28.339209041093273],
                        [85.06593788943164, 28.337491298501817],
                        [85.05287517530296, 28.32693846427482],
                        [85.04653954392032, 28.325791584913564],
                        [85.0420174506078, 28.317678114448842],
                        [85.03997763299644, 28.310355364215724],
                        [85.03260991908627, 28.302130042966812],
                        [85.03696448672785, 28.295419660082256],
                        [85.03787506832074, 28.291814625924307],
                        [85.03170747942158, 28.279187972159704],
                        [85.03111869798056, 28.27282634785352],
                        [85.02682426881638, 28.261446300596184],
                        [85.02128521913221, 28.260237939727574],
                        [85.0095856893984, 28.25572064690102],
                        [85.00578857414543, 28.2555433479487],
                        [85.00065832849597, 28.252294178251315],
                        [85.00257285498797, 28.24800297295177],
                        [84.99901215793876, 28.244397112250276],
                        [84.98948464877485, 28.242810530559538],
                        [84.9843256221811, 28.23541010979135],
                        [84.98244195737803, 28.234433289720563],
                        [84.97694417114127, 28.226646960978087],
                        [84.96903038506424, 28.22219822713873],
                        [84.96196322039451, 28.212671778584454],
                        [84.9705121906392, 28.199039777029146],
                        [84.97101461046175, 28.193845379744932],
                        [84.97323485780666, 28.189051598578953],
                        [84.96785834423248, 28.18520497866418],
                        [84.96395840783227, 28.177397615811607],
                        [84.96525987927683, 28.173625665827252],
                        [84.96179206777887, 28.168883284114855],
                        [84.96080726892458, 28.15987770369729],
                        [84.95712679228949, 28.15547285093484],
                        [84.95780543024553, 28.147786616830185],
                        [84.95408195837773, 28.143420321839553],
                        [84.95690542520401, 28.139087260068653],
                        [84.95836609706926, 28.133707894341388],
                        [84.95704616554846, 28.12714783766245],
                        [84.95171325237429, 28.124139455009324],
                        [84.94830250352952, 28.124826336262178],
                        [84.94235884588763, 28.122500819813702],
                        [84.94081356292808, 28.124893702114452],
                        [84.93532132025862, 28.126551085690256],
                        [84.92869927041326, 28.126244188033724],
                        [84.92065006526713, 28.115932355274843],
                        [84.92116140262668, 28.105795026768167],
                        [84.91617875803234, 28.102674660354733],
                        [84.89996920663928, 28.10653366455963],
                        [84.89233180410143, 28.099894570263174],
                        [84.8852640008561, 28.105435888779752],
                        [84.88087792879392, 28.112692349097447],
                        [84.87136577807324, 28.117587685411184],
                        [84.8692504364257, 28.120394021866847],
                        [84.86290294586898, 28.121501189908273],
                        [84.85892456996986, 28.11999657028489],
                        [84.85457471864778, 28.122584325706836],
                        [84.84947973564599, 28.118462736060724],
                        [84.84425928305986, 28.116636000571184],
                        [84.84234097914937, 28.110640133403976],
                        [84.83703201404566, 28.104067073052853],
                        [84.83689930147371, 28.09441906489042],
                        [84.83169197534652, 28.08949198396148],
                        [84.83139356032866, 28.084435871317893],
                        [84.82427888930133, 28.06663604251597],
                        [84.82080755254293, 28.06307430484335],
                        [84.82052973429097, 28.056298910208323],
                        [84.81836844085244, 28.054245245773547],
                        [84.8183839467657, 28.04797118587127],
                        [84.8120125914572, 28.042881100051588],
                        [84.80938311042341, 28.037913128101945],
                        [84.80935049777713, 28.034583364278255],
                        [84.81249877065446, 28.031446950439033],
                        [84.81299002246125, 28.022386086162555],
                        [84.80996138881436, 28.01828896704285],
                        [84.81003778711546, 28.013808057551216],
                        [84.81316596785861, 28.00925495872827],
                        [84.8112116129139, 28.00286843756258],
                        [84.80373459933912, 28.000351725614404],
                        [84.79729847741339, 28.002293318041062],
                        [84.79678894708364, 27.998068440634473],
                        [84.7906481991725, 27.998162516292226],
                        [84.78795093371724, 27.99521586124142],
                        [84.78766629150176, 27.98900885191703],
                        [84.78394872103686, 27.983222998201253],
                        [84.77870932982016, 27.98149531595554],
                        [84.7771668637287, 27.97778831063239],
                        [84.77134424121913, 27.97591244401],
                        [84.77460353008183, 27.971316599920527],
                        [84.7690329830334, 27.967221563147383],
                        [84.76059379439332, 27.967146615883344],
                        [84.7543835352883, 27.962301011041347],
                        [84.74642775744778, 27.96052141332549],
                        [84.74545141997478, 27.953025321292436],
                        [84.74194740792333, 27.949064494091903],
                        [84.73969494761883, 27.94362369586573],
                        [84.73943118620346, 27.936976476256138],
                        [84.73432186877645, 27.93385660967026],
                        [84.73299174187183, 27.92750378376795],
                        [84.7349817343867, 27.915366721147063],
                        [84.73310871401758, 27.907378907043924],
                        [84.73750916033593, 27.89697066582667],
                        [84.73656197175494, 27.891161734132076],
                        [84.74872089297263, 27.886423863269417],
                        [84.74580190687286, 27.880456537870803],
                        [84.75242170304276, 27.8750375099318],
                        [84.75497560691949, 27.86942174394508],
                        [84.75411549645122, 27.865284226302624],
                        [84.75922731675489, 27.859315910468542],
                        [84.76361559374246, 27.860015857650446],
                        [84.76523276270689, 27.853710138897693],
                        [84.76792157370483, 27.851653368367714],
                        [84.76744299157437, 27.843714636283202],
                        [84.77024058415401, 27.83947337566636],
                        [84.77584067860546, 27.835268284423233],
                        [84.77299911780307, 27.829398014131325],
                        [84.77360058591927, 27.82412443454062],
                        [84.77730390122152, 27.818456566909123],
                        [84.78181867144328, 27.81570120233875],
                        [84.77472845365608, 27.808462983991745],
                        [84.7691662678437, 27.810826866345074],
                        [84.76931972040147, 27.815060739893095],
                        [84.76452628421269, 27.81848503982435],
                        [84.75653006541022, 27.81402362037998],
                        [84.75614147396337, 27.80893600757951],
                        [84.75039550659284, 27.80511613099176],
                        [84.7384563062173, 27.803858419690787],
                        [84.73663115505802, 27.798742223617324],
                        [84.73175105806733, 27.795611861634008],
                        [84.72715882699264, 27.799961082119097],
                        [84.72184088480994, 27.80109445422202],
                        [84.71910394897783, 27.803407764198486],
                        [84.71370929161034, 27.800410318876402],
                        [84.70784359048189, 27.802489035098933],
                        [84.70701586209303, 27.806707705650936],
                        [84.69296804693285, 27.809382482879],
                        [84.6849422210908, 27.810266270698726],
                        [84.67674775661911, 27.815791325976637],
                        [84.6679158746504, 27.81846500279436],
                        [84.66733591872837, 27.82300714723617],
                        [84.66117380663178, 27.828661350451046],
                        [84.66386876320372, 27.8405178918408],
                        [84.6605980847933, 27.84893764420554],
                        [84.6547171071297, 27.85236117628115],
                        [84.64901498588111, 27.85262499627722],
                        [84.64676392130174, 27.855058678341006],
                        [84.64975489352915, 27.858259564120814],
                        [84.64619800660442, 27.86055042540282],
                        [84.63585226774397, 27.860016426378532],
                        [84.63361481099378, 27.863234975094787],
                        [84.63369049694249, 27.868825286808775],
                        [84.62837665855034, 27.87098619172449],
                        [84.62725830340744, 27.877145994430442],
                        [84.62474027447506, 27.87957823512516],
                        [84.61975991962626, 27.880458009725885],
                        [84.61411395268607, 27.875871766859518],
                        [84.61295880037716, 27.87261904025661],
                        [84.60478189743672, 27.872176820049578],
                        [84.60156874428392, 27.876035357063923],
                        [84.59592324139955, 27.87622680970522],
                        [84.58984835187728, 27.879664212376877],
                        [84.58041984301359, 27.87431885067232],
                        [84.57682989395805, 27.870854916040123],
                        [84.57687640107017, 27.864176580368362],
                        [84.56731103454473, 27.85886014993976],
                        [84.5586699544665, 27.857889157070893],
                        [84.556865408576, 27.853614262798633],
                        [84.5580993733469, 27.847468085730366],
                        [84.55663150664991, 27.8383839403206],
                        [84.55505845891997, 27.835739278220796],
                        [84.54557018038315, 27.83168673565767],
                        [84.54099350528612, 27.83332007666376],
                        [84.52491826853657, 27.833339311109974],
                        [84.52064900308828, 27.8313858537263],
                        [84.52038386170548, 27.821825271929836],
                        [84.51790492182118, 27.816697255291846],
                        [84.5125872187212, 27.8154197829975],
                        [84.50285923768617, 27.819629494204946],
                        [84.49587520490935, 27.820787338758958],
                        [84.49267697333227, 27.819343540226406],
                        [84.4884577543681, 27.820809278393867],
                        [84.4804152465276, 27.821532392809058],
                        [84.47422446650504, 27.823552798892116],
                        [84.4652879586499, 27.824038921101092],
                        [84.46481037825856, 27.818860316004614],
                        [84.45401778342544, 27.820362754608897],
                        [84.44568508593335, 27.82309499784207],
                        [84.44098889236892, 27.817406495827214],
                        [84.43522289230583, 27.815197975404317],
                        [84.43209336890638, 27.812283748470236],
                        [84.43053472537952, 27.80199814804011],
                        [84.4298670496997, 27.790617785439377],
                        [84.43400959545129, 27.782852552037486],
                        [84.43921936902241, 27.778400411123773],
                        [84.4482841007941, 27.778366749871232],
                        [84.45989501904789, 27.774107259022752],
                        [84.46725112256435, 27.76712450651978],
                        [84.47044282636844, 27.76085274713106],
                        [84.4718647780865, 27.75402063415623],
                        [84.46850889492812, 27.751809716056787],
                        [84.46463307118262, 27.753129096329378],
                        [84.45698402096211, 27.7594652143487],
                        [84.44974155616107, 27.758983577609143],
                        [84.4477349228675, 27.75714677197213],
                        [84.43849935941181, 27.744011364845246],
                        [84.43294840657353, 27.74114540702769],
                        [84.42745492467989, 27.7423876440723],
                        [84.42192493337804, 27.741258467620668],
                        [84.4256243481759, 27.73055267759551],
                        [84.42732266016543, 27.722619104869896],
                        [84.43063141512363, 27.713119199895843],
                        [84.43054957690006, 27.705811479845245],
                        [84.42783760510875, 27.703683313907014],
                        [84.40808206934716, 27.696380899051455],
                        [84.37799887765405, 27.681245708865422],
                        [84.36956124223862, 27.684691136951635],
                        [84.36380351895913, 27.690272543547557],
                        [84.36249971015137, 27.69552398776819],
                        [84.35456171360036, 27.701121918532458],
                        [84.34855578486247, 27.70310914390498],
                        [84.34300135952448, 27.7019880918561],
                        [84.33724768780061, 27.69889990135971],
                        [84.32981710027214, 27.696490123880103],
                        [84.32394896744528, 27.692187789708424],
                        [84.32369983086734, 27.688294073497456],
                        [84.3205333939703, 27.68436656225145],
                        [84.29688850815522, 27.67048011571035],
                        [84.29225460695042, 27.66829011285449],
                        [84.27553036647357, 27.663505023731595],
                        [84.27011129481923, 27.662491340706875],
                        [84.25609276762584, 27.650977212909446],
                        [84.25064474188162, 27.65410978109394],
                        [84.24093751727277, 27.651778271848183],
                        [84.2304812724928, 27.64607186689384],
                        [84.21805841535807, 27.643528897401616],
                        [84.20579677515435, 27.638340104357763],
                        [84.19486258356416, 27.6301092309852],
                        [84.19071167011005, 27.628402505990625],
                        [84.17450110435063, 27.617674897886747],
                        [84.16786388381372, 27.61038176014582],
                        [84.15967636107864, 27.60355036826129],
                        [84.14965938034655, 27.597327392675876],
                        [84.14154238093394, 27.588800404346316],
                        [84.13515112990774, 27.584512999760115],
                        [84.12900041464646, 27.57678653387471],
                        [84.1260781632035, 27.5712929187686],
                        [84.12553002803477, 27.566045318252787],
                        [84.11968311414617, 27.55996514635598],
                        [84.11928330392568, 27.556330591326862],
                        [84.1145966752934, 27.553270479712534],
                        [84.107186254282, 27.55169244088368],
                        [84.10056827877519, 27.553829644105544],
                        [84.09015258580379, 27.554644530926765],
                        [84.08335311908318, 27.5576090320549],
                        [84.07454525315521, 27.559491285602057],
                        [84.07075392495875, 27.557358792123367],
                        [84.06690211124365, 27.551737985965875],
                        [84.06431027628402, 27.55132179535661],
                        [84.05238969722062, 27.556486956055405],
                        [84.04562702120064, 27.554057066453964],
                        [84.04303630505467, 27.550777195116773],
                        [84.04167065912971, 27.545272230951458],
                        [84.03637168172067, 27.538692050244208],
                        [84.02526687902167, 27.537074520355777],
                        [84.01424716484034, 27.539803976535072],
                        [84.00798579079095, 27.54394250617095],
                        [83.99781174203922, 27.545375467223344],
                        [83.99189606826846, 27.543400989470314],
                        [83.98129269265209, 27.54519378659174],
                        [83.97453269384177, 27.549556350338523],
                        [83.96907996351894, 27.550514116556414],
                        [83.95764040323998, 27.548374442054214],
                        [83.95477619215212, 27.54353151921706],
                        [83.94784736996483, 27.54010403140438],
                        [83.93930209356004, 27.54206128346285],
                        [83.932228283049, 27.545302568255327],
                        [83.92433447326353, 27.544565198762395],
                        [83.91988519665132, 27.54110831469433],
                        [83.91865601995569, 27.53300746038102],
                        [83.91993772926922, 27.526365577230973],
                        [83.92200873275605, 27.524888868338383],
                        [83.92189244606058, 27.518045418325045],
                        [83.92552846596459, 27.51470802506232],
                        [83.92999078044625, 27.51302037154192],
                        [83.93526938127327, 27.513467414078065],
                        [83.94181177853615, 27.51571087709698],
                        [83.94754424249584, 27.52008588700351],
                        [83.95081655770132, 27.526438617688477],
                        [83.95641948701497, 27.527054213313708],
                        [83.96476682784117, 27.523182441127382],
                        [83.96927780591217, 27.51603328004363],
                        [83.9686099580254, 27.50969058815388],
                        [83.96641325639742, 27.506188243178155],
                        [83.9576673481518, 27.500344255731125],
                        [83.94103043870588, 27.49383095583783],
                        [83.9384311432988, 27.4883559687377],
                        [83.94353869324694, 27.473504757013036],
                        [83.94448615741432, 27.46577040309536],
                        [83.93923912702779, 27.455100215663787],
                        [83.93489978805697, 27.45082703130072],
                        [83.93110744231704, 27.449557148979643],
                        [83.93950021597504, 27.44880740947743],
                        [83.94401728976793, 27.446291206915298],
                        [83.94634745596126, 27.441150017673856],
                        [83.96214030240164, 27.443934951943806],
                        [83.96514210271538, 27.44650570529942],
                        [83.97236441434039, 27.44214358478493],
                        [83.9919355829861, 27.444303135850458],
                        [83.9967302877482, 27.446020432022745],
                        [83.99781378618123, 27.441938690163216],
                        [84.00474954686896, 27.442159779178933],
                        [84.00883577982958, 27.437691994046588],
                        [84.01214394512132, 27.438655209597464],
                        [84.01568961477521, 27.434755864982797],
                        [84.01852433669276, 27.436039419392667],
                        [84.02261760176721, 27.43304462725581],
                        [84.0267627911934, 27.433585392889505],
                        [84.02562960189243, 27.43808928419004],
                        [84.03137527349537, 27.441368830392467],
                        [84.03663964002581, 27.441207365651334],
                        [84.04336370629012, 27.443236163488173],
                        [84.05165642839745, 27.44261960028972],
                        [84.05459021775228, 27.449380727178653],
                        [84.06121597535059, 27.455030074918753],
                        [84.06036664170611, 27.461772393838814],
                        [84.06274289833392, 27.467603971237832],
                        [84.06668720460797, 27.469847207219512],
                        [84.06809638943821, 27.47624546851283],
                        [84.07767633922225, 27.483896183376512],
                        [84.08204933932845, 27.483020455987596],
                        [84.08784708709042, 27.485164980189104],
                        [84.0907737605866, 27.48836030179046],
                        [84.09552934816517, 27.489884678208444],
                        [84.09748738046032, 27.49714868250003],
                        [84.09964689175935, 27.51039852783489],
                        [84.09753963401994, 27.515517347151043],
                        [84.10462146575021, 27.520575381338354],
                        [84.1087793301144, 27.52162135231494],
                        [84.11080997919049, 27.519410833847026],
                        [84.11654865736715, 27.519255000740785],
                        [84.11742402640671, 27.513665329170912],
                        [84.12373280304435, 27.511042539454923],
                        [84.13150092268255, 27.512786318137973],
                        [84.13875579665577, 27.517781609027704],
                        [84.1507938398543, 27.51686419538194],
                        [84.14943666600696, 27.509564203709903],
                        [84.14975185279599, 27.50121327078038],
                        [84.14444170147448, 27.497204859070003],
                        [84.1455026558495, 27.492422679799112],
                        [84.15344964053075, 27.48411305101858],
                        [84.15934978490907, 27.484546417758406],
                        [84.16686402582035, 27.481974454619408],
                        [84.17086986094688, 27.47920107986076],
                        [84.1714649782314, 27.475675905347398],
                        [84.17642248270455, 27.473767655119964],
                        [84.18052262056898, 27.47399032526673],
                        [84.18862045780779, 27.472088749355596],
                        [84.1913648354889, 27.469323290838567],
                        [84.19412051766912, 27.473166490153712],
                        [84.20610362746636, 27.469338335782968],
                        [84.2086365680591, 27.464885088165016],
                        [84.20400871668747, 27.460031824505972],
                        [84.20714148671344, 27.45702401883762],
                        [84.20821354721417, 27.453125760182363],
                        [84.20674120353111, 27.445675279325656],
                        [84.2082723716697, 27.442696883495334],
                        [84.21872934237815, 27.440381756114952],
                        [84.2209786046473, 27.44358887958317],
                        [84.22061726959421, 27.447093559868264],
                        [84.22651572535227, 27.450795760033632],
                        [84.23158213086987, 27.456281599191502],
                        [84.23996127948368, 27.452571503001856],
                        [84.2437628577499, 27.454667812760704],
                        [84.25406135411546, 27.452133578892436],
                        [84.25866547905684, 27.446581336607657],
                        [84.25855421292596, 27.43873628745096],
                        [84.26181203276634, 27.43547431949548],
                        [84.26610373686663, 27.43428611930826],
                        [84.27250393525105, 27.42879764979872],
                        [84.27348051840184, 27.421318272012098],
                        [84.27792972415003, 27.41586264534478],
                        [84.27748870942422, 27.410130151454005],
                        [84.27900451113548, 27.406889277700376],
                        [84.27543916411413, 27.401047931700585],
                        [84.27647495130579, 27.395416326211976],
                        [84.28188339680578, 27.396660051086176],
                        [84.28486146873084, 27.392008202830688],
                        [84.2912321966976, 27.385250784010008],
                        [84.29528148251804, 27.384750393331515],
                        [84.3004557449077, 27.390405031917954],
                        [84.30515880072689, 27.387671414522398],
                        [84.31047323985743, 27.386716584746175],
                        [84.3174328457396, 27.38212054398318],
                        [84.32784712565476, 27.380361305635383],
                        [84.33166923291549, 27.3777574745815],
                        [84.33864712442099, 27.377560228710752],
                        [84.34795664492445, 27.374164118236667],
                        [84.35630305247585, 27.373448128734402],
                        [84.3715873015799, 27.375249337263398],
                        [84.37273562285618, 27.376615982448683],
                        [84.38805062103702, 27.37204801219596],
                        [84.39101529964346, 27.368483752351093],
                        [84.39540618722809, 27.369989876084823],
                        [84.40597115408927, 27.370363450104275],
                        [84.41006739849934, 27.368503557071357],
                        [84.41561267884678, 27.370815688380613],
                        [84.42023658630842, 27.36985191175091],
                        [84.4241367137765, 27.37196334864477],
                        [84.43572835164794, 27.369513378824685],
                        [84.44030860592042, 27.370189392015266],
                        [84.4439280996798, 27.36837967393241],
                        [84.44488129794296, 27.364680769811812],
                        [84.44819376349344, 27.363264449626858],
                        [84.45763928525854, 27.36209664387227],
                        [84.46950591461102, 27.355166453977876],
                        [84.47631136511797, 27.362480972045557],
                        [84.48577400442912, 27.35851329192377]
                    ]
                ]
            },
            "properties": {
                "fid": 3,
                "id": "bagmati",
                "label": "बागमती प्रदेश"
            }
        },
        {
            "type": "Feature",
            "geometry": {
                "type": "Polygon",
                "coordinates": [
                    [
                        [81.28522078391332, 28.673235341825766],
                        [81.28428612286626, 28.68255652943962],
                        [81.2802393076953, 28.696317012586693],
                        [81.27153964276499, 28.701997118213253],
                        [81.2676639690044, 28.702769556915587],
                        [81.26691657380383, 28.70619329274048],
                        [81.27315071068716, 28.717665690367834],
                        [81.27216292625052, 28.7272980968624],
                        [81.26732243235033, 28.728963626630634],
                        [81.25600683118581, 28.729905885211128],
                        [81.25626764741718, 28.734825558064315],
                        [81.26046556144183, 28.74269963583892],
                        [81.25944400998198, 28.75008743748403],
                        [81.25093277480471, 28.754750639450734],
                        [81.24690607839622, 28.76159570031428],
                        [81.25062341612505, 28.770467990741956],
                        [81.24890510612579, 28.776514719900227],
                        [81.24558433980422, 28.78191917370089],
                        [81.23287781609065, 28.785769831643083],
                        [81.22765637046021, 28.79114782395874],
                        [81.2260002440085, 28.796973011314154],
                        [81.22911046237286, 28.799573312562078],
                        [81.23896580889023, 28.802987505271073],
                        [81.24215468232221, 28.81031786902547],
                        [81.2407400904773, 28.812348474430717],
                        [81.23090637554722, 28.815514921718822],
                        [81.22931279556128, 28.818147904806647],
                        [81.22951663151412, 28.82595743324169],
                        [81.23363675813124, 28.829401857921656],
                        [81.23032826524003, 28.83332819859158],
                        [81.22626010116029, 28.835139788071075],
                        [81.22421106600275, 28.83881354431829],
                        [81.21064887077038, 28.84489692009492],
                        [81.20574687253594, 28.850808116817696],
                        [81.207729560182, 28.86036088230132],
                        [81.20452350786424, 28.86330069077806],
                        [81.20012668298335, 28.862601196816108],
                        [81.19855492516612, 28.85743534186608],
                        [81.19989878460692, 28.851471100669336],
                        [81.19826054445804, 28.842222186627765],
                        [81.19509288862902, 28.832982250861296],
                        [81.20503388698987, 28.827104494396195],
                        [81.20748388762033, 28.82227541270176],
                        [81.20495319221936, 28.817458450084622],
                        [81.20096798736667, 28.81736065495272],
                        [81.19550991441324, 28.821196911883064],
                        [81.18168048389063, 28.82499487161804],
                        [81.17799012082305, 28.82804297669962],
                        [81.17401423056425, 28.834926284033514],
                        [81.16616348677248, 28.835078351345857],
                        [81.15630669461027, 28.828543511022765],
                        [81.15255235303593, 28.830927801878538],
                        [81.15758975329028, 28.843823360455424],
                        [81.14907813424851, 28.852639989674213],
                        [81.14496814954252, 28.862383029481954],
                        [81.14488738776926, 28.87088323820134],
                        [81.14048307300357, 28.87315728031702],
                        [81.1351356501633, 28.87113470861499],
                        [81.12895672383556, 28.8651627413835],
                        [81.12686881758393, 28.861740281865934],
                        [81.12744231121474, 28.85768372825096],
                        [81.12540070045313, 28.85129248094508],
                        [81.11223383874268, 28.849709199777664],
                        [81.10167379559974, 28.845185477000314],
                        [81.09254666512709, 28.85597291516625],
                        [81.0890508991432, 28.862806045449187],
                        [81.07458435816028, 28.863696829454323],
                        [81.07187049208628, 28.866425664412233],
                        [81.07380888984947, 28.875075888142433],
                        [81.0706998965417, 28.87758605003038],
                        [81.06661839644984, 28.87720015581291],
                        [81.06117051100708, 28.87387757797676],
                        [81.05752239001013, 28.87353406170924],
                        [81.05140423089303, 28.876832359877604],
                        [81.047335226135, 28.883921771445177],
                        [81.04042721121394, 28.888645552508553],
                        [81.03388743482516, 28.898446803689083],
                        [81.03027213571086, 28.90804180028278],
                        [81.02581918442644, 28.91151904213324],
                        [81.02147901452811, 28.91938143985572],
                        [81.01320807916477, 28.92318810066229],
                        [81.00610965479903, 28.92785375839383],
                        [80.99709936363803, 28.929128331743716],
                        [80.98618038583682, 28.934580115079957],
                        [80.98093365619229, 28.93870316117987],
                        [80.98222755655728, 28.941401302617965],
                        [80.99241092731984, 28.94789008594666],
                        [80.99851478510686, 28.954856332085356],
                        [81.00748238931061, 28.95746164843468],
                        [81.01880299800801, 28.95214123373947],
                        [81.02434842143265, 28.956092627969866],
                        [81.0291510682781, 28.963772791396693],
                        [81.04239764150975, 28.970511968323777],
                        [81.04804786351673, 28.977945290203312],
                        [81.05217849735455, 28.97735496394033],
                        [81.05687130355756, 28.973209100013587],
                        [81.06426253055521, 28.970352153687674],
                        [81.07297534752018, 28.969925873219772],
                        [81.08074626433181, 28.967609193871947],
                        [81.08890008468067, 28.967759728321475],
                        [81.09648760894068, 28.96428727905468],
                        [81.10097375471776, 28.963794447704196],
                        [81.10625749404285, 28.96601012534964],
                        [81.11240616031436, 28.965711862518408],
                        [81.1206157183934, 28.96254883006192],
                        [81.12721692172198, 28.956569225629426],
                        [81.13128754782501, 28.9497888492147],
                        [81.13459476854905, 28.94708983202149],
                        [81.14157334035792, 28.94567505836122],
                        [81.14671958156718, 28.93816438934428],
                        [81.15530336434055, 28.93362049032723],
                        [81.16033739808437, 28.92815544160966],
                        [81.16866906681814, 28.921375434899378],
                        [81.18357164509658, 28.91503060222661],
                        [81.19408350129531, 28.9162203859784],
                        [81.2040935923503, 28.9080282203544],
                        [81.20974119879361, 28.907902246109053],
                        [81.21795523301573, 28.90618826740218],
                        [81.23651870465143, 28.9059110477902],
                        [81.24017076930123, 28.912929320046445],
                        [81.24382185776967, 28.915095168879258],
                        [81.25160582108181, 28.913650596567354],
                        [81.25571054649517, 28.90813635277786],
                        [81.26277412325156, 28.902282368015232],
                        [81.26735554571908, 28.903155412733085],
                        [81.27170988983352, 28.90664552340182],
                        [81.27566711776588, 28.91619325422209],
                        [81.28159714032465, 28.918691727605562],
                        [81.28645309140892, 28.922825410450383],
                        [81.29158133200819, 28.92263624844308],
                        [81.29812964345213, 28.925229660618136],
                        [81.30307415437355, 28.92530890822901],
                        [81.30915353902701, 28.92029158265338],
                        [81.31559640885497, 28.9203555403447],
                        [81.32107364783849, 28.914098446571813],
                        [81.32407947079348, 28.908023051869737],
                        [81.33411447290123, 28.908248981060026],
                        [81.33702356631088, 28.90525723679597],
                        [81.33689385470169, 28.900608229463533],
                        [81.33881443118086, 28.895636092325073],
                        [81.34222283291798, 28.89262273088923],
                        [81.34895602411423, 28.889954821202103],
                        [81.35741737322341, 28.889786016497755],
                        [81.36939671047101, 28.891423028872033],
                        [81.37599420828067, 28.893640227246355],
                        [81.38342098277163, 28.89855962342397],
                        [81.38686924508349, 28.899537955311562],
                        [81.38892477499377, 28.903222454874346],
                        [81.3957451821816, 28.908803843335264],
                        [81.40316873075798, 28.908919435347226],
                        [81.41345042629526, 28.913914239299],
                        [81.41952372286056, 28.910464393548864],
                        [81.42609797572666, 28.909105985719354],
                        [81.43071419144407, 28.910715526417853],
                        [81.43460090411357, 28.907666675186285],
                        [81.43539116310141, 28.904612031520628],
                        [81.44011046797709, 28.900576784317934],
                        [81.45741939103345, 28.89523602000358],
                        [81.46323979641761, 28.894577723929128],
                        [81.46647541940315, 28.891009162838323],
                        [81.46683706099564, 28.887337633332923],
                        [81.46277234983874, 28.881215831509145],
                        [81.46211467441084, 28.875084453876156],
                        [81.46577808954014, 28.869427779197977],
                        [81.46716596096309, 28.862590119346056],
                        [81.46269222671079, 28.85387542703587],
                        [81.46560055827977, 28.851593804882437],
                        [81.47235273114622, 28.849869495445958],
                        [81.48215015146872, 28.84266117456159],
                        [81.48788062547993, 28.84234284569557],
                        [81.49083507121244, 28.840378568779336],
                        [81.49070590006959, 28.837017816385714],
                        [81.49384147901843, 28.833164716975602],
                        [81.49561404888408, 28.82623050903913],
                        [81.49812423408066, 28.821204259549273],
                        [81.50421818241098, 28.816166935873667],
                        [81.50795601566784, 28.811018589691763],
                        [81.51248095150525, 28.808116296415744],
                        [81.51783136867927, 28.806958916034343],
                        [81.52207266635793, 28.803491170181918],
                        [81.52310940573504, 28.799670226422304],
                        [81.5185281572883, 28.796001815355122],
                        [81.51578192456957, 28.78800189186409],
                        [81.51535774491354, 28.780376466925052],
                        [81.51957855492925, 28.776322338896833],
                        [81.52495014645267, 28.775778213958127],
                        [81.52841040049631, 28.773709640560398],
                        [81.53493736328834, 28.761030905791575],
                        [81.52858308363042, 28.755138799677095],
                        [81.52091556416414, 28.751674200718703],
                        [81.52223263507621, 28.748199665529896],
                        [81.52999975061317, 28.749006324829875],
                        [81.54096683296387, 28.748347037345802],
                        [81.55384298727226, 28.750049935011347],
                        [81.56477862018454, 28.753785428758828],
                        [81.57224526127484, 28.75545050381062],
                        [81.57814527129841, 28.755459210307567],
                        [81.58119029042317, 28.75916153526982],
                        [81.58191214856114, 28.765037126719818],
                        [81.58052640263567, 28.771848977066274],
                        [81.58153121534062, 28.774603549196932],
                        [81.5791990483053, 28.780686265717893],
                        [81.57463399832194, 28.78331577061607],
                        [81.56607595792462, 28.791281226880074],
                        [81.55677623604902, 28.79750083436067],
                        [81.55156211264274, 28.816090040430232],
                        [81.5489936055742, 28.818525529055318],
                        [81.54359094451114, 28.830131065824606],
                        [81.53794392009506, 28.836050438745588],
                        [81.53772483140227, 28.842638325397164],
                        [81.53160323091504, 28.856326159786473],
                        [81.52793655254726, 28.859264086397264],
                        [81.52177700772222, 28.87015436622381],
                        [81.51644937157212, 28.8729359711161],
                        [81.51001923887063, 28.883822247335424],
                        [81.5082628032026, 28.89010239061337],
                        [81.50288911500472, 28.88918852644228],
                        [81.49763274855728, 28.890290849999957],
                        [81.49154463404741, 28.89414359596213],
                        [81.48274129315205, 28.903367866974307],
                        [81.48062785544934, 28.908974380566978],
                        [81.47343538104164, 28.916870298047627],
                        [81.47081588645027, 28.922584481498482],
                        [81.46641712380662, 28.928837153179344],
                        [81.45579240813171, 28.931034551492786],
                        [81.45490889770113, 28.934813812522776],
                        [81.45011815339001, 28.93958061755463],
                        [81.4437742928946, 28.941679333595584],
                        [81.44485941328334, 28.947612985971073],
                        [81.4447083491441, 28.9557772880635],
                        [81.44148077789322, 28.959922796365024],
                        [81.43703406877931, 28.956623540820882],
                        [81.43086537774782, 28.958434536985912],
                        [81.42831049854628, 28.964154407469213],
                        [81.42459041639134, 28.96569558770349],
                        [81.42249154040633, 28.97122666999096],
                        [81.42520388920859, 28.976465159244892],
                        [81.42461451741536, 28.98070563227725],
                        [81.42142134173513, 28.983454206655836],
                        [81.42042522273726, 28.98723353082199],
                        [81.41444583766743, 28.994915046283833],
                        [81.41071082916397, 28.995930337094723],
                        [81.41719086147188, 29.00056412268418],
                        [81.41891912135739, 29.004246929592682],
                        [81.41601830252868, 29.00923673771635],
                        [81.41526957644693, 29.01708924673955],
                        [81.41889179867736, 29.022439988935623],
                        [81.42542039762246, 29.022931534087938],
                        [81.42990660632326, 29.02941843076944],
                        [81.43235007086986, 29.037120873029],
                        [81.43860442766997, 29.039302195452578],
                        [81.44285427348284, 29.046890237496527],
                        [81.44402336539562, 29.053725868474668],
                        [81.45320369091388, 29.059702316069615],
                        [81.45918516104011, 29.064631128448294],
                        [81.46453322489366, 29.06562104914846],
                        [81.46770654888444, 29.068698182466036],
                        [81.46869556705376, 29.07746288151959],
                        [81.47171118124918, 29.079505045840172],
                        [81.48300351151791, 29.083074123054654],
                        [81.49938807261148, 29.090703955275256],
                        [81.50978965398699, 29.090664854797645],
                        [81.5146637145576, 29.095385609329817],
                        [81.51719573327291, 29.095964591050606],
                        [81.52457975223346, 29.104735566315444],
                        [81.53570345469447, 29.106356322004213],
                        [81.54767634297689, 29.11538502603698],
                        [81.5534570734161, 29.121086390335872],
                        [81.56087880235312, 29.124890266231652],
                        [81.56186356078348, 29.127410295787616],
                        [81.55230090771718, 29.128505684138574],
                        [81.53972739652808, 29.134223350294132],
                        [81.53432525921478, 29.137628582523213],
                        [81.53291851710993, 29.14087338590671],
                        [81.53321481172526, 29.146506991036837],
                        [81.52455531998746, 29.152678981966552],
                        [81.51821635613736, 29.1535495617811],
                        [81.51213354227737, 29.151299185609915],
                        [81.49897864471598, 29.15167815348282],
                        [81.49525219099837, 29.15990058603072],
                        [81.49513879424754, 29.168797569458484],
                        [81.4884239782897, 29.17129905431738],
                        [81.48667776011156, 29.1758416689763],
                        [81.49008594465334, 29.181249651457954],
                        [81.48991131073943, 29.18655359326229],
                        [81.48458636353661, 29.19269494669369],
                        [81.48215503958058, 29.201205557120304],
                        [81.48557439889628, 29.210746153760038],
                        [81.48644907338786, 29.225407300609042],
                        [81.49471012042008, 29.23624953293148],
                        [81.49811648329887, 29.23877903226574],
                        [81.49510034782487, 29.24478368040152],
                        [81.49313035650299, 29.252196400025422],
                        [81.49464062321032, 29.25709471389345],
                        [81.49109377545483, 29.26161918032687],
                        [81.48694487474081, 29.26332383803697],
                        [81.47779480217612, 29.263936590114582],
                        [81.46811848079996, 29.27186577694766],
                        [81.47273523246643, 29.27479994341452],
                        [81.48374895181816, 29.279540343630973],
                        [81.49064999261866, 29.29055678896525],
                        [81.49988416934947, 29.297246733544892],
                        [81.50370435099686, 29.30316029914494],
                        [81.50784863664049, 29.314542545406542],
                        [81.51096449478878, 29.312665202476186],
                        [81.51617397585736, 29.312342931143633],
                        [81.51797499437735, 29.314898406331004],
                        [81.52376738685014, 29.315056285516462],
                        [81.52879399681831, 29.326030583344544],
                        [81.5357856339918, 29.33107564987122],
                        [81.54034023955667, 29.33222123155931],
                        [81.54806699025016, 29.33925668497942],
                        [81.5504769787591, 29.345679933114667],
                        [81.55026893706021, 29.349477076013976],
                        [81.55641216101054, 29.35614185354597],
                        [81.56073390123908, 29.351668832103663],
                        [81.56633562134276, 29.349087278414533],
                        [81.57035524652507, 29.349665718563113],
                        [81.5731745105188, 29.355076129025072],
                        [81.573056673449, 29.3607022276024],
                        [81.58112906101353, 29.36445680517622],
                        [81.59281768205943, 29.36602938682672],
                        [81.59978304933519, 29.365567404102112],
                        [81.60913104845415, 29.36742655090058],
                        [81.61138437654662, 29.370145579425934],
                        [81.61739029746464, 29.37058256231696],
                        [81.62634748719128, 29.368402455440336],
                        [81.62744050580032, 29.366080812552354],
                        [81.63461474333992, 29.364346076737803],
                        [81.63815087609525, 29.361464583928555],
                        [81.63861028494257, 29.356267638066726],
                        [81.6439739000778, 29.35427946203856],
                        [81.64387492986711, 29.34335591700338],
                        [81.64183125124148, 29.334386097957633],
                        [81.64644392594494, 29.32800288374985],
                        [81.6463175903211, 29.32347867959303],
                        [81.64825374423785, 29.321125613517708],
                        [81.65414443569674, 29.32127968325885],
                        [81.65611838352274, 29.3196233657954],
                        [81.66424496655556, 29.319276389216288],
                        [81.66992810878118, 29.31683451096895],
                        [81.67818539540568, 29.32140782691063],
                        [81.68225905276476, 29.319934460472],
                        [81.69080237364562, 29.320515341624333],
                        [81.69381974616947, 29.32538761786129],
                        [81.70307444545266, 29.330538395524876],
                        [81.71160365351666, 29.330621823045234],
                        [81.72232502942195, 29.332386749436047],
                        [81.72981557833234, 29.335156473929093],
                        [81.73954095889624, 29.3339052302415],
                        [81.74575906529304, 29.33958410254528],
                        [81.74723448211935, 29.346597533289444],
                        [81.75242428998726, 29.35232694909479],
                        [81.74904956665314, 29.362182670052274],
                        [81.74956329044554, 29.36649696235355],
                        [81.75642218114538, 29.375613711394934],
                        [81.75806114400059, 29.38226511500176],
                        [81.76180254773115, 29.386759499967287],
                        [81.76640906293937, 29.38567754225995],
                        [81.76679198519132, 29.390375984783347],
                        [81.7766843021719, 29.391322476304417],
                        [81.7842206860366, 29.389158099888636],
                        [81.78922800477892, 29.3889639403211],
                        [81.79033884681816, 29.39596992829149],
                        [81.79438779116623, 29.399353921354056],
                        [81.79771612245902, 29.40732791408426],
                        [81.79663044812743, 29.414527414116133],
                        [81.79867104863014, 29.420900725359246],
                        [81.79891742218645, 29.429093713894318],
                        [81.80168725425763, 29.43115443681267],
                        [81.80531629192392, 29.439288668735188],
                        [81.80304801364315, 29.447309636719655],
                        [81.80810371408135, 29.456276437526498],
                        [81.8035046033261, 29.475566695018042],
                        [81.79904242065305, 29.481137735426678],
                        [81.79529980309327, 29.488050848966164],
                        [81.78764554685876, 29.497461421602157],
                        [81.78793114823037, 29.499970191545412],
                        [81.78281799171627, 29.502276215155167],
                        [81.77994372049888, 29.501104470897634],
                        [81.77147052099657, 29.503578554182543],
                        [81.76740152154773, 29.50329758350142],
                        [81.76237375234898, 29.50529333638713],
                        [81.76907980297081, 29.5093079846137],
                        [81.7747844849243, 29.50797569163518],
                        [81.77957650205771, 29.508694255975477],
                        [81.78035647234793, 29.511222656205728],
                        [81.7771248935464, 29.51562407339511],
                        [81.78096502763081, 29.520372122689555],
                        [81.78227857803081, 29.52468142731709],
                        [81.78560974158808, 29.528329322963977],
                        [81.79081157751817, 29.529045018601398],
                        [81.7928881896566, 29.531175412786194],
                        [81.79002483492523, 29.537652328318188],
                        [81.79346329597854, 29.54775918421767],
                        [81.79745116848756, 29.552083963161436],
                        [81.79889839782747, 29.55915313680674],
                        [81.79774778553261, 29.573344981125395],
                        [81.79849282052693, 29.575968184842395],
                        [81.79430349252554, 29.58401162227734],
                        [81.78976094529703, 29.589621219963703],
                        [81.78957402505553, 29.596600876870095],
                        [81.7837848697579, 29.597219359894535],
                        [81.77780533033909, 29.599690478998454],
                        [81.77365440903641, 29.605750540155164],
                        [81.77014993869626, 29.606420488610986],
                        [81.75541796778163, 29.60592100943892],
                        [81.75035886976032, 29.604846723492408],
                        [81.73843047934739, 29.606151928510428],
                        [81.72783032943897, 29.61491676828262],
                        [81.72020752889415, 29.616699678143522],
                        [81.72031181794985, 29.620477139344604],
                        [81.71568100895847, 29.62079541753152],
                        [81.71032214039677, 29.626253267440518],
                        [81.70939365357903, 29.632273752793882],
                        [81.70273547479276, 29.63712695238835],
                        [81.70348266723757, 29.644618074285546],
                        [81.70159040059099, 29.649321857746326],
                        [81.70182216905862, 29.656581181760146],
                        [81.69961332305864, 29.661115162449793],
                        [81.69899054714406, 29.670300543692075],
                        [81.69722147445431, 29.680328954300762],
                        [81.70239769382353, 29.687291439451137],
                        [81.703967989544, 29.693275964891676],
                        [81.70857541260752, 29.700193821945543],
                        [81.70846406491805, 29.70281982343327],
                        [81.7124556786034, 29.71408263961456],
                        [81.71250909716152, 29.717973088026874],
                        [81.7148829706283, 29.723885506724347],
                        [81.71979132186912, 29.729127711991822],
                        [81.7229816251576, 29.72958621539711],
                        [81.72637609320745, 29.73309524904121],
                        [81.72598589356143, 29.736512172294972],
                        [81.72818587090609, 29.741520798083222],
                        [81.72636319974578, 29.743950980913482],
                        [81.72789092321688, 29.750693184465295],
                        [81.73261324374145, 29.758859051061982],
                        [81.73006408512731, 29.769144550132832],
                        [81.73536848774489, 29.775360544820163],
                        [81.73711013396681, 29.784584705655583],
                        [81.74011988217782, 29.789252560984693],
                        [81.73967588131721, 29.79242844481528],
                        [81.7466029520965, 29.794554783492323],
                        [81.75119563115427, 29.797950282194087],
                        [81.75810338092282, 29.797346940562054],
                        [81.76440268114374, 29.801751618654627],
                        [81.77353880985827, 29.798078534430207],
                        [81.7802415929876, 29.806988797214252],
                        [81.77907705009935, 29.814312281648338],
                        [81.78266615480985, 29.82217384611229],
                        [81.78305420421002, 29.836367271932453],
                        [81.78066197817807, 29.83920747056491],
                        [81.7890646830243, 29.843237652669398],
                        [81.79409126066955, 29.848771644333695],
                        [81.79146172275075, 29.85324193752904],
                        [81.79659838156985, 29.86678199179741],
                        [81.79589955291766, 29.882244781880786],
                        [81.79622485226298, 29.890364586763564],
                        [81.79368446476387, 29.896090575146296],
                        [81.79841774519964, 29.89644767412282],
                        [81.79910030145152, 29.901612948406044],
                        [81.78545632243265, 29.910287996879926],
                        [81.77522065056071, 29.911126704986625],
                        [81.76924687925037, 29.909454336386666],
                        [81.76167555208444, 29.912315206860963],
                        [81.75388720086414, 29.908334155518247],
                        [81.75087097692872, 29.908991923608376],
                        [81.74248947630265, 29.90723721568177],
                        [81.73382615887255, 29.907691734306198],
                        [81.73121170973873, 29.91073753411847],
                        [81.72680316262203, 29.91221214422174],
                        [81.71609131594366, 29.909295824555628],
                        [81.71066390532513, 29.914237468289663],
                        [81.7097661102146, 29.926272762927177],
                        [81.69736365424464, 29.93142272215691],
                        [81.69888080824067, 29.938609444214194],
                        [81.69672484016105, 29.942594914337185],
                        [81.68724076794274, 29.949203467041986],
                        [81.6752980800713, 29.94364925173697],
                        [81.67059534855491, 29.940610344727205],
                        [81.66524190555411, 29.94022698976423],
                        [81.65722138565769, 29.943330144411785],
                        [81.65155197431872, 29.94356578875822],
                        [81.6461719445215, 29.947902365974834],
                        [81.63684022732352, 29.944693219853992],
                        [81.63432446203906, 29.940753803486565],
                        [81.62649983593263, 29.93829673271048],
                        [81.6173277102017, 29.938978285504238],
                        [81.61277675653686, 29.943160826390226],
                        [81.60587819565797, 29.93716616470691],
                        [81.6050460259466, 29.932417786873224],
                        [81.60251310609638, 29.93008596828265],
                        [81.59634112089329, 29.93127101748293],
                        [81.59115453592298, 29.93052751222699],
                        [81.58671079516877, 29.935890568852543],
                        [81.58059857077593, 29.936084525138863],
                        [81.57752866105963, 29.93384487821148],
                        [81.5700999422247, 29.933392251294112],
                        [81.56319983375255, 29.929889855724813],
                        [81.55946317128422, 29.926046725932633],
                        [81.55560168333918, 29.92706894907752],
                        [81.55014550286738, 29.923469583583774],
                        [81.54212635118807, 29.927019071230067],
                        [81.53480041338617, 29.927506857698972],
                        [81.52820113702657, 29.92402396493269],
                        [81.51638729504171, 29.92235432667242],
                        [81.51197682445981, 29.916595242508105],
                        [81.51660917859671, 29.90389918941766],
                        [81.51168397640333, 29.900844155643703],
                        [81.50370222921099, 29.89270105607803],
                        [81.49472565061757, 29.889480354735166],
                        [81.4926186107683, 29.887092922812254],
                        [81.48281775120509, 29.89150930510075],
                        [81.47873805515388, 29.89185796379156],
                        [81.47057259479571, 29.889755919218043],
                        [81.46438075512067, 29.893303184073318],
                        [81.45666924342684, 29.90046871306028],
                        [81.45787394261845, 29.907616683402573],
                        [81.46155083011345, 29.913242582231415],
                        [81.45994265866909, 29.917522281817867],
                        [81.46255605144808, 29.920664086908978],
                        [81.46038979639877, 29.923538347593194],
                        [81.46010497115228, 29.929593024195324],
                        [81.45466637293038, 29.934679967829382],
                        [81.4584864478242, 29.942558656675867],
                        [81.45275699086697, 29.948959160478562],
                        [81.45264371614076, 29.951090957334493],
                        [81.46084727547269, 29.957625961358993],
                        [81.46397202773798, 29.95785404677337],
                        [81.46857140993353, 29.963620758376276],
                        [81.46817794756463, 29.97114191916236],
                        [81.46993388183745, 29.975035328097967],
                        [81.46344858659839, 29.981664550140565],
                        [81.46056676016295, 29.986805836934195],
                        [81.46303531850639, 29.995478368257768],
                        [81.45439469176357, 30.002353784953208],
                        [81.44441611794717, 30.002933649027298],
                        [81.44015250598244, 30.006867968454255],
                        [81.4335292692782, 30.008164313345954],
                        [81.43013612435112, 30.007510076248746],
                        [81.4185934863069, 30.013005455320187],
                        [81.41252221927424, 30.0185504711728],
                        [81.40470708812659, 30.01958294996069],
                        [81.39011540231682, 30.01680543960227],
                        [81.38380746016172, 30.01351297241911],
                        [81.38183153991625, 30.00713804346923],
                        [81.3764974144137, 30.006388788778583],
                        [81.3754963757485, 30.00912751657806],
                        [81.36798344076566, 30.01086512060912],
                        [81.36243060816463, 30.00949573227333],
                        [81.35693165985612, 30.010476062455606],
                        [81.34634265185537, 30.018707448099015],
                        [81.33165726441167, 30.02405017244151],
                        [81.31833850946173, 30.02563477043957],
                        [81.31496853680106, 30.032253661842002],
                        [81.30979830275102, 30.032795975147287],
                        [81.30611790518343, 30.0310520860951],
                        [81.30015949770907, 30.033253606894718],
                        [81.29092974084966, 30.034907319835703],
                        [81.28454988490327, 30.037467675890607],
                        [81.28154744105329, 30.04322552757778],
                        [81.27184999918457, 30.045187891893534],
                        [81.26387175392165, 30.043271210321766],
                        [81.26065782873184, 30.039569638627363],
                        [81.24990183225036, 30.038530459084857],
                        [81.24258743330357, 30.033622693054397],
                        [81.23732832381852, 30.03148963164467],
                        [81.24813629442731, 30.026850471925272],
                        [81.25314929042224, 30.023559228113918],
                        [81.2535377475718, 30.019618168006147],
                        [81.24528560657869, 30.01113297470296],
                        [81.24174219507331, 30.01254016795466],
                        [81.23615693256004, 30.010933115362594],
                        [81.23149338792237, 30.00761004953777],
                        [81.21735334555888, 30.00723269827429],
                        [81.21409666953198, 30.013952581009086],
                        [81.2105847495934, 30.015532569508142],
                        [81.20760850810404, 30.02036625990835],
                        [81.20375057286664, 30.02195111806133],
                        [81.19470917957906, 30.022801599307293],
                        [81.18390683312786, 30.010714335315715],
                        [81.17736203105343, 30.015022150076266],
                        [81.17084044240939, 30.014351933414808],
                        [81.16464674052975, 30.010667568533535],
                        [81.1546326017597, 30.011778135996682],
                        [81.14908262315802, 30.0115342049733],
                        [81.14243813373633, 30.01656676317618],
                        [81.13324085216374, 30.015967440507264],
                        [81.12377114230374, 30.020221468506637],
                        [81.1218331891385, 30.028782822022894],
                        [81.11760335657686, 30.03436442329829],
                        [81.11065310562087, 30.03557489964136],
                        [81.1080096594327, 30.03887461335465],
                        [81.10641933947049, 30.044408570076587],
                        [81.09911153906887, 30.04761478917667],
                        [81.0910569045734, 30.054186244351],
                        [81.0955423341148, 30.061639665995855],
                        [81.09873896496158, 30.064483692474],
                        [81.10105432270488, 30.075134469937804],
                        [81.10552003999037, 30.077341324353103],
                        [81.10862045061273, 30.08607641853033],
                        [81.10452635840784, 30.091122947742445],
                        [81.10186286626775, 30.097050100883628],
                        [81.09821000631385, 30.099935339243412],
                        [81.09395508100772, 30.100642150797587],
                        [81.0885471714845, 30.098952108462797],
                        [81.08111685727721, 30.100447739065896],
                        [81.08420469820479, 30.10629416740841],
                        [81.08438697484985, 30.116971348834166],
                        [81.08176493779749, 30.121623747723238],
                        [81.07823462670594, 30.124260262217962],
                        [81.08273204317975, 30.135674498324562],
                        [81.08172544634506, 30.13825536442806],
                        [81.0830443961253, 30.14798902651187],
                        [81.0767345108988, 30.155059144998177],
                        [81.06604669591341, 30.157345216021326],
                        [81.06395414662082, 30.158776176463377],
                        [81.06144370249916, 30.167722420895483],
                        [81.05658214071758, 30.170250676784395],
                        [81.05633912998746, 30.172637010855187],
                        [81.05103030088377, 30.179430293360245],
                        [81.04549525197734, 30.179448089082474],
                        [81.04360834359669, 30.185281262261],
                        [81.04238029747262, 30.193516278564005],
                        [81.03356420540743, 30.196825217173608],
                        [81.03474438533802, 30.201877068061712],
                        [81.04327440425278, 30.20463061529203],
                        [81.04502018834154, 30.20997763419141],
                        [81.03993035417824, 30.21536974090694],
                        [81.02877756021336, 30.22009994919538],
                        [81.02980171881502, 30.224118895440334],
                        [81.02575048037971, 30.226699907532385],
                        [81.03046546927983, 30.238352427388516],
                        [81.02897151255297, 30.242999912771896],
                        [81.03187652539046, 30.24929397604833],
                        [81.02261310486291, 30.250882430824312],
                        [81.02006612997619, 30.253860204354467],
                        [81.00796855429675, 30.25687862818659],
                        [81.00834298295815, 30.262607326295722],
                        [81.00145767720666, 30.266904121179795],
                        [80.98933585818043, 30.270627359057535],
                        [80.98502430875804, 30.267953537823068],
                        [80.97765417449294, 30.26976658012851],
                        [80.9763775228044, 30.27259251976805],
                        [80.9674897150279, 30.271750404261834],
                        [80.95222110229551, 30.272986943980452],
                        [80.94007910148397, 30.269430150347056],
                        [80.93359156547521, 30.265989793638028],
                        [80.92675395373743, 30.271105388043175],
                        [80.92669502409031, 30.27639486138064],
                        [80.93089575660797, 30.278488122700832],
                        [80.93062985279549, 30.28117092395425],
                        [80.92549113931018, 30.28642418086861],
                        [80.91377190125313, 30.29152343969225],
                        [80.90658463996567, 30.300010727712813],
                        [80.90280826212093, 30.302337641725487],
                        [80.89178083619785, 30.304162164476324],
                        [80.88541841146323, 30.3022257054853],
                        [80.87899819065784, 30.303978206242256],
                        [80.87406889013542, 30.303734860833632],
                        [80.87192680401964, 30.309423264114045],
                        [80.8674797901028, 30.311599424164605],
                        [80.86249244070578, 30.31721344293491],
                        [80.85592971823311, 30.317862789329165],
                        [80.84575884334201, 30.320223370554324],
                        [80.83430826853875, 30.316628956558812],
                        [80.82591981264093, 30.318126610466635],
                        [80.82091579363323, 30.322347126162942],
                        [80.81882468062906, 30.326636269643327],
                        [80.80223241316766, 30.327484063819345],
                        [80.80096059806279, 30.330501607159345],
                        [80.80263357443933, 30.33619997201017],
                        [80.79085431988908, 30.342120347852187],
                        [80.78603450058239, 30.34656620067292],
                        [80.78434734633666, 30.350389671763235],
                        [80.784384798638, 30.358203530173856],
                        [80.77964956037535, 30.358692114430198],
                        [80.77561666235368, 30.365627655853057],
                        [80.77225289382072, 30.369063811437837],
                        [80.7677756854922, 30.37088064627268],
                        [80.76529859350644, 30.375325433383406],
                        [80.7622758948508, 30.374669619896512],
                        [80.75860927865392, 30.379020177517692],
                        [80.75097268376369, 30.382908010277156],
                        [80.74908746282362, 30.390402595050382],
                        [80.74515261268155, 30.3916075284422],
                        [80.73563372117569, 30.400786830990846],
                        [80.7337861966514, 30.403781028309286],
                        [80.7292032018901, 30.404096224250722],
                        [80.71789937514338, 30.412693777371803],
                        [80.71701236672688, 30.414687303883937],
                        [80.70797468202555, 30.419937667973652],
                        [80.7026719016638, 30.420290821497588],
                        [80.7007259421533, 30.41628362825565],
                        [80.69600195828619, 30.415661671378093],
                        [80.68788807870597, 30.417571138573386],
                        [80.6856217005109, 30.423302991106173],
                        [80.67889738667199, 30.42452780844146],
                        [80.67808460562979, 30.4304834786176],
                        [80.67600644838626, 30.43255015378229],
                        [80.66769671787306, 30.436453300965173],
                        [80.66510693049563, 30.44006463436292],
                        [80.65981771578328, 30.442703376115844],
                        [80.658293826476, 30.445217553349003],
                        [80.6479949742686, 30.44825755530566],
                        [80.64091372095092, 30.453069296052394],
                        [80.63625849467766, 30.45278847597276],
                        [80.62782223521438, 30.458670450484306],
                        [80.62337873507109, 30.464231036172297],
                        [80.61367079366504, 30.46088818609457],
                        [80.60912677887251, 30.465173396654833],
                        [80.60624773388804, 30.472966200515796],
                        [80.59895101531691, 30.472934420810528],
                        [80.5970538274731, 30.46785151609829],
                        [80.5841267505911, 30.468403488137298],
                        [80.57746857037229, 30.46424307082797],
                        [80.56494323169937, 30.46386176835384],
                        [80.56504871950285, 30.459539706678264],
                        [80.55946357355784, 30.453971993901042],
                        [80.54931300413675, 30.449104677461637],
                        [80.5406559940477, 30.448216817158936],
                        [80.53621568124261, 30.44102053688228],
                        [80.52819498333348, 30.43605909356787],
                        [80.52864039201701, 30.429942342989115],
                        [80.52543402867151, 30.425115285248484],
                        [80.53165953978302, 30.421631973754394],
                        [80.53503642553663, 30.417490982095575],
                        [80.53922724375744, 30.415148771547575],
                        [80.54459494051518, 30.41806221960274],
                        [80.54917287007986, 30.42323352240578],
                        [80.55672730290387, 30.427863675119372],
                        [80.56558811226894, 30.43723203038612],
                        [80.57332525843981, 30.442304192705073],
                        [80.5827050839761, 30.445467700886354],
                        [80.59033079413365, 30.445605873762606],
                        [80.59768591854939, 30.448732886959252],
                        [80.60242025815019, 30.449213110966923],
                        [80.61171933800335, 30.445445985008458],
                        [80.6154333375897, 30.439708593957405],
                        [80.6222283910665, 30.43288645204495],
                        [80.62285723483369, 30.42480655326042],
                        [80.62497889696287, 30.420974469294006],
                        [80.62905953669849, 30.41787824519361],
                        [80.62613310596022, 30.414366215778944],
                        [80.62791213904259, 30.408810333794868],
                        [80.63434369006261, 30.402932943902584],
                        [80.63388793164512, 30.398574200595142],
                        [80.63856228289936, 30.390432036642213],
                        [80.64695063390481, 30.38645630383693],
                        [80.64931286630924, 30.383144764545168],
                        [80.65372524682293, 30.38106212763069],
                        [80.65565219997784, 30.37784400149498],
                        [80.65841512357122, 30.364437706800963],
                        [80.66014789529171, 30.360747003781853],
                        [80.66119304738983, 30.352990665148706],
                        [80.66612713013745, 30.3446186450573],
                        [80.67398114855521, 30.339454054546223],
                        [80.67959334931524, 30.338890097891248],
                        [80.68265555565903, 30.335038992168485],
                        [80.69004147743055, 30.332994500296596],
                        [80.70080515069648, 30.33424747600938],
                        [80.70595572567633, 30.331706341694588],
                        [80.7146379840532, 30.329541534174055],
                        [80.71863791243736, 30.325042485777377],
                        [80.73138387200072, 30.318578019876487],
                        [80.73442784121482, 30.316153142636328],
                        [80.73392735990936, 30.311480894759736],
                        [80.73751331482566, 30.307915868038705],
                        [80.74306819208579, 30.306362254687492],
                        [80.75281322440892, 30.308097235245913],
                        [80.75887713599813, 30.301904678724124],
                        [80.76093915784297, 30.294427995785668],
                        [80.75966061787325, 30.28858241221869],
                        [80.76152558577442, 30.279419941183118],
                        [80.7666055213754, 30.278128207486844],
                        [80.77714089408003, 30.2670406660441],
                        [80.77668360317249, 30.265577876331186],
                        [80.78262871411444, 30.259960626335726],
                        [80.78676272383484, 30.24997715492056],
                        [80.79573756712472, 30.238349137782418],
                        [80.80816056151055, 30.229160178076654],
                        [80.81130930745648, 30.22844865785658],
                        [80.8130059157704, 30.224496769396726],
                        [80.81782557484837, 30.22457874710828],
                        [80.82490690934156, 30.214080927551525],
                        [80.8271759807343, 30.208419636703145],
                        [80.83287054021488, 30.20503750538387],
                        [80.83720496559572, 30.19965792431446],
                        [80.83936974208187, 30.193637341909486],
                        [80.85385770081822, 30.181504508901437],
                        [80.85442960540156, 30.177475900905794],
                        [80.86423462261367, 30.166764453554208],
                        [80.86689063479994, 30.166507701546376],
                        [80.8713655001153, 30.160582698752293],
                        [80.87084758273433, 30.15315501998638],
                        [80.8734969424645, 30.14412453446701],
                        [80.8786103880345, 30.132378590587695],
                        [80.87787611188936, 30.1291368248808],
                        [80.8739418348747, 30.12613792799922],
                        [80.8679128107719, 30.125261366597357],
                        [80.86245152088766, 30.1208396461791],
                        [80.85884732574071, 30.12120343706505],
                        [80.85415726917991, 30.11875116717834],
                        [80.84647824238805, 30.11677112248693],
                        [80.84177744789677, 30.110333041264127],
                        [80.84572015245162, 30.106884671495994],
                        [80.84518262446008, 30.102237791268095],
                        [80.83599898608746, 30.097151895483133],
                        [80.82831816845781, 30.097417202743205],
                        [80.82618710607187, 30.09995180788977],
                        [80.82167054700753, 30.09971570610356],
                        [80.81884624102635, 30.096777506979556],
                        [80.81426215354644, 30.095151723647596],
                        [80.80961343949922, 30.09074470130596],
                        [80.80617068098468, 30.089898358026947],
                        [80.80159258155943, 30.08552045893739],
                        [80.79942321724805, 30.08079650060044],
                        [80.79494839034471, 30.077747039406123],
                        [80.7861350076853, 30.06611964333189],
                        [80.78387840334173, 30.061498986009173],
                        [80.77939198778915, 30.056572390060378],
                        [80.77490028013196, 30.05401163353657],
                        [80.76552424019356, 30.051870582609887],
                        [80.76092873877106, 30.049036224590488],
                        [80.75930862678027, 30.043439731173883],
                        [80.75589153662588, 30.039980323313443],
                        [80.75561561515781, 30.030809060871867],
                        [80.75808151324202, 30.02792661678676],
                        [80.75723234069551, 30.02326304666042],
                        [80.75413094638233, 30.020322907018006],
                        [80.75148114138103, 30.012509483760986],
                        [80.7476128465358, 30.006482250178536],
                        [80.73852878897264, 29.999592089019135],
                        [80.71952177958651, 30.000227395366043],
                        [80.71227527600817, 29.990091440973345],
                        [80.70449918063869, 29.98563319430977],
                        [80.70045378034678, 29.97990411832149],
                        [80.69055830513403, 29.97458317346361],
                        [80.68315160549074, 29.96603756785975],
                        [80.68265110303516, 29.963050093105416],
                        [80.6778819637657, 29.958811740620263],
                        [80.67129590000673, 29.95729110802531],
                        [80.65877596520903, 29.95605255562538],
                        [80.65675332341755, 29.95511580371858],
                        [80.64856019389872, 29.955831750437113],
                        [80.64065340592094, 29.959633472752202],
                        [80.63914600983975, 29.96201566448754],
                        [80.63020819061404, 29.965080879451435],
                        [80.62245440370764, 29.96416117372297],
                        [80.61623238114042, 29.961044135189375],
                        [80.6081667288874, 29.95846045751144],
                        [80.60426688465229, 29.958926985954694],
                        [80.59521449381022, 29.952845813372132],
                        [80.59039823935674, 29.948342486826686],
                        [80.58827191871273, 29.944253469325023],
                        [80.58133370671155, 29.936231445500695],
                        [80.57818141202786, 29.92811298160053],
                        [80.57421579368695, 29.92338400079412],
                        [80.57136806350977, 29.916238449081035],
                        [80.56966155351085, 29.90892511646154],
                        [80.57111047681077, 29.905442901525227],
                        [80.57262393775943, 29.895812268637968],
                        [80.57022053575615, 29.89133859556651],
                        [80.56639076308747, 29.880154599495924],
                        [80.56043068181353, 29.874739780568373],
                        [80.55669791452813, 29.86951028697279],
                        [80.56147712881227, 29.866023492822492],
                        [80.55430501204512, 29.86144339093523],
                        [80.55138619501669, 29.85622328130241],
                        [80.55341540293404, 29.85325740116164],
                        [80.54430684431797, 29.84640561370432],
                        [80.53786881155898, 29.845544234000666],
                        [80.5357939702285, 29.838587737381207],
                        [80.53189806992577, 29.83860555873431],
                        [80.52690848496395, 29.832847534218633],
                        [80.52376674652584, 29.8320084474757],
                        [80.52172349208047, 29.82696452089405],
                        [80.50723193625606, 29.82302051187912],
                        [80.50470379455633, 29.818951174971055],
                        [80.50164636202244, 29.817791618650936],
                        [80.49735956392728, 29.811500591851793],
                        [80.50019046527403, 29.809084357292605],
                        [80.49522317273994, 29.80424099792659],
                        [80.49432530256715, 29.796747005497583],
                        [80.49233691553373, 29.79528905353478],
                        [80.47762891271593, 29.797207614481337],
                        [80.46471317368795, 29.802106731344725],
                        [80.45331987081605, 29.802114267720782],
                        [80.4498312118554, 29.799454097374735],
                        [80.44412663263991, 29.799049060083473],
                        [80.43437961019377, 29.80580573102355],
                        [80.43008376016634, 29.7989170748593],
                        [80.4219300631953, 29.795978806229208],
                        [80.41593458425808, 29.79562769819003],
                        [80.4130982928701, 29.7917695245841],
                        [80.4062107854093, 29.789381720903187],
                        [80.40682717608239, 29.783565277480818],
                        [80.40450457569507, 29.782648208333086],
                        [80.4038211427587, 29.776949986586988],
                        [80.40008620873948, 29.774104705634187],
                        [80.39632688394722, 29.765022700336953],
                        [80.39755048572898, 29.760239854312122],
                        [80.3959728004583, 29.758220773869017],
                        [80.39098295373653, 29.76028195190571],
                        [80.3861889468582, 29.759226800305395],
                        [80.38482587673397, 29.756119138325467],
                        [80.38636193483228, 29.751303986404366],
                        [80.37289845767594, 29.749095893598078],
                        [80.36800729360698, 29.750565752813575],
                        [80.36575815366504, 29.74769274410326],
                        [80.36409620255729, 29.74006569119331],
                        [80.36944770340304, 29.733415013231003],
                        [80.36592732798945, 29.728966136298553],
                        [80.36637060369698, 29.7239203666004],
                        [80.36904696559867, 29.72146338423084],
                        [80.37477205962793, 29.72087026524536],
                        [80.37533696629062, 29.718105470165725],
                        [80.37199085363291, 29.715229635216346],
                        [80.37454048892354, 29.71231625515737],
                        [80.37456267245526, 29.708739155452747],
                        [80.37710586799129, 29.702379287951132],
                        [80.37917109747872, 29.701538644237825],
                        [80.38070962001404, 29.687954068952806],
                        [80.38521167459376, 29.685006780591173],
                        [80.383321549457, 29.67837575424991],
                        [80.38533985699934, 29.67337781435401],
                        [80.38951449980065, 29.67153629351792],
                        [80.38929672706925, 29.667337747973267],
                        [80.39168196025817, 29.663721869699135],
                        [80.39772639042202, 29.662973519474146],
                        [80.39807972492775, 29.65877535632947],
                        [80.40707216802947, 29.659045948923314],
                        [80.41102746971902, 29.653402157128962],
                        [80.41373114633991, 29.654129187216473],
                        [80.41642602694836, 29.65039907371644],
                        [80.41395078040054, 29.644584651432794],
                        [80.42006927956821, 29.63925010784664],
                        [80.4195370835693, 29.633114928181982],
                        [80.42109360756228, 29.63011729369326],
                        [80.41888096840808, 29.626875444659863],
                        [80.41062938945267, 29.62493308108304],
                        [80.4080104611699, 29.619950203548097],
                        [80.40763855279025, 29.6103262910855],
                        [80.40901829759382, 29.60322297738355],
                        [80.40815116854223, 29.595859159655515],
                        [80.40317496342458, 29.589505566009645],
                        [80.39803465392083, 29.586879433661707],
                        [80.39141184608394, 29.58154641051266],
                        [80.39018732184265, 29.574539491424424],
                        [80.38790349833349, 29.571691479362773],
                        [80.3787255993788, 29.570275241543843],
                        [80.37892278687669, 29.561405016189614],
                        [80.37189623054897, 29.56284485202151],
                        [80.3623249274134, 29.562677430818564],
                        [80.36399448894117, 29.556550339727007],
                        [80.35720257738348, 29.554997398144213],
                        [80.34927535195423, 29.555281330101536],
                        [80.34265874215649, 29.552853348195164],
                        [80.34556542029965, 29.548293438801977],
                        [80.34133117876358, 29.5416005129194],
                        [80.34897240147647, 29.54015624820775],
                        [80.35159397280253, 29.53677897584829],
                        [80.35796029416862, 29.53246565125941],
                        [80.35506909046319, 29.52741946190095],
                        [80.34919306833388, 29.52487362565851],
                        [80.34961623758684, 29.51884875942904],
                        [80.34124416808004, 29.509900304460736],
                        [80.33201201841146, 29.512691734087383],
                        [80.32867697876817, 29.50527663861259],
                        [80.31509825170603, 29.499945150339236],
                        [80.31297033585096, 29.497525225139366],
                        [80.31439491102736, 29.49254552355246],
                        [80.31302979907038, 29.48445901565725],
                        [80.30312737145479, 29.4869112198931],
                        [80.30080594217425, 29.49051697499906],
                        [80.29595296861925, 29.487800480396555],
                        [80.2964502756579, 29.484103959176323],
                        [80.29299896533468, 29.47882341164775],
                        [80.28693526353739, 29.477342971277633],
                        [80.28798102219154, 29.471975801069895],
                        [80.29648754688783, 29.460364190933642],
                        [80.30114314860086, 29.457061810375563],
                        [80.30246597241445, 29.453040205220095],
                        [80.29725141645187, 29.450730104707258],
                        [80.29376984656464, 29.453648473570095],
                        [80.28968558383377, 29.450694447205596],
                        [80.279905798378, 29.45117652652899],
                        [80.27906960378222, 29.45845301923026],
                        [80.27124077050065, 29.456817947698934],
                        [80.27305708307574, 29.453158001949888],
                        [80.26714359989298, 29.44856029447799],
                        [80.25744675949335, 29.451574199277143],
                        [80.2556024487589, 29.447993323864065],
                        [80.24598235873263, 29.446676073617496],
                        [80.24298823931339, 29.44106974966797],
                        [80.2472809710011, 29.43679720525442],
                        [80.24733891189311, 29.432342813354907],
                        [80.24395590281729, 29.423407294950955],
                        [80.24592850497616, 29.416038200312723],
                        [80.24161292567504, 29.411536379482385],
                        [80.24792408190999, 29.406289579298463],
                        [80.25298710275044, 29.40445494070293],
                        [80.26408257426054, 29.39714539575228],
                        [80.2717282416568, 29.39513930756622],
                        [80.27553428097038, 29.391442828569016],
                        [80.27288501857976, 29.387812634127343],
                        [80.27844285506494, 29.378033248493875],
                        [80.2742701430197, 29.37649933965997],
                        [80.27109544974655, 29.373112115605927],
                        [80.27200618315221, 29.362881150277044],
                        [80.278684749322, 29.360019004809747],
                        [80.2801047858811, 29.346199756422532],
                        [80.28333229117337, 29.34177352613917],
                        [80.28971105108732, 29.33740476803749],
                        [80.29086013102244, 29.330612357817166],
                        [80.2961719466045, 29.324169092427756],
                        [80.30958632465988, 29.322037653208945],
                        [80.3163733128206, 29.315583094878907],
                        [80.31586749561843, 29.308840658390135],
                        [80.31792083405647, 29.301590239467025],
                        [80.31094053359632, 29.291047699526075],
                        [80.30608579938934, 29.288936084865348],
                        [80.30426017436582, 29.285236346065847],
                        [80.3039699229487, 29.27277913461529],
                        [80.30160320019235, 29.2644795697521],
                        [80.2993280512114, 29.26218944203264],
                        [80.3001703065495, 29.254950943969384],
                        [80.29863186736696, 29.248947361552048],
                        [80.30031607064718, 29.24543508718879],
                        [80.2990982026697, 29.24001064158649],
                        [80.2907179286579, 29.231839361178714],
                        [80.2912001594452, 29.229081001688474],
                        [80.29602106311391, 29.221351474406955],
                        [80.2940870702723, 29.21065620095972],
                        [80.2973648301512, 29.205492163493986],
                        [80.2930609987308, 29.197071646501595],
                        [80.28798073241072, 29.194978527256733],
                        [80.28356229458497, 29.19766403220937],
                        [80.28106463332378, 29.201647689259737],
                        [80.27496694355848, 29.20701710840016],
                        [80.26165578490635, 29.2063172544078],
                        [80.25833400345716, 29.209312430435265],
                        [80.25695998742279, 29.217837927509972],
                        [80.25477899223239, 29.22053483502657],
                        [80.24905989037336, 29.221299127249946],
                        [80.24675487865382, 29.214769584253876],
                        [80.24101196926321, 29.20414231897427],
                        [80.24186485311093, 29.200346434295867],
                        [80.25077321805345, 29.194940117350278],
                        [80.25789542957861, 29.187301548520107],
                        [80.26054085552785, 29.173676169680242],
                        [80.25836577034069, 29.17041825976995],
                        [80.25832366588574, 29.165732947702207],
                        [80.26623998469297, 29.15260340246363],
                        [80.27181544304042, 29.14664503121044],
                        [80.27277155250545, 29.143467465699814],
                        [80.26905936115406, 29.140514881436065],
                        [80.2561031637824, 29.139078850222656],
                        [80.25285483435216, 29.136870515331704],
                        [80.25032765132167, 29.131072900408896],
                        [80.24429973344704, 29.12705101271339],
                        [80.23515655825186, 29.119032146208713],
                        [80.2316847948455, 29.118427970490547],
                        [80.21678491943211, 29.12127413958393],
                        [80.20968913396659, 29.12180093804745],
                        [80.20578417975284, 29.124976403335502],
                        [80.20341162229798, 29.129295469104267],
                        [80.19658941084373, 29.130705188502905],
                        [80.18456570387713, 29.137266421856868],
                        [80.18220179424785, 29.13631141821075],
                        [80.17807942611867, 29.12849066069111],
                        [80.171025296736, 29.126915655594456],
                        [80.16652051649757, 29.124535071235925],
                        [80.16389981441387, 29.116926187934457],
                        [80.14435653907938, 29.10296218499552],
                        [80.12848009296249, 29.061019719232707],
                        [80.13646434556982, 29.05884721006583],
                        [80.12642641582134, 29.03167137397228],
                        [80.13133807636203, 29.03035205915826],
                        [80.12455516456784, 29.01302046844384],
                        [80.13626199013208, 29.009543566732855],
                        [80.13557355911686, 29.00724058523855],
                        [80.12679203422907, 29.005988278682317],
                        [80.11792383491161, 28.98163894190159],
                        [80.1002318080424, 28.986418835194762],
                        [80.09604781414083, 28.975254451618916],
                        [80.0760401947245, 28.943665213220594],
                        [80.05846710800412, 28.91637141689577],
                        [80.0592441325269, 28.908179754244546],
                        [80.06473264560931, 28.837320995425188],
                        [80.07496920205838, 28.824330959147083],
                        [80.11810053602694, 28.828768020970287],
                        [80.13844967742855, 28.813826606238603],
                        [80.17131625395494, 28.78206816490968],
                        [80.20375699849966, 28.762897419399692],
                        [80.21603831630345, 28.755353713088695],
                        [80.23476675486656, 28.75918984173961],
                        [80.23717564723071, 28.75703788439973],
                        [80.24584979019728, 28.756015089924926],
                        [80.25058123819655, 28.757785171836282],
                        [80.25951774159677, 28.75163998152607],
                        [80.26505355362802, 28.74350412151504],
                        [80.26451690643698, 28.7378165809694],
                        [80.26226916239499, 28.733288223947774],
                        [80.25618249665823, 28.729354638171202],
                        [80.26687448464422, 28.7208453146509],
                        [80.27518713118218, 28.711104388605214],
                        [80.27801182919029, 28.709736676462473],
                        [80.29041372987022, 28.711505418575246],
                        [80.29686050277773, 28.709705104480022],
                        [80.29889340369733, 28.706395063000357],
                        [80.30834370668913, 28.70443605267733],
                        [80.31726143797188, 28.69981172050512],
                        [80.32067105191098, 28.69489984534456],
                        [80.32264217047829, 28.68642553311235],
                        [80.3212148247397, 28.681252495916944],
                        [80.32592524237671, 28.669800494936894],
                        [80.32588036802545, 28.666326254249487],
                        [80.3372392200128, 28.660672798382482],
                        [80.35332881615302, 28.650278842926248],
                        [80.35440314786896, 28.647732593090204],
                        [80.36069033498212, 28.64491324769475],
                        [80.35754374385633, 28.642392067002444],
                        [80.35921141666728, 28.63695203044886],
                        [80.36209011859559, 28.634980438062353],
                        [80.36754105723915, 28.635218048107504],
                        [80.37631847114072, 28.628306050379727],
                        [80.3833904054674, 28.630630487277354],
                        [80.38698485199636, 28.630606160178797],
                        [80.4045653200766, 28.634839865462215],
                        [80.41466412064555, 28.639142968372123],
                        [80.42394769960907, 28.637084777727274],
                        [80.43235361106832, 28.637251120406017],
                        [80.43799906393787, 28.63500965051321],
                        [80.4398839990496, 28.630952426249902],
                        [80.44431374986385, 28.62829066687086],
                        [80.44925343803585, 28.629048534539216],
                        [80.45382747455119, 28.62685398465189],
                        [80.45620301706215, 28.62357219462709],
                        [80.46049527538746, 28.621604119119993],
                        [80.46242827210037, 28.617178992545934],
                        [80.46248352773057, 28.612534299344595],
                        [80.46613272307603, 28.60073681578076],
                        [80.47169426063141, 28.590209926553246],
                        [80.47155552997458, 28.582618254099458],
                        [80.47904983564192, 28.585467147507217],
                        [80.48868661553172, 28.57968580695204],
                        [80.4955117655915, 28.574732540645677],
                        [80.49973639712037, 28.569681375147006],
                        [80.50735158815858, 28.567128459315917],
                        [80.515380721719, 28.55696956708439],
                        [80.52271997731559, 28.55279054850467],
                        [80.53049110660552, 28.571632088038758],
                        [80.52555250496775, 28.573232440327136],
                        [80.52166222820587, 28.57672675341322],
                        [80.51475958739155, 28.61590103080346],
                        [80.51126974778803, 28.623727759737484],
                        [80.51035677390648, 28.629707131089933],
                        [80.50346862931407, 28.66519218542193],
                        [80.50609386250997, 28.670970119556806],
                        [80.53978406211996, 28.690615791198372],
                        [80.55002533507943, 28.691552585138215],
                        [80.56861292084616, 28.68788404156343],
                        [80.5903429018999, 28.679706331535616],
                        [80.58011979175934, 28.661260036923032],
                        [80.59752575435716, 28.655937068775973],
                        [80.58965309030441, 28.647715479104686],
                        [80.60618231961413, 28.652343951133087],
                        [80.61150518534046, 28.639277356440797],
                        [80.63320544533782, 28.637296259045332],
                        [80.64144422212405, 28.643249063520194],
                        [80.65116580159126, 28.63389430737865],
                        [80.66754218443057, 28.64186959309324],
                        [80.67069048098834, 28.628321390634305],
                        [80.67949084905594, 28.62044223563146],
                        [80.67732347643386, 28.60432520189754],
                        [80.6955421319347, 28.603428833665102],
                        [80.69020663255586, 28.587056656960698],
                        [80.7038485362127, 28.57874910412829],
                        [80.71455869482904, 28.567864564939306],
                        [80.72473475849621, 28.57458801237659],
                        [80.73853727334799, 28.565841876421473],
                        [80.73833772389129, 28.574195287921235],
                        [80.76796770465464, 28.56553216393213],
                        [80.7694645790445, 28.54968658803815],
                        [80.78265195615188, 28.54676878142387],
                        [80.78919968132425, 28.543532791609096],
                        [80.78447987533484, 28.52926311408025],
                        [80.78893416289647, 28.52434756428567],
                        [80.799693814698, 28.52110400509217],
                        [80.81540480767819, 28.52064119038721],
                        [80.8299289793774, 28.511724268712925],
                        [80.83629428191081, 28.50533406836201],
                        [80.84347527377773, 28.499700307674892],
                        [80.84441846770291, 28.49539240656075],
                        [80.85522559285458, 28.49709182902892],
                        [80.86548638585136, 28.48954709851329],
                        [80.86150424576115, 28.50412807249324],
                        [80.87577901980166, 28.509743490468477],
                        [80.88572677188318, 28.50716910938994],
                        [80.89604564202723, 28.505634263109382],
                        [80.89969685694156, 28.500479848917116],
                        [80.90855245085173, 28.497557798752972],
                        [80.90678588816769, 28.489622259362925],
                        [80.90142730636727, 28.485832977248972],
                        [80.90565344432116, 28.46576882494093],
                        [80.91558335538143, 28.457626645221946],
                        [80.91430629966514, 28.467504903298092],
                        [80.91950484385607, 28.463736008127206],
                        [80.91752730547911, 28.45972816455854],
                        [80.93052463501265, 28.457601282290636],
                        [80.93232286161458, 28.463039115379786],
                        [80.94248557500087, 28.468424377599856],
                        [80.94518818438677, 28.46611081509517],
                        [80.93226244341764, 28.45867826864629],
                        [80.94465801101036, 28.454713298480584],
                        [80.95165904692705, 28.455464946365407],
                        [80.95168561451722, 28.44751930595463],
                        [80.96402065200918, 28.449571591111734],
                        [80.96698862308031, 28.456976572059357],
                        [80.97977735087449, 28.455241900368712],
                        [80.96478900463639, 28.444712301240095],
                        [80.96802765732242, 28.442867701429332],
                        [80.9651556341141, 28.437768321629843],
                        [80.97903761722087, 28.434335322101013],
                        [80.97779458556646, 28.442477115536104],
                        [80.9891231851773, 28.441632469334234],
                        [80.99964885633473, 28.453989092060063],
                        [81.0174020450771, 28.45162142102643],
                        [81.01305079126233, 28.438803234411537],
                        [81.01915014590324, 28.431668975149428],
                        [81.0295227439836, 28.438538978181928],
                        [81.03371085400816, 28.427909889343418],
                        [81.01668775047249, 28.415753099282227],
                        [81.02095638615705, 28.410324532039922],
                        [81.03226554627271, 28.398737626530725],
                        [81.03476870827927, 28.41334931081253],
                        [81.04588381642996, 28.40998908046345],
                        [81.06726898719725, 28.394431675356614],
                        [81.06699762509912, 28.39955069931316],
                        [81.0590840494772, 28.40844533620658],
                        [81.06548856487558, 28.42245006544989],
                        [81.07616207035717, 28.432357417704836],
                        [81.08575047792013, 28.438343680645474],
                        [81.08921224766495, 28.4499305938288],
                        [81.09052257466136, 28.456894031214354],
                        [81.0953884274608, 28.459742271056022],
                        [81.09880278222603, 28.45933379033362],
                        [81.10769129812934, 28.46089270300315],
                        [81.11037390270657, 28.46262995338581],
                        [81.11184821798425, 28.469017758116312],
                        [81.11472064282667, 28.472500849789796],
                        [81.12095818523406, 28.475274864952706],
                        [81.12983604735604, 28.48214747291197],
                        [81.13858351217414, 28.491401923170802],
                        [81.15265529491344, 28.50180952534457],
                        [81.16005654477523, 28.501385851799167],
                        [81.16179198297708, 28.505850712616144],
                        [81.16266829772638, 28.513350843442943],
                        [81.16713713926453, 28.519896736647844],
                        [81.1673339918195, 28.523244429955565],
                        [81.17602191713884, 28.53154446777021],
                        [81.18917051343237, 28.545466420124622],
                        [81.20448326927152, 28.55843636576131],
                        [81.21891840942912, 28.56688046710657],
                        [81.23160969595313, 28.576914211136252],
                        [81.24853472035555, 28.594067854395767],
                        [81.25697926229904, 28.60826459317686],
                        [81.26093375659737, 28.613581093189357],
                        [81.26867725467328, 28.617784559587957],
                        [81.27059035212281, 28.629545497849897],
                        [81.2815596322107, 28.63894390266314],
                        [81.28762576339359, 28.6485662820955],
                        [81.2873185436888, 28.663451525743756],
                        [81.28522078391332, 28.673235341825766]
                    ]
                ]
            },
            "properties": {
                "fid": 7,
                "id": "sudurpashchim",
                "label": "सुदुर पश्चिम प्रदेश"
            }
        },
        {
            "type": "Feature",
            "geometry": {
                "type": "Polygon",
                "coordinates": [
                    [
                        [86.90397838198669, 26.488276987319693],
                        [86.911599653027, 26.49917024056784],
                        [86.91456037376757, 26.50008371414293],
                        [86.9177433643965, 26.5044522046885],
                        [86.91575906810841, 26.50969321409399],
                        [86.91849814071688, 26.515805794202908],
                        [86.92349883068549, 26.523054691052085],
                        [86.93317321940334, 26.533543891107904],
                        [86.94554366565959, 26.53682576461224],
                        [86.95078853936346, 26.53722257513739],
                        [86.95672602518664, 26.542584027893724],
                        [86.9616645511938, 26.543497099154813],
                        [86.96616696039287, 26.54663722018086],
                        [86.96863484403787, 26.551512153023772],
                        [86.97201278584636, 26.554121487001105],
                        [86.97376116051664, 26.55801680601787],
                        [86.98099599342035, 26.56262597257092],
                        [86.99230962308555, 26.572314709239343],
                        [86.9916085028746, 26.576189297012544],
                        [86.98331690616305, 26.58395134946826],
                        [86.98211792004662, 26.587489644433994],
                        [86.98430139634274, 26.59550311329012],
                        [86.98875390093114, 26.603027101473188],
                        [86.98898602353175, 26.607393726105556],
                        [86.98676368579223, 26.61305756875848],
                        [86.97872345978227, 26.625161059714365],
                        [86.98533945414752, 26.628916914274793],
                        [86.98534946551419, 26.633953664482725],
                        [86.98841046533012, 26.635781810659477],
                        [86.98840647457946, 26.640992294472067],
                        [86.99097286697814, 26.644907687219245],
                        [86.99099763577529, 26.64952022450461],
                        [86.99479260452716, 26.654020026562332],
                        [87.00217334623181, 26.656256403198743],
                        [87.00250497336476, 26.659871469749653],
                        [87.00690649259866, 26.66694812164684],
                        [87.01272735591978, 26.67002564506028],
                        [87.01318449143491, 26.6752586360974],
                        [87.01061146779311, 26.682886114023376],
                        [87.01418342345104, 26.689247125117944],
                        [87.01289783453856, 26.70066560825545],
                        [87.00766282889687, 26.708945354982973],
                        [87.0030584932793, 26.708753726415825],
                        [86.99476589316106, 26.702742161805272],
                        [86.99121010091615, 26.702927018479684],
                        [86.99077550720837, 26.69846796174641],
                        [86.98441191016678, 26.703456724592613],
                        [86.98365436655504, 26.712568730677834],
                        [86.98136595108645, 26.71648809811128],
                        [86.97553383702304, 26.719158948227197],
                        [86.97161972201084, 26.72467783396867],
                        [86.97087357600994, 26.729899428764327],
                        [86.9669688301536, 26.73562579650245],
                        [86.96372643418854, 26.735864218177387],
                        [86.94913616405559, 26.732127342305446],
                        [86.94434583211745, 26.732910874630246],
                        [86.93239321147372, 26.740654734415482],
                        [86.9246819445243, 26.7499253505609],
                        [86.92771725681114, 26.75743675070207],
                        [86.92622683679049, 26.76252003077956],
                        [86.92158841313208, 26.766484600537733],
                        [86.91345054513084, 26.76041423391006],
                        [86.9085777054566, 26.759219687197934],
                        [86.90871129154225, 26.746183575799844],
                        [86.91043466088051, 26.73922990081611],
                        [86.90344109689933, 26.735253746356292],
                        [86.90397378689553, 26.732018224877375],
                        [86.898105300115, 26.726404296415453],
                        [86.88974983481785, 26.720330112364334],
                        [86.88483490868457, 26.71203324686925],
                        [86.87117641092262, 26.713082160096548],
                        [86.86664868564604, 26.710293321783908],
                        [86.86532949802485, 26.70679435295883],
                        [86.86567977208679, 26.70088024949481],
                        [86.86150060803774, 26.701704353701196],
                        [86.84835178996562, 26.69173711022156],
                        [86.84357600480965, 26.69313327798678],
                        [86.84003578485193, 26.698409754817177],
                        [86.83981843300386, 26.70426530369957],
                        [86.83523425252694, 26.711083939319614],
                        [86.82324480498053, 26.714217451351065],
                        [86.81863745132443, 26.70925623923749],
                        [86.81320356583575, 26.707775645982824],
                        [86.80811163833202, 26.709023508063602],
                        [86.80513463992538, 26.71229373272125],
                        [86.79983925888799, 26.712597735451705],
                        [86.78430801499488, 26.704792076128893],
                        [86.78140189966996, 26.701691607463975],
                        [86.7754850274575, 26.70240450159517],
                        [86.77140695377254, 26.69866106808364],
                        [86.76901412245492, 26.699453768247196],
                        [86.76360986580474, 26.694825700211457],
                        [86.76027503496294, 26.69548577114732],
                        [86.75644391896775, 26.6893504246276],
                        [86.75271143990086, 26.690551254364937],
                        [86.75303092149831, 26.69515741950891],
                        [86.7422499307134, 26.701634975436463],
                        [86.73954713163828, 26.7056467024149],
                        [86.73827209824793, 26.711809330251736],
                        [86.73300903263794, 26.711826671873297],
                        [86.72829693729247, 26.709946938797703],
                        [86.72224367124832, 26.709569739801577],
                        [86.71812195560237, 26.706806282380548],
                        [86.71378199095338, 26.708135776110588],
                        [86.70562083507251, 26.706679382804456],
                        [86.70263751074786, 26.699316658881557],
                        [86.6986033097102, 26.698227433093592],
                        [86.69171725826479, 26.69017463793667],
                        [86.68490000474371, 26.68806788747832],
                        [86.67880514212219, 26.68946228255026],
                        [86.67058749906957, 26.693433102200505],
                        [86.67092969153664, 26.696839062173584],
                        [86.66654848404474, 26.70377225449011],
                        [86.66399559293333, 26.702563501595268],
                        [86.6566142951907, 26.691587953035402],
                        [86.64942489780991, 26.68968167874809],
                        [86.64336189962782, 26.697108673219606],
                        [86.63411407205352, 26.698488764768204],
                        [86.63108186464241, 26.69462667199657],
                        [86.62809157379681, 26.694266900379805],
                        [86.62747774142841, 26.69027342594662],
                        [86.6164390748682, 26.69503244009187],
                        [86.61338237180091, 26.693893610326448],
                        [86.61100165800886, 26.689279220829455],
                        [86.60482162562373, 26.69324045273488],
                        [86.60075882272437, 26.699795683702966],
                        [86.59554600284311, 26.69695121569792],
                        [86.58821769702031, 26.697361112253816],
                        [86.58315463773809, 26.701627025322473],
                        [86.58108689054818, 26.70807692568188],
                        [86.58292943247103, 26.712322400631784],
                        [86.57973456628191, 26.716618468006605],
                        [86.57346167520494, 26.72044946050264],
                        [86.57162857358023, 26.72456888033864],
                        [86.57280891594692, 26.730396580275574],
                        [86.57161569976657, 26.733112071993016],
                        [86.57380783680833, 26.73950692724493],
                        [86.56290015370801, 26.74424632017939],
                        [86.55600223361014, 26.74450917517005],
                        [86.55315129928465, 26.747050152741515],
                        [86.55806820082745, 26.753692971341682],
                        [86.56769965229911, 26.764188412793523],
                        [86.56873418403636, 26.767984786376665],
                        [86.57252496432648, 26.76970220446423],
                        [86.5771091733823, 26.775684511931942],
                        [86.57782801641665, 26.784238840062237],
                        [86.57067625844184, 26.784327955464672],
                        [86.5683662470085, 26.781531846911],
                        [86.56490516839182, 26.782834546707658],
                        [86.56526781752254, 26.788133963908813],
                        [86.55744610408667, 26.79017221011192],
                        [86.55621568594995, 26.788058561087404],
                        [86.55087404543737, 26.78631774364876],
                        [86.5480508241274, 26.78187245725511],
                        [86.53619444067478, 26.78432078335048],
                        [86.53662821012011, 26.78655165798546],
                        [86.53115943653972, 26.788756305452],
                        [86.531489443842, 26.792200824110747],
                        [86.53558664189626, 26.79583376596183],
                        [86.53656428157703, 26.800740354215126],
                        [86.54080994245004, 26.79954247114692],
                        [86.54574246595897, 26.803338038616044],
                        [86.55016741882291, 26.8133461798184],
                        [86.55316450160512, 26.814549440720516],
                        [86.55146838212329, 26.824337304580638],
                        [86.5545170337229, 26.830595186270724],
                        [86.55190333681732, 26.83516311430566],
                        [86.54657668568213, 26.836691825074478],
                        [86.53954962994456, 26.83537844036309],
                        [86.53727194200941, 26.831835083985712],
                        [86.51940814870402, 26.831782272099204],
                        [86.52069254730856, 26.83445837369153],
                        [86.51842186188753, 26.842115976385873],
                        [86.51085539127916, 26.843046760913815],
                        [86.51117214407809, 26.84667626087244],
                        [86.50618122829671, 26.846893591467914],
                        [86.50445499897438, 26.856184309671484],
                        [86.50032438264896, 26.857555241510912],
                        [86.49659570303287, 26.856603321825613],
                        [86.49276085453403, 26.863909676271337],
                        [86.48767879998591, 26.868117717850616],
                        [86.48160361823003, 26.86981952429909],
                        [86.47728808171513, 26.882843744274844],
                        [86.47823591510787, 26.887608405714726],
                        [86.46696384141113, 26.886828462518743],
                        [86.45675603642601, 26.88738754596477],
                        [86.44520395543849, 26.891429111616873],
                        [86.43327092775277, 26.898137625873066],
                        [86.42812675544127, 26.90245603052116],
                        [86.42325025691335, 26.90292134159066],
                        [86.4134904457939, 26.906811891213124],
                        [86.40732818099758, 26.907106568590024],
                        [86.40389944940081, 26.909580979153493],
                        [86.40103766750136, 26.90815186593293],
                        [86.38256289226176, 26.908151228130052],
                        [86.38283566149447, 26.902777578067795],
                        [86.3769476192201, 26.8970406652557],
                        [86.37691135803662, 26.89206278899553],
                        [86.37464970372861, 26.88976476260573],
                        [86.37402278672417, 26.88400581936904],
                        [86.36937485393325, 26.880110828947647],
                        [86.36911812852867, 26.874807038288452],
                        [86.36522700206568, 26.872363934947042],
                        [86.36214260202976, 26.874823102155133],
                        [86.35788702989757, 26.874952765940797],
                        [86.34999618059969, 26.878005734582157],
                        [86.34618231737356, 26.877378910484463],
                        [86.34068366293556, 26.88010394995525],
                        [86.33124248192027, 26.879055500998263],
                        [86.3138261935321, 26.879111877286878],
                        [86.31028464008266, 26.882689189462162],
                        [86.3070813309313, 26.881662598279256],
                        [86.29847661541847, 26.88576971117268],
                        [86.29407120698176, 26.88503482436945],
                        [86.28631106420947, 26.886484998142514],
                        [86.27110226399701, 26.882460896650574],
                        [86.2680873785161, 26.878070104981923],
                        [86.25669942403321, 26.87252757883313],
                        [86.24988648569902, 26.867491339407902],
                        [86.24674904045808, 26.863771922774816],
                        [86.24068414712139, 26.86656900946677],
                        [86.22732839934966, 26.8806104813646],
                        [86.21882623541792, 26.881766356452243],
                        [86.20767294902427, 26.887254993106836],
                        [86.19968630124835, 26.890330583805756],
                        [86.19443984447754, 26.89399892029908],
                        [86.18729839296562, 26.89446581674343],
                        [86.18461348875918, 26.900468118021305],
                        [86.1790156781024, 26.899571474116225],
                        [86.17382467174865, 26.908104197467665],
                        [86.1690661182075, 26.91044547092615],
                        [86.16839782647985, 26.913539500586182],
                        [86.160652759469, 26.914317297277947],
                        [86.15580779376464, 26.918898122543812],
                        [86.15765542021576, 26.92207487673365],
                        [86.15615314688674, 26.92644552865954],
                        [86.16307028593867, 26.924428888377395],
                        [86.17095897873217, 26.919890487526978],
                        [86.17841562156923, 26.914410473809948],
                        [86.18674033172032, 26.90641013447467],
                        [86.19182896607313, 26.90412204913667],
                        [86.19984988834173, 26.905460632631208],
                        [86.20357395797076, 26.900005427503494],
                        [86.21578275832321, 26.89617016432756],
                        [86.21621327592914, 26.892769908254856],
                        [86.22088132203116, 26.888431870472086],
                        [86.22384184170733, 26.8927285451548],
                        [86.22199700770052, 26.899083705201633],
                        [86.22440671152633, 26.9039211347622],
                        [86.23599502261855, 26.90328483023713],
                        [86.2418437080555, 26.905586293581564],
                        [86.24613025485124, 26.915040976829964],
                        [86.25228509055687, 26.911497333601243],
                        [86.25634343115502, 26.911678950735997],
                        [86.25913600730676, 26.914378762720993],
                        [86.25956784863196, 26.919067546787602],
                        [86.25733909942063, 26.920926406588976],
                        [86.25686608684771, 26.92718091232239],
                        [86.255126199133, 26.93250591339519],
                        [86.25075614124482, 26.935540133440362],
                        [86.24073415938025, 26.94031528860045],
                        [86.23246864523833, 26.95044462933215],
                        [86.22859842834984, 26.949159924375156],
                        [86.21889916211522, 26.95648267339298],
                        [86.21616487401333, 26.960276293290754],
                        [86.20924996626036, 26.966018479795974],
                        [86.19908570618142, 26.97013087860022],
                        [86.1923202940342, 26.975187189931805],
                        [86.19115168481423, 26.97858755866577],
                        [86.17627189514636, 26.986597219438448],
                        [86.1634327788485, 26.991573557538796],
                        [86.15379517725296, 26.993909995725897],
                        [86.14727152198871, 26.997221340619028],
                        [86.1402624576326, 26.999232041414402],
                        [86.13656094937048, 27.001795126390572],
                        [86.1259819729524, 27.00686305901684],
                        [86.09961351124291, 27.017306180414348],
                        [86.0865926138117, 27.019124418511677],
                        [86.07983970276518, 27.018313309264265],
                        [86.06885050085815, 27.019100736648806],
                        [86.05565993659738, 27.018126154925127],
                        [86.03022421212094, 27.020721734358112],
                        [86.0214929503248, 27.019271461407225],
                        [86.01518763261168, 27.020091654750424],
                        [86.01234778757399, 27.018616484340953],
                        [86.00512740990204, 27.021974876385503],
                        [86.00081399368682, 27.02115912339448],
                        [85.99820198107368, 27.023094532681625],
                        [85.9915510662469, 27.024773081555033],
                        [85.98690558137216, 27.029103432678493],
                        [85.98575146185354, 27.032978133426035],
                        [85.97746361044447, 27.04165441354528],
                        [85.96969367764606, 27.05382889330933],
                        [85.96957397701381, 27.060964575484604],
                        [85.96601806323065, 27.06697167147173],
                        [85.96521864563596, 27.073784183208062],
                        [85.96167598533573, 27.076639307128637],
                        [85.96207087392547, 27.07939488408796],
                        [85.95548675891288, 27.084169911000323],
                        [85.95010609630098, 27.083854595522684],
                        [85.94796190959022, 27.088147992843638],
                        [85.94401284400918, 27.092005834255207],
                        [85.93690314828956, 27.10661773449129],
                        [85.93578146846667, 27.11012671756349],
                        [85.93801224555017, 27.121361578252014],
                        [85.92985323106588, 27.12527959112864],
                        [85.91380286465748, 27.12977254152934],
                        [85.9089380033666, 27.132620518939422],
                        [85.89795296824907, 27.13731791413917],
                        [85.89075845337935, 27.141250192510093],
                        [85.88721433481085, 27.14512085149773],
                        [85.88277714102948, 27.14633098087337],
                        [85.88077996388155, 27.143476823267022],
                        [85.87463322898758, 27.139621494261647],
                        [85.86186354608387, 27.12734642004945],
                        [85.85790188412396, 27.132857677129575],
                        [85.85469734058223, 27.13407020273616],
                        [85.85355328510806, 27.13785353597761],
                        [85.84542322442712, 27.14086206794383],
                        [85.8382281494632, 27.144687854908035],
                        [85.83446573098713, 27.149297570892784],
                        [85.8396392942143, 27.152519313709313],
                        [85.84336983183418, 27.159957159282357],
                        [85.83057160812075, 27.167100119300404],
                        [85.82522028372124, 27.16835722784682],
                        [85.81991164303872, 27.163714608329016],
                        [85.81408477956292, 27.161009997705644],
                        [85.8091343559318, 27.161554676201728],
                        [85.79837508077743, 27.16731760654284],
                        [85.79308812168362, 27.168686831428758],
                        [85.78848000025296, 27.173407585870514],
                        [85.77373276923838, 27.17829477389474],
                        [85.76830552068355, 27.182315013095838],
                        [85.76302614946638, 27.182446785548432],
                        [85.75897182282033, 27.184599400474298],
                        [85.7486778203689, 27.186599358526443],
                        [85.74743207294635, 27.18827806468266],
                        [85.7415677876433, 27.187948054985135],
                        [85.73765481099038, 27.190405832386467],
                        [85.7331961425814, 27.19065435874809],
                        [85.72540320236827, 27.194811733168812],
                        [85.72216644981039, 27.194344530858107],
                        [85.71770585696979, 27.18815818927901],
                        [85.70489254795011, 27.184899944403952],
                        [85.69824246062743, 27.185988983984068],
                        [85.69477502154321, 27.184023285338256],
                        [85.69001215832348, 27.17769107663447],
                        [85.68587373135206, 27.176379996632484],
                        [85.68160094406834, 27.169278363392703],
                        [85.67741710325089, 27.167115983933478],
                        [85.67096046731362, 27.16639393722261],
                        [85.66547672679737, 27.161685321722352],
                        [85.66232844713737, 27.156094137236554],
                        [85.65594880890465, 27.155004374484694],
                        [85.6504083822615, 27.150549610656828],
                        [85.64781682880975, 27.145588380021536],
                        [85.64162146800014, 27.142076710668007],
                        [85.63334169822394, 27.141278951830706],
                        [85.62820808022515, 27.137373271539524],
                        [85.62268780086575, 27.14060626650078],
                        [85.61863940742154, 27.14002281203497],
                        [85.61266803267068, 27.141649191389096],
                        [85.60446296655624, 27.139661477294265],
                        [85.60025437483276, 27.14346388131027],
                        [85.59456899694561, 27.140564541860947],
                        [85.5889445005822, 27.14285655535994],
                        [85.57846393022868, 27.143384768212332],
                        [85.57083956641407, 27.137044573270565],
                        [85.56890012433264, 27.143352982291326],
                        [85.55756727959684, 27.1444281324572],
                        [85.55451057218015, 27.14665725828992],
                        [85.54965017083262, 27.14564376534169],
                        [85.54922661014032, 27.14227118151046],
                        [85.53742490316323, 27.148533176999802],
                        [85.53285243268542, 27.146026383154588],
                        [85.53223608934417, 27.1425096218478],
                        [85.52797800751934, 27.140330867340857],
                        [85.521111713798, 27.140788835314712],
                        [85.51584568024018, 27.142587649823348],
                        [85.50091968656386, 27.14347581817208],
                        [85.49558757553248, 27.146469399886865],
                        [85.49110688019141, 27.15401384421844],
                        [85.49201224342575, 27.160702204517907],
                        [85.49550854433534, 27.163162358004524],
                        [85.50256606830368, 27.162482038899473],
                        [85.50362392972552, 27.165378737425762],
                        [85.49955102737334, 27.168358279580364],
                        [85.50302270994942, 27.173577376425108],
                        [85.50082595381589, 27.175706087690234],
                        [85.49506819395597, 27.173603239203693],
                        [85.49393923410663, 27.169847739552257],
                        [85.48608550907935, 27.164340844960723],
                        [85.47246154385101, 27.161777340147854],
                        [85.46737494446576, 27.16558910454291],
                        [85.45709734965305, 27.166070762956775],
                        [85.45280755288493, 27.16835323826491],
                        [85.45326567748728, 27.177340887068414],
                        [85.44936668824363, 27.180383989569158],
                        [85.44798661097339, 27.186712780636103],
                        [85.43598030251493, 27.18741157762189],
                        [85.43384402447585, 27.19016548552361],
                        [85.42417636569921, 27.192881018478467],
                        [85.41816327893878, 27.190058791911888],
                        [85.4091630067397, 27.196926594311734],
                        [85.39870795012831, 27.1966974380654],
                        [85.39634572065087, 27.19861604115469],
                        [85.39715476734956, 27.206134075492695],
                        [85.39304890699812, 27.21034863259423],
                        [85.3837207590079, 27.20747891852181],
                        [85.37647624210057, 27.21202620418236],
                        [85.37269884484238, 27.20997644818498],
                        [85.36926050785081, 27.211911905612197],
                        [85.3624412013372, 27.21270259553622],
                        [85.35922384836205, 27.211030440564667],
                        [85.35360673848074, 27.215714305603957],
                        [85.34761145550125, 27.222199565493067],
                        [85.33888903451283, 27.219544404045383],
                        [85.33269877848515, 27.2229401236603],
                        [85.3156938530905, 27.227825030204723],
                        [85.31219682000632, 27.230479360914085],
                        [85.30727838007854, 27.231763976230607],
                        [85.30392211251556, 27.229855089150735],
                        [85.29291062462347, 27.232849451409237],
                        [85.28776865582704, 27.23096784497413],
                        [85.28051467005879, 27.231147207237218],
                        [85.27942042663403, 27.228702653773563],
                        [85.27368991367175, 27.229569231690366],
                        [85.2672596456997, 27.22620960990817],
                        [85.26070643067085, 27.226911686696344],
                        [85.25687073486134, 27.230598795177098],
                        [85.25797751365671, 27.234139938471515],
                        [85.25415595516918, 27.237152293031887],
                        [85.24892207744658, 27.24633170348],
                        [85.24284964295, 27.248621586384093],
                        [85.23883754791052, 27.248526277590614],
                        [85.2316807256127, 27.243323681538424],
                        [85.22459699055622, 27.24542306451504],
                        [85.22024072266696, 27.24390887500944],
                        [85.21507927989724, 27.246740101237744],
                        [85.20905942103198, 27.245147515904357],
                        [85.20662255190345, 27.248272947616638],
                        [85.20233726405345, 27.250180143572024],
                        [85.19695888225371, 27.245549276842475],
                        [85.1927850697612, 27.24501863018617],
                        [85.18203112792675, 27.24726668883767],
                        [85.17723758715123, 27.249608338795518],
                        [85.1753181925955, 27.25361101322813],
                        [85.16999317001927, 27.255377078422306],
                        [85.16818344207746, 27.259760034866577],
                        [85.16132504939364, 27.262025843059558],
                        [85.15587795415114, 27.262064186724157],
                        [85.15167768265678, 27.26568154523813],
                        [85.15119900431004, 27.268289055570584],
                        [85.14544605141457, 27.27244696510708],
                        [85.14466643650246, 27.28291271002933],
                        [85.13864078081232, 27.286490541469778],
                        [85.13734220329383, 27.28940250996944],
                        [85.13207078360196, 27.291954134193265],
                        [85.12652050355005, 27.292553925282593],
                        [85.12700343917976, 27.2955507299265],
                        [85.12495833472428, 27.301548224602147],
                        [85.12116295578711, 27.301781764524037],
                        [85.11894096800773, 27.30919969387925],
                        [85.11890336587592, 27.31432136280493],
                        [85.11667858596479, 27.317840699704345],
                        [85.10565033006971, 27.319027098236383],
                        [85.10311426384904, 27.32323905631239],
                        [85.0947837352985, 27.332399102560835],
                        [85.09179080833864, 27.34187802129974],
                        [85.0929805726426, 27.34855138532796],
                        [85.09122313906536, 27.356517959049732],
                        [85.0869446134409, 27.360853813778498],
                        [85.07704099217624, 27.363455168069763],
                        [85.07041022535688, 27.36430260709778],
                        [85.0664886896323, 27.360846849372646],
                        [85.06067201617881, 27.361078419859254],
                        [85.0566455784609, 27.365607698579954],
                        [85.04466418303365, 27.361553360067127],
                        [85.03550110599038, 27.357366517386485],
                        [85.03105137939404, 27.360506164859068],
                        [85.02138772578951, 27.357120743654008],
                        [85.02198578044589, 27.35372986749859],
                        [85.01588745978027, 27.35379694721708],
                        [85.01308723480606, 27.355331139107054],
                        [85.0043391305275, 27.352842653437705],
                        [85.00080147650284, 27.3556995283332],
                        [84.9991072485394, 27.36534545320618],
                        [84.99434481906533, 27.36524188338333],
                        [84.98761097052665, 27.361612156930505],
                        [84.98007497030476, 27.361475732106],
                        [84.9754828091384, 27.35628480530862],
                        [84.97222307731909, 27.35511179376241],
                        [84.9654654001115, 27.35849562942271],
                        [84.96478383313939, 27.36302165298371],
                        [84.95760929517877, 27.359375358956108],
                        [84.95426553136022, 27.366297749935388],
                        [84.95167379769343, 27.366935899171953],
                        [84.94904343553478, 27.362017231815784],
                        [84.94086549343092, 27.36313074729161],
                        [84.94076782784774, 27.365708016062896],
                        [84.93575772513158, 27.366432055671876],
                        [84.92601143418136, 27.364234153339297],
                        [84.92129411118931, 27.370727059811507],
                        [84.91403427831791, 27.372739947454296],
                        [84.90885368912784, 27.376945487055572],
                        [84.90234403593561, 27.37462771210476],
                        [84.89853716577731, 27.3775018920707],
                        [84.89716907437669, 27.384610922805543],
                        [84.88830858983383, 27.389164246592003],
                        [84.88254463123089, 27.38776133852824],
                        [84.8784125652964, 27.393191037240484],
                        [84.87865128658491, 27.396045848632745],
                        [84.87169677075433, 27.399027093040885],
                        [84.86799254330856, 27.39745504712069],
                        [84.85155900387548, 27.39868222875096],
                        [84.85116863909614, 27.40372952216156],
                        [84.84401447738101, 27.411958483251166],
                        [84.84099806711313, 27.411832319802144],
                        [84.83358761491326, 27.417670800854278],
                        [84.83007479764429, 27.41617781419855],
                        [84.82550133281698, 27.41951712894789],
                        [84.81536343758053, 27.41893157631733],
                        [84.81039240633434, 27.41593713772256],
                        [84.80850893383433, 27.42367110260352],
                        [84.79730635535437, 27.432688302560106],
                        [84.79743691843098, 27.434849048842448],
                        [84.79082692293336, 27.437682124249342],
                        [84.78452286888951, 27.435290109144418],
                        [84.7745423091933, 27.438585838928965],
                        [84.76851182555667, 27.43713461944243],
                        [84.75778911501052, 27.437389669643476],
                        [84.7553686582683, 27.43565422287292],
                        [84.74900821208033, 27.43751607828685],
                        [84.74320495116905, 27.441998707831296],
                        [84.73950728551173, 27.440411912896558],
                        [84.73389414317955, 27.443988439482116],
                        [84.72595611964834, 27.444609878888716],
                        [84.71901556724409, 27.434091141604767],
                        [84.70977946623287, 27.431618274266313],
                        [84.69048912790156, 27.432452946255616],
                        [84.68390191862973, 27.430393897520368],
                        [84.67058783555396, 27.42900780389871],
                        [84.66285503588963, 27.429590812619743],
                        [84.66161837963367, 27.432960804401286],
                        [84.65640988835503, 27.43263118687095],
                        [84.65249064215794, 27.430404571861068],
                        [84.64654463763674, 27.429340257995673],
                        [84.64354295939273, 27.436172597656906],
                        [84.64294677858659, 27.44270494227067],
                        [84.63501679598598, 27.444379350376703],
                        [84.62799215767458, 27.450782851636347],
                        [84.60912331721258, 27.4521978548545],
                        [84.60671034506674, 27.454248070315014],
                        [84.60014789307665, 27.451593825784006],
                        [84.59545245552829, 27.454522299617036],
                        [84.59093758143538, 27.453176471499198],
                        [84.58332765474489, 27.456130396692448],
                        [84.58084864918558, 27.454130410204293],
                        [84.57591112116936, 27.453909474722828],
                        [84.57306590051073, 27.45870000017977],
                        [84.56771532378939, 27.460463755551658],
                        [84.56515129719435, 27.46308472953697],
                        [84.56071614714615, 27.462497959981626],
                        [84.55756252527256, 27.458329718517106],
                        [84.55808754463033, 27.453968430015653],
                        [84.55577760598338, 27.441453136497408],
                        [84.55119142695617, 27.437130323572724],
                        [84.55072926721023, 27.432662402488063],
                        [84.54770060230514, 27.426686138609448],
                        [84.54793106537012, 27.417761627020244],
                        [84.53957708734202, 27.418902013781533],
                        [84.53399870787017, 27.412448001318225],
                        [84.54484519686957, 27.40991727809089],
                        [84.54677198767621, 27.40459840960018],
                        [84.54332728086904, 27.403382212505146],
                        [84.53570622960973, 27.403341716774555],
                        [84.53441738029836, 27.398177470399578],
                        [84.53575365354952, 27.391414721285713],
                        [84.53935425320911, 27.38758543465526],
                        [84.53894397820562, 27.385337503848785],
                        [84.53237419034203, 27.383925460756643],
                        [84.53033676910471, 27.380977441192712],
                        [84.51975610948728, 27.38401362494566],
                        [84.50396488699757, 27.38110225508269],
                        [84.50160491757697, 27.376516937697705],
                        [84.4954398556171, 27.376660763392792],
                        [84.49184147906534, 27.372528637568795],
                        [84.48781322239445, 27.371464229731814],
                        [84.48377317891149, 27.366065396991303],
                        [84.48577400442912, 27.35851329192377],
                        [84.50361703137628, 27.354654987156003],
                        [84.5106379172732, 27.354455743185703],
                        [84.51803072435845, 27.352605401721743],
                        [84.52069010198394, 27.353646976619718],
                        [84.53348729048058, 27.350108124267848],
                        [84.53818303677932, 27.350439858495935],
                        [84.54758851620696, 27.348604986320225],
                        [84.55338286403855, 27.349085350102666],
                        [84.56492061774485, 27.3475206134164],
                        [84.58637046679114, 27.341290579774892],
                        [84.5934003022194, 27.3404914519786],
                        [84.60419325904233, 27.336859950995297],
                        [84.60858293799814, 27.336362566549756],
                        [84.61871013027641, 27.33778916650348],
                        [84.62265584242986, 27.335504059433248],
                        [84.6320072942497, 27.323086256106123],
                        [84.64290457180363, 27.306188752154505],
                        [84.6528754747464, 27.289064566927447],
                        [84.67637641919501, 27.246511739732572],
                        [84.68315992461852, 27.232807820539108],
                        [84.68512442048743, 27.226426358769697],
                        [84.68945190837556, 27.223471942102563],
                        [84.68755470481072, 27.215067409720785],
                        [84.68451840501211, 27.212661261718075],
                        [84.6871721889974, 27.209074250140887],
                        [84.68052529601178, 27.2009184934929],
                        [84.68341655421956, 27.19710250407671],
                        [84.68126430259304, 27.183437374591936],
                        [84.68221029808645, 27.177487293485804],
                        [84.67535426212038, 27.17150958946425],
                        [84.68032512319327, 27.16750990087006],
                        [84.67663288879629, 27.163075985655162],
                        [84.68140708511618, 27.159262277267672],
                        [84.68632443715444, 27.159224798207994],
                        [84.68060491836448, 27.15114104983686],
                        [84.6834615683399, 27.143604516510646],
                        [84.68131149001962, 27.139862689573725],
                        [84.67772148587767, 27.129536924950916],
                        [84.6787942621517, 27.12740850659229],
                        [84.6754952779188, 27.123446492630666],
                        [84.67687526272398, 27.11516806311508],
                        [84.67233738910684, 27.11382923385616],
                        [84.66979473146543, 27.110382375290833],
                        [84.67531130985223, 27.10140726238205],
                        [84.67330249775246, 27.095920404744923],
                        [84.67006056855955, 27.098169715440935],
                        [84.66747175335858, 27.09355870758824],
                        [84.6661085511861, 27.087709956529306],
                        [84.65542859172477, 27.084323709314052],
                        [84.65648561806162, 27.07915843650316],
                        [84.64704968139307, 27.075813080819312],
                        [84.6429867839172, 27.06008441336666],
                        [84.64622128235162, 27.051344180127725],
                        [84.64303889978046, 27.050882669924427],
                        [84.64273303011717, 27.046400625264656],
                        [84.67980260875258, 27.032212045593752],
                        [84.70132012497828, 27.026993543977763],
                        [84.70948365856812, 27.021435794178274],
                        [84.71394263158143, 27.0214674873286],
                        [84.72330136789623, 27.01366226933001],
                        [84.72899471552539, 27.01491674991271],
                        [84.73295484285164, 27.013736418654467],
                        [84.75664549974866, 27.002821208291618],
                        [84.76073621879473, 27.005520345939317],
                        [84.76459462217287, 27.01294318865465],
                        [84.77324319910765, 27.01766590854865],
                        [84.782526171208, 27.01412631102459],
                        [84.78398722474918, 27.008123055378487],
                        [84.78872846339087, 27.008622336895684],
                        [84.78619062742966, 26.99850100675324],
                        [84.79370187751319, 26.99589785935711],
                        [84.79464837616295, 26.999044657543227],
                        [84.79895746819548, 27.003487771223668],
                        [84.8054468702631, 27.006219446109693],
                        [84.80759003374409, 27.0119518473123],
                        [84.81663578731784, 27.020776149208427],
                        [84.82249956664003, 27.021290323816118],
                        [84.82961041549395, 27.019486412380957],
                        [84.83834662386835, 27.014041974339044],
                        [84.85458266478771, 27.008195256921542],
                        [84.8511031656683, 27.003006473513715],
                        [84.85304969684171, 26.99808262881446],
                        [84.85745043289026, 26.997877655549342],
                        [84.85874902590871, 26.98794862005395],
                        [84.86465401109717, 26.984173862729634],
                        [84.87799165447136, 26.9798245912401],
                        [84.88854081260702, 26.977443473992015],
                        [84.8919633416717, 26.972263925762675],
                        [84.89646086508459, 26.97265733913016],
                        [84.90155924355795, 26.970230824200016],
                        [84.9098295751567, 26.96795297378204],
                        [84.91713196699202, 26.968943630022725],
                        [84.9239195392869, 26.96754092697763],
                        [84.92917332445427, 26.96865941357395],
                        [84.93339353623163, 26.967787685659207],
                        [84.95297005712222, 26.959795712183578],
                        [84.9567226011157, 26.961013540606306],
                        [84.96253410066619, 26.960279013608858],
                        [84.96700172983786, 26.955731364374248],
                        [84.97815945028064, 26.94026635310888],
                        [84.97809617343546, 26.93585118095877],
                        [84.97610220325484, 26.931952556514428],
                        [84.97005955967352, 26.928959471782633],
                        [84.9692985531964, 26.92495750162204],
                        [84.97157038280562, 26.915571369511827],
                        [84.99940341256008, 26.91215506450947],
                        [85.00164041672768, 26.909815245119052],
                        [85.00026151930646, 26.904500129861887],
                        [84.9964654776824, 26.90647864276633],
                        [84.99260792639049, 26.90323193001053],
                        [85.00520644272306, 26.89465458171091],
                        [85.01745073126978, 26.893436514632864],
                        [85.02241423763029, 26.891742246673868],
                        [85.02885863692732, 26.891878215081334],
                        [85.04337681662177, 26.890560131314224],
                        [85.05803780707205, 26.885299960631638],
                        [85.05570706297274, 26.881702803499387],
                        [85.045271747729, 26.878608031234],
                        [85.04198375026048, 26.87516890749372],
                        [85.02882130064384, 26.874832095935254],
                        [85.0264943391384, 26.86650066954558],
                        [85.02864607768076, 26.85928740543805],
                        [85.0220482576865, 26.856228318058196],
                        [85.02835653430162, 26.854043551267516],
                        [85.0433719976974, 26.850977817724488],
                        [85.05730270289871, 26.849146019526117],
                        [85.05663421212716, 26.85301379275945],
                        [85.06634179114256, 26.853965304601925],
                        [85.0743156393792, 26.85598750651176],
                        [85.0844437651195, 26.85497832469489],
                        [85.08930708434497, 26.860044643737936],
                        [85.0855850446193, 26.86451593754097],
                        [85.08900859622719, 26.867564912231202],
                        [85.09598243892162, 26.867037198303002],
                        [85.09938615935077, 26.871054024176345],
                        [85.11069479149997, 26.871337872810276],
                        [85.11103691212239, 26.872433968564614],
                        [85.12360109589044, 26.87131702375668],
                        [85.13502972684785, 26.867816521000666],
                        [85.13990326851301, 26.871121121199483],
                        [85.15361903783527, 26.87060820529791],
                        [85.1679267008705, 26.8684668171742],
                        [85.18975598570854, 26.870069472580806],
                        [85.1924756361915, 26.866709564219494],
                        [85.19272549155652, 26.8629462757113],
                        [85.19058484866628, 26.847105203279455],
                        [85.19262081319845, 26.838805406650103],
                        [85.19106492328545, 26.831205926897862],
                        [85.18475868484414, 26.822265424211945],
                        [85.1768929273134, 26.815124613012266],
                        [85.17664344688669, 26.809655216643748],
                        [85.18232519381527, 26.800831025877926],
                        [85.17931345776566, 26.798074157600617],
                        [85.18227557658628, 26.79465157133546],
                        [85.1858765848829, 26.795566798828187],
                        [85.18649541117328, 26.790888909749512],
                        [85.19196161916452, 26.791429638993026],
                        [85.19464750754013, 26.785746060614425],
                        [85.19153811618338, 26.782110329179044],
                        [85.1974003525296, 26.76951603750638],
                        [85.20039016148255, 26.768852269236167],
                        [85.20578641518537, 26.761493881938815],
                        [85.21166715494176, 26.757876547677085],
                        [85.23428146483633, 26.762582005246717],
                        [85.24766187879769, 26.760359796759538],
                        [85.26018884004111, 26.755204020888947],
                        [85.27925687417597, 26.753410992720518],
                        [85.305424842319, 26.75208941672157],
                        [85.31923590801063, 26.74888180385967],
                        [85.32199093416104, 26.745248544541557],
                        [85.3250337889609, 26.74505317512367],
                        [85.33420253499513, 26.74145651776435],
                        [85.35489893922208, 26.7599641055441],
                        [85.36148951047872, 26.763077627635358],
                        [85.36518610114332, 26.759407388312585],
                        [85.37098873098012, 26.758629365186927],
                        [85.37695643598167, 26.76227614308614],
                        [85.38411250143085, 26.77414384159903],
                        [85.39198107012666, 26.77530986973894],
                        [85.39765925972473, 26.778482497729218],
                        [85.40265620171816, 26.782861944101256],
                        [85.40759581795571, 26.791217103279553],
                        [85.41769513560837, 26.79036959722595],
                        [85.42421937038667, 26.786040024376913],
                        [85.42889419049627, 26.786218524596052],
                        [85.4324642048659, 26.790099116310152],
                        [85.45151457233138, 26.781503316291356],
                        [85.45353893150882, 26.78147129090679],
                        [85.46375413848983, 26.788287798218104],
                        [85.47355381389316, 26.790140048886414],
                        [85.47782163795266, 26.79275326511933],
                        [85.47903559901322, 26.80198384848579],
                        [85.48026424514285, 26.802259780739636],
                        [85.49547054225101, 26.797242603106376],
                        [85.49679413801859, 26.79934256534381],
                        [85.49767307567244, 26.8117971081964],
                        [85.50737363751423, 26.816790642952583],
                        [85.51968607274543, 26.814395435389894],
                        [85.54230987324385, 26.837527527915363],
                        [85.55328631425391, 26.834298934843005],
                        [85.55752136810561, 26.843998338777077],
                        [85.56558762443275, 26.840933119517953],
                        [85.57194214449748, 26.85691875646411],
                        [85.575211191581, 26.86103313610172],
                        [85.58238248709185, 26.858743083718352],
                        [85.58786253872556, 26.84880555140389],
                        [85.60729873720831, 26.85786495641157],
                        [85.62334992874227, 26.873564719776923],
                        [85.6342854603015, 26.872211086927646],
                        [85.64224356635386, 26.853216519197755],
                        [85.67928566287597, 26.843676235991566],
                        [85.69312761640575, 26.836912190803965],
                        [85.70415958152584, 26.832183168932623],
                        [85.7211221782878, 26.820034400371874],
                        [85.72858870261577, 26.80810763798448],
                        [85.72843889511176, 26.802797415400427],
                        [85.7343168345839, 26.795853500656865],
                        [85.73497305027094, 26.778536034143364],
                        [85.73247321624875, 26.765479451318853],
                        [85.72862086292831, 26.74971445839841],
                        [85.73394917551084, 26.737332511428104],
                        [85.72942802969933, 26.733788122262204],
                        [85.7313062888479, 26.730596559399146],
                        [85.72580133854848, 26.720863445175315],
                        [85.7277610801143, 26.71795242198588],
                        [85.72607838027706, 26.711182113110755],
                        [85.7262985093316, 26.706608393471377],
                        [85.7243715206342, 26.703213471009914],
                        [85.7250867027144, 26.69301262874676],
                        [85.72333991515315, 26.687812118804345],
                        [85.72513393699357, 26.684536311678343],
                        [85.72526177531971, 26.670530606194077],
                        [85.72980721973578, 26.66570010686723],
                        [85.73552104384305, 26.66228087839434],
                        [85.73482186004793, 26.657511722069373],
                        [85.73210753847108, 26.654001546243457],
                        [85.7376231837778, 26.64841900513594],
                        [85.74899665004445, 26.638630305831303],
                        [85.75957150578903, 26.63621394536412],
                        [85.7691772574838, 26.62992116051456],
                        [85.78179745690184, 26.628136780304658],
                        [85.78886788605031, 26.62620488125912],
                        [85.80128011621, 26.62426351146362],
                        [85.80321293448138, 26.614911613930893],
                        [85.81739664782096, 26.60273773287486],
                        [85.83028317602886, 26.601587489860247],
                        [85.83108805444317, 26.61128952836839],
                        [85.85087902786086, 26.608503920956984],
                        [85.85764347287406, 26.589835295052712],
                        [85.84821710140649, 26.57685302329883],
                        [85.8489637955593, 26.56889641971031],
                        [85.85673740161683, 26.572027652210974],
                        [85.85999626525337, 26.57020130535438],
                        [85.8684282457186, 26.57522125774069],
                        [85.87969446735919, 26.583889002890583],
                        [85.88534357592438, 26.582299737945426],
                        [85.8882166207388, 26.586106141430545],
                        [85.89213655060314, 26.59482138183661],
                        [85.89588302223598, 26.593681733296894],
                        [85.90032972954093, 26.594866892089776],
                        [85.90015820860437, 26.599874700634597],
                        [85.90623271267692, 26.603558793296823],
                        [85.91237727127255, 26.604217340155024],
                        [85.91516506761253, 26.60846932823008],
                        [85.9262822373194, 26.61161549198422],
                        [85.93053508822585, 26.616009179653556],
                        [85.93262249451749, 26.613499934966413],
                        [85.93792343238712, 26.61619316445233],
                        [85.94546920734737, 26.61276090564805],
                        [85.94759827743445, 26.616971261270063],
                        [85.94603189335822, 26.621170116856753],
                        [85.9513098896991, 26.62421687807527],
                        [85.95546570698149, 26.63084061890576],
                        [85.95233272717381, 26.637417426387756],
                        [85.95323622878308, 26.64358402665187],
                        [85.95650986877132, 26.649276083931607],
                        [85.96427653180172, 26.652652045890747],
                        [85.96751112574587, 26.651921915138445],
                        [85.97287767649632, 26.654767757592225],
                        [85.97592608161656, 26.658199134131934],
                        [85.99969504628292, 26.654889080880174],
                        [86.00575610042098, 26.656269688775293],
                        [86.00970288530496, 26.65389865105047],
                        [86.01354105539045, 26.66052532445532],
                        [86.01862812984058, 26.661099798351685],
                        [86.02688593327825, 26.666659953010864],
                        [86.05275975271411, 26.660261895476868],
                        [86.06787089402437, 26.657854928874304],
                        [86.0698030980074, 26.65695147818351],
                        [86.07336252822152, 26.65014682305561],
                        [86.07742142153339, 26.64788521579672],
                        [86.10062437357355, 26.637063185983102],
                        [86.11927096549616, 26.630015624565186],
                        [86.13857772450741, 26.6287461302405],
                        [86.14082099100966, 26.617161494109766],
                        [86.13938368794686, 26.616672200133674],
                        [86.13591929423221, 26.60652415288466],
                        [86.14206264551474, 26.60522781004776],
                        [86.14565979071378, 26.60867925723244],
                        [86.15495455187612, 26.609919433999142],
                        [86.16076581758902, 26.614665307248288],
                        [86.16757512376998, 26.614321704764667],
                        [86.17143856033388, 26.617108464779328],
                        [86.18235952221981, 26.613680890990533],
                        [86.18647445766038, 26.614986097950823],
                        [86.19486987372566, 26.608582614748645],
                        [86.19647050779575, 26.601388958161433],
                        [86.19659541236288, 26.59334753809747],
                        [86.20560261109189, 26.59638342838401],
                        [86.2073659435641, 26.593419217882154],
                        [86.21716896150843, 26.588416637407487],
                        [86.22362530659446, 26.591326807764094],
                        [86.23419013434533, 26.59343068070005],
                        [86.23757970467346, 26.601639960108127],
                        [86.24007896552881, 26.603429159044957],
                        [86.25098485441357, 26.61515307452863],
                        [86.25315820411264, 26.61477864491776],
                        [86.27551473521804, 26.617317747821247],
                        [86.29275882511946, 26.613243466167148],
                        [86.3077439772873, 26.619973887627836],
                        [86.32926437222281, 26.619438371782834],
                        [86.34241433599749, 26.61701081275908],
                        [86.34293189588631, 26.613980399418637],
                        [86.3389048535246, 26.608415252279784],
                        [86.34079484639445, 26.605995996433553],
                        [86.35574993386258, 26.60433146521074],
                        [86.39587687883711, 26.593497797535072],
                        [86.39710888576337, 26.59153530329853],
                        [86.39486019220215, 26.585114949322776],
                        [86.43032677455473, 26.572922381190235],
                        [86.4553746816192, 26.568082991091003],
                        [86.47377884807572, 26.556587253373166],
                        [86.49244358458603, 26.546044499049128],
                        [86.49718467392084, 26.542295095823544],
                        [86.51560553271864, 26.539192813882163],
                        [86.52164696605927, 26.543473671813235],
                        [86.5280527717646, 26.54282927830659],
                        [86.53131439293153, 26.54073470500752],
                        [86.5417235883281, 26.538462336617886],
                        [86.54779538699924, 26.53148623784093],
                        [86.55050325120392, 26.530179212210715],
                        [86.55158175303158, 26.523629488561674],
                        [86.55431501013703, 26.52420442446838],
                        [86.55505304277497, 26.515369893728437],
                        [86.5612604857769, 26.509600941962365],
                        [86.56451254099046, 26.50199034959059],
                        [86.57015273945785, 26.496469741123953],
                        [86.58053350883901, 26.49389871013309],
                        [86.58849561079107, 26.493398331516506],
                        [86.61842355810913, 26.483599772126944],
                        [86.62574504125617, 26.480861514113897],
                        [86.62915448362904, 26.477530613828883],
                        [86.62601944073718, 26.469482070715035],
                        [86.63949450780166, 26.463466706860896],
                        [86.65782454370793, 26.45868706906699],
                        [86.69016532530655, 26.450889691698233],
                        [86.69595455487242, 26.448855346585155],
                        [86.69570450242381, 26.44421061980117],
                        [86.6984312418441, 26.442765419466298],
                        [86.70020700755147, 26.43719293396979],
                        [86.72002342283254, 26.43485911231901],
                        [86.7249529735303, 26.426153517516372],
                        [86.72828665562646, 26.426622472626672],
                        [86.73246335107827, 26.424301497940185],
                        [86.74061859941189, 26.424542184045897],
                        [86.74633746976995, 26.430893670475587],
                        [86.7491461441751, 26.440525508556924],
                        [86.75294636878708, 26.441998947770852],
                        [86.75264052281844, 26.445374399166933],
                        [86.76013317777083, 26.44810192079371],
                        [86.76242683615457, 26.45583478866117],
                        [86.76616946187502, 26.459289117838093],
                        [86.77060053664435, 26.458195041348866],
                        [86.79243400698057, 26.450011951939313],
                        [86.80434048096271, 26.446309733526764],
                        [86.83331288088284, 26.439010131366437],
                        [86.83912338908428, 26.44133884540928],
                        [86.84279256211103, 26.440243943626353],
                        [86.84542295447184, 26.44386648791507],
                        [86.84579755940149, 26.448219991659773],
                        [86.85593111426712, 26.44847433772496],
                        [86.86013302284509, 26.456279734898448],
                        [86.86426158368762, 26.457581320365676],
                        [86.8663839320502, 26.454818909929724],
                        [86.87343065502874, 26.45422508689329],
                        [86.8836749924989, 26.460899939941264],
                        [86.89393882017822, 26.462219071339334],
                        [86.89446385868386, 26.46868926907985],
                        [86.89002652250545, 26.48176099214018],
                        [86.89307137290368, 26.487644160631486],
                        [86.90397838198669, 26.488276987319693]
                    ]
                ]
            },
            "properties": { "fid": 2, "id": "madhesh", "label": "मधेश प्रदेश" }
        }
    ]
}
